Workbook
Name PT_PREDICTION_EQUIPE_R1: Pool!$O$38
Name PT_PREDICTION_EQUIPE_R2: Pool!$P$38
Name PT_PREDICTION_EQUIPE_R3: Pool!$Q$38
Name PT_PREDICTION_EQUIPE_R4: Pool!$R$38
Name PT_PREDICTION_NB_PARTIES_R1: Pool!$O$39
Name PT_PREDICTION_NB_PARTIES_R2: Pool!$P$39
Name PT_PREDICTION_NB_PARTIES_R3: Pool!$Q$39
Name PT_PREDICTION_NB_PARTIES_R4: Pool!$R$39
Name PT_VICTOIRE_R1: Pool!$O$40
Name PT_VICTOIRE_R2: Pool!$P$40
Name PT_VICTOIRE_R3: Pool!$Q$40
Name PT_VICTOIRE_R4: Pool!$R$40

Sheet Pool
C2: Résultats complets disponibles à l'adresse suivante : | Q2: https://staker4.github.io/pool/chalet.pdf
C3: Bracket : | Q3: https://staker4.github.io/pool/bracket.pdf
C5: RONDE 1 | T5: RONDE 2 | AC5: RONDE 3 | AH5: R4
C6: EST | K6: OUEST | S6: Sous-total - RONDE 1 | T6: EST | X6: OUEST | AB6: Sous-total - RONDE 2 | AC6: EST | AE6: OUEST | AG6: Sous-total - RONDE 3 | AJ6: Sous-total - RONDE 4
C7: =Résultats!$J$3 -> 2 | D7: =Résultats!$J$4 -> 1 | E7: =Résultats!$J$6 -> 1 | F7: =Résultats!$J$7 -> 1 | G7: =Résultats!$J$10 -> 2 | H7: =Résultats!$J$11 -> 1 | I7: =Résultats!$J$13 -> 0 | J7: =Résultats!$J$14 -> 2 | K7: =Résultats!$J$17 -> 1 | L7: =Résultats!$J$18 -> 1 | M7: =Résultats!$J$20 -> 1 | N7: =Résultats!$J$21 -> 2 | O7: =Résultats!$J$24 -> 1 | P7: =Résultats!$J$25 -> 1 | Q7: =Résultats!$J$27 -> 1 | R7: =Résultats!$J$28 -> 2 | T7: =Résultats!$V$6 -> 0 | U7: =Résultats!$V$7 -> 0 | V7: =Résultats!$V$10 -> 0 | W7: =Résultats!$V$11 -> 0 | X7: =Résultats!$V$20 -> 0 | Y7: =Résultats!$V$21 -> 0 | Z7: =Résultats!$V$24 -> 0 | AA7: =Résultats!$V$25 -> 0 | AC7: =Résultats!$AH$8 -> 0 | AD7: =Résultats!$AH$9 -> 0 | AE7: =Résultats!$AH$22 -> 0 | AF7: =Résultats!$AH$23 -> 0 | AH7: =Résultats!$AH$15 -> 0 | AI7: =Résultats!$AH$16 -> 0
C8: =IF(ISBLANK($C11),0,($C$7*PT_VICTOIRE_R1)+IF($C$7=4,PT_PREDICTION_EQUIPE_R1+IF($C11=$C$7+$D$7,PT_PREDICTION_NB_PARTIES_R1,0),0)) +IF(ISBLANK($D11),0,($D$7*PT_VICTOIRE_R1)+IF($D$7=4,PT_PREDICTION_EQUIPE_R1+IF($D11=$C$7+$D$7,PT_PREDICTION_NB_PARTIES_R1,0),0)) -> 0
C9: =Résultats!$B$3 -> BOSTON | D9: =Résultats!$B$4 -> FLORIDA | E9: =Résultats!$B$6 -> TORONTO | F9: =Résultats!$B$7 -> TAMPA BAY | G9: =Résultats!$B$10 -> CAROLINA | H9: =Résultats!$B$11 -> NY ISLANDERS | I9: =Résultats!$B$13 -> NEW JERSEY | J9: =Résultats!$B$14 -> NY RANGERS | K9: =Résultats!$B$17 -> COLORADO | L9: =Résultats!$B$18 -> SEATTLE | M9: =Résultats!$B$20 -> DALLAS | N9: =Résultats!$B$21 -> MINNESOTA | O9: =Résultats!$B$24 -> VEGAS | P9: =Résultats!$B$25 -> WINNIPEG | Q9: =Résultats!$B$27 -> EDMONTON | R9: =Résultats!$B$28 -> LOS ANGELES | T9: =Résultats!$N$6 -> 0 | U9: =Résultats!$N$7 -> 0 | V9: =Résultats!$N$10 -> 0 | W9: =Résultats!$N$11 -> 0 | X9: =Résultats!$N$20 -> 0 | Y9: =Résultats!$N$21 -> 0 | Z9: =Résultats!$N$24 -> 0 | AA9: =Résultats!$N$25 -> 0 | AC9: =Résultats!$Z$8 -> 0 | AD9: =Résultats!$Z$9 -> 0 | AE9: =Résultats!$Z$22 -> 0 | AF9: =Résultats!$Z$23 -> 0 | AH9: =Résultats!$Z$15 -> 0 | AI9: =Résultats!$Z$16 -> 0
A10: # | B10: NOM | C10: =Résultats!$A$3 -> A1 | D10: =Résultats!$A$4 -> WC2 | E10: =Résultats!$A$6 -> A2 | F10: =Résultats!$A$7 -> A3 | G10: =Résultats!$A$10 -> M1 | H10: =Résultats!$A$11 -> WC1 | I10: =Résultats!$A$13 -> M2 | J10: =Résultats!$A$14 -> M3 | K10: =Résultats!$A$17 -> C1 | L10: =Résultats!$A$18 -> WC2 | M10: =Résultats!$A$20 -> C2 | N10: =Résultats!$A$21 -> C3 | O10: =Résultats!$A$24 -> P1 | P10: =Résultats!$A$25 -> WC1 | Q10: =Résultats!$A$27 -> P2 | R10: =Résultats!$A$28 -> P3 | T10: =Résultats!$M$6 -> A2 | U10: =Résultats!$M$7 -> WC2 | V10: =Résultats!$M$10 -> M2 | W10: =Résultats!$M$11 -> WC1 | X10: =Résultats!$M$20 -> P2 | Y10: =Résultats!$M$21 -> WC2 | Z10: =Résultats!$M$24 -> C3 | AA10: =Résultats!$M$25 -> WC1 | AC10: =Résultats!$Y$8 -> A2 | AD10: =Résultats!$Y$9 -> WC1 | AE10: =Résultats!$Y$22 -> P2 | AF10: =Résultats!$Y$23 -> C3 | AH10: =Résultats!$Y$15 -> A2 | AI10: =Résultats!$Y$16 -> C3 | AK10: ÉCART | AL10: TOTAL
A11: =RANK(AL11,$AL$11:$AL$33,) -> 1 | B11: Fred Gaudet | D11: 7 | E11: 6 | G11: 5 | J11: 7 | K11: 6 | M11: 7 | O11: 5 | Q11: 6 | S11: =SUM(C12:R12) -> 0 | AB11: =SUM(T12:AA12) -> 0 | AG11: =SUM(AC12:AF12) -> 0 | AJ11: =AH12 -> 0 | AK11: =MAX($AL$11:$AL$33) - AL11 -> 0 | AL11: =$S11+$AB11+$AG11+$AJ11 -> 0
A12: =RANK(AL12,$AL$11:$AL$33,) -> 1 | C12: =(IF($C11<>"",($C$7*$O$40)+IF($C$7=4,($O$38)+IF($C11=$C$7+$D$7,$O$39,0),0),0)+IF($D11<>"",($D$7*$O$40)+IF($D$7=4,($O$38)+IF($D11=$C$7+$D$7,$O$39,0),0),0)) -> 0 | E12: =(IF($E11<>"",($E$7*$O$40)+IF($E$7=4,($O$38)+IF($E11=$E$7+$F$7,$O$39,0),0),0)+IF($F11<>"",($F$7*$O$40)+IF($F$7=4,($O$38)+IF($F11=$E$7+$F$7,$O$39,0),0),0)) -> 0 | G12: =(IF($G11<>"",($G$7*$O$40)+IF($G$7=4,($O$38)+IF($G11=$G$7+$H$7,$O$39,0),0),0)+IF($H11<>"",($H$7*$O$40)+IF($H$7=4,($O$38)+IF($H11=$G$7+$H$7,$O$39,0),0),0)) -> 0 | I12: =(IF($I11<>"",($I$7*$O$40)+IF($I$7=4,($O$38)+IF($I11=$I$7+$J$7,$O$39,0),0),0)+IF($J11<>"",($J$7*$O$40)+IF($J$7=4,($O$38)+IF($J11=$I$7+$J$7,$O$39,0),0),0)) -> 0 | K12: =(IF($K11<>"",($K$7*$O$40)+IF($K$7=4,($O$38)+IF($K11=$K$7+$L$7,$O$39,0),0),0)+IF($L11<>"",($L$7*$O$40)+IF($L$7=4,($O$38)+IF($L11=$K$7+$L$7,$O$39,0),0),0)) -> 0 | M12: =(IF($M11<>"",($M$7*$O$40)+IF($M$7=4,($O$38)+IF($M11=$M$7+$N$7,$O$39,0),0),0)+IF($N11<>"",($N$7*$O$40)+IF($N$7=4,($O$38)+IF($N11=$M$7+$N$7,$O$39,0),0),0)) -> 0 | O12: =(IF($O11<>"",($O$7*$O$40)+IF($O$7=4,($O$38)+IF($O11=$O$7+$P$7,$O$39,0),0),0)+IF($P11<>"",($P$7*$O$40)+IF($P$7=4,($O$38)+IF($P11=$O$7+$P$7,$O$39,0),0),0)) -> 0 | Q12: =(IF($Q11<>"",($Q$7*$O$40)+IF($Q$7=4,($O$38)+IF($Q11=$Q$7+$R$7,$O$39,0),0),0)+IF($R11<>"",($R$7*$O$40)+IF($R$7=4,($O$38)+IF($R11=$Q$7+$R$7,$O$39,0),0),0)) -> 0 | T12: =(IF($T11<>"",($T$7*$P$40)+IF($T$7=4,($P$38)+IF($T11=$T$7+$U$7,$P$39,0),0),0)+IF($U11<>"",($U$7*$P$40)+IF($U$7=4,($P$38)+IF($U11=$T$7+$U$7,$P$39,0),0),0)) -> 0 | V12: =(IF($V11<>"",($V$7*$P$40)+IF($V$7=4,($P$38)+IF($V11=$V$7+$W$7,$P$39,0),0),0)+IF($W11<>"",($W$7*$P$40)+IF($W$7=4,($P$38)+IF($W11=$V$7+$W$7,$P$39,0),0),0)) -> 0 | X12: =(IF($X11<>"",($X$7*$P$40)+IF($X$7=4,($P$38)+IF($X11=$X$7+$Y$7,$P$39,0),0),0)+IF($Y11<>"",($Y$7*$P$40)+IF($Y$7=4,($P$38)+IF($Y11=$X$7+$Y$7,$P$39,0),0),0)) -> 0 | Z12: =(IF($Z11<>"",($Z$7*$P$40)+IF($Z$7=4,($P$38)+IF($Z11=$Z$7+$AA$7,$P$39,0),0),0)+IF($AA11<>"",($AA$7*$P$40)+IF($AA$7=4,($P$38)+IF($AA11=$Z$7+$AA$7,$P$39,0),0),0)) -> 0 | AC12: =(IF($AC11<>"",($AC$7*$Q$40)+IF($AC$7=4,($Q$38)+IF($AC11=$AC$7+$AD$7,$Q$39,0),0),0)+IF($AD11<>"",($AD$7*$Q$40)+IF($AD$7=4,($Q$38)+IF($AD11=$AC$7+$AD$7,$Q$39,0),0),0)) -> 0 | AE12: =(IF($AE11<>"",($AE$7*$Q$40)+IF($AE$7=4,($Q$38)+IF($AE11=$AE$7+$AF$7,$Q$39,0),0),0)+IF($AF11<>"",($AF$7*$Q$40)+IF($AF$7=4,($Q$38)+IF($AF11=$AE$7+$AF$7,$Q$39,0),0),0)) -> 0 | AH12: =(IF($AH11<>"",($AH$7*$Q$40)+IF($AH$7=4,($R$38)+IF($AH11=$AH$7+$AI$7,$R$39,0),0),0)+IF($AI11<>"",($AI$7*$R$40)+IF($AI$7=4,($R$38)+IF($AI11=$AH$7+$AI$7,$R$39,0),0),0)) -> 0
C13: =IF(ISBLANK(C11), 0, IF(C$7= 4, 1, 0)) -> 0 | D13: =IF(ISBLANK(D11), 0, IF(D$7 = 4, 1, 0)) -> 0 | E13: =IF(ISBLANK(E11), 0, IF(E$7= 4, 1, 0)) -> 0 | F13: =IF(ISBLANK(F11), 0, IF(F$7 = 4, 1, 0)) -> 0 | G13: =IF(ISBLANK(G11), 0, IF(G$7= 4, 1, 0)) -> 0 | H13: =IF(ISBLANK(H11), 0, IF(H$7 = 4, 1, 0)) -> 0 | I13: =IF(ISBLANK(I11), 0, IF(I$7= 4, 1, 0)) -> 0 | J13: =IF(ISBLANK(J11), 0, IF(J$7 = 4, 1, 0)) -> 0 | K13: =IF(ISBLANK(K11), 0, IF(K$7= 4, 1, 0)) -> 0 | L13: =IF(ISBLANK(L11), 0, IF(L$7 = 4, 1, 0)) -> 0 | M13: =IF(ISBLANK(M11), 0, IF(M$7= 4, 1, 0)) -> 0 | N13: =IF(ISBLANK(N11), 0, IF(N$7 = 4, 1, 0)) -> 0 | O13: =IF(ISBLANK(O11), 0, IF(O$7= 4, 1, 0)) -> 0 | P13: =IF(ISBLANK(P11), 0, IF(P$7 = 4, 1, 0)) -> 0 | Q13: =IF(ISBLANK(Q11), 0, IF(Q$7= 4, 1, 0)) -> 0 | R13: =IF(ISBLANK(R11), 0, IF(R$7 = 4, 1, 0)) -> 0 | T13: =IF(ISBLANK(T11), 0, IF(T$7= 4, 1, 0)) -> 0 | U13: =IF(ISBLANK(U11), 0, IF(U$7 = 4, 1, 0)) -> 0 | V13: =IF(ISBLANK(V11), 0, IF(V$7= 4, 1, 0)) -> 0 | W13: =IF(ISBLANK(W11), 0, IF(W$7 = 4, 1, 0)) -> 0 | X13: =IF(ISBLANK(X11), 0, IF(X$7= 4, 1, 0)) -> 0 | Y13: =IF(ISBLANK(Y11), 0, IF(Y$7 = 4, 1, 0)) -> 0 | Z13: =IF(ISBLANK(Z11), 0, IF(Z$7= 4, 1, 0)) -> 0 | AA13: =IF(ISBLANK(AA11), 0, IF(AA$7 = 4, 1, 0)) -> 0 | AC13: =IF(ISBLANK(AC11), 0, IF(AC$7= 4, 1, 0)) -> 0 | AD13: =IF(ISBLANK(AD11), 0, IF(AD$7 = 4, 1, 0)) -> 0 | AE13: =IF(ISBLANK(AE11), 0, IF(AE$7= 4, 1, 0)) -> 0 | AF13: =IF(ISBLANK(AF11), 0, IF(AF$7 = 4, 1, 0)) -> 0 | AH13: =IF(ISBLANK(AH11), 0, IF(AH$7= 4, 1, 0)) -> 0 | AI13: =IF(ISBLANK(AI11), 0, IF(AI$7 = 4, 1, 0)) -> 0 | AK13: =SUM(C13:AI13) -> 0
C14: =IF(C13 = 0, 0, IF(C11 = (C$7+D$7),1,0)) -> 0 | D14: =IF(D13 = 0, 0, IF(D11 = (C$7+D$7),1,0)) -> 0 | E14: =IF(E13 = 0, 0, IF(E11 = (E$7+F$7),1,0)) -> 0 | F14: =IF(F13 = 0, 0, IF(F11 = (E$7+F$7),1,0)) -> 0 | G14: =IF(G13 = 0, 0, IF(G11 = (G$7+H$7),1,0)) -> 0 | H14: =IF(H13 = 0, 0, IF(H11 = (G$7+H$7),1,0)) -> 0 | I14: =IF(I13 = 0, 0, IF(I11 = (I$7+J$7),1,0)) -> 0 | J14: =IF(J13 = 0, 0, IF(J11 = (I$7+J$7),1,0)) -> 0 | K14: =IF(K13 = 0, 0, IF(K11 = (K$7+L$7),1,0)) -> 0 | L14: =IF(L13 = 0, 0, IF(L11 = (K$7+L$7),1,0)) -> 0 | M14: =IF(M13 = 0, 0, IF(M11 = (M$7+N$7),1,0)) -> 0 | N14: =IF(N13 = 0, 0, IF(N11 = (M$7+N$7),1,0)) -> 0 | O14: =IF(O13 = 0, 0, IF(O11 = (O$7+P$7),1,0)) -> 0 | P14: =IF(P13 = 0, 0, IF(P11 = (O$7+P$7),1,0)) -> 0 | Q14: =IF(Q13 = 0, 0, IF(Q11 = (Q$7+R$7),1,0)) -> 0 | R14: =IF(R13 = 0, 0, IF(R11 = (Q$7+R$7),1,0)) -> 0 | T14: =IF(T13 = 0, 0, IF(T11 = (T$7+U$7),1,0)) -> 0 | U14: =IF(U13 = 0, 0, IF(U11 = (T$7+U$7),1,0)) -> 0 | V14: =IF(V13 = 0, 0, IF(V11 = (V$7+W$7),1,0)) -> 0 | W14: =IF(W13 = 0, 0, IF(W11 = (V$7+W$7),1,0)) -> 0 | X14: =IF(X13 = 0, 0, IF(X11 = (X$7+Y$7),1,0)) -> 0 | Y14: =IF(Y13 = 0, 0, IF(Y11 = (X$7+Y$7),1,0)) -> 0 | Z14: =IF(Z13 = 0, 0, IF(Z11 = (Z$7+AA$7),1,0)) -> 0 | AA14: =IF(AA13 = 0, 0, IF(AA11 = (Z$7+AA$7),1,0)) -> 0 | AC14: =IF(AC13 = 0, 0, IF(AC11 = (AC$7+AD$7),1,0)) -> 0 | AD14: =IF(AD13 = 0, 0, IF(AD11 = (AC$7+AD$7),1,0)) -> 0 | AE14: =IF(AE13 = 0, 0, IF(AE11 = (AE$7+AF$7),1,0)) -> 0 | AF14: =IF(AF13 = 0, 0, IF(AF11 = (AE$7+AF$7),1,0)) -> 0 | AH14: =IF(AH13 = 0, 0, IF(AH11 = (AH$7+AI$7),1,0)) -> 0 | AI14: =IF(AI13 = 0, 0, IF(AI11 = (AH$7+AI$7),1,0)) -> 0 | AK14: =SUM(C14:AI14) -> 0
A15: =RANK(AL15,$AL$11:$AL$33,) -> 1 | B15: Marco | C15: 6 | E15: 6 | G15: 5 | J15: 7 | K15: 6 | M15: 6 | O15: 7 | Q15: 6 | S15: =SUM(C16:R16) -> 0 | AB15: =SUM(T16:AA16) -> 0 | AG15: =SUM(AC16:AF16) -> 0 | AJ15: =AH16 -> 0 | AK15: =MAX($AL$11:$AL$33) - AL15 -> 0 | AL15: =$S15+$AB15+$AG15+$AJ15 -> 0
A16: =RANK(AL16,$AL$11:$AL$33,) -> 1 | C16: =(IF($C15<>"",($C$7*$O$40)+IF($C$7=4,($O$38)+IF($C15=$C$7+$D$7,$O$39,0),0),0)+IF($D15<>"",($D$7*$O$40)+IF($D$7=4,($O$38)+IF($D15=$C$7+$D$7,$O$39,0),0),0)) -> 0 | E16: =(IF($E15<>"",($E$7*$O$40)+IF($E$7=4,($O$38)+IF($E15=$E$7+$F$7,$O$39,0),0),0)+IF($F15<>"",($F$7*$O$40)+IF($F$7=4,($O$38)+IF($F15=$E$7+$F$7,$O$39,0),0),0)) -> 0 | G16: =(IF($G15<>"",($G$7*$O$40)+IF($G$7=4,($O$38)+IF($G15=$G$7+$H$7,$O$39,0),0),0)+IF($H15<>"",($H$7*$O$40)+IF($H$7=4,($O$38)+IF($H15=$G$7+$H$7,$O$39,0),0),0)) -> 0 | I16: =(IF($I15<>"",($I$7*$O$40)+IF($I$7=4,($O$38)+IF($I15=$I$7+$J$7,$O$39,0),0),0)+IF($J15<>"",($J$7*$O$40)+IF($J$7=4,($O$38)+IF($J15=$I$7+$J$7,$O$39,0),0),0)) -> 0 | K16: =(IF($K15<>"",($K$7*$O$40)+IF($K$7=4,($O$38)+IF($K15=$K$7+$L$7,$O$39,0),0),0)+IF($L15<>"",($L$7*$O$40)+IF($L$7=4,($O$38)+IF($L15=$K$7+$L$7,$O$39,0),0),0)) -> 0 | M16: =(IF($M15<>"",($M$7*$O$40)+IF($M$7=4,($O$38)+IF($M15=$M$7+$N$7,$O$39,0),0),0)+IF($N15<>"",($N$7*$O$40)+IF($N$7=4,($O$38)+IF($N15=$M$7+$N$7,$O$39,0),0),0)) -> 0 | O16: =(IF($O15<>"",($O$7*$O$40)+IF($O$7=4,($O$38)+IF($O15=$O$7+$P$7,$O$39,0),0),0)+IF($P15<>"",($P$7*$O$40)+IF($P$7=4,($O$38)+IF($P15=$O$7+$P$7,$O$39,0),0),0)) -> 0 | Q16: =(IF($Q15<>"",($Q$7*$O$40)+IF($Q$7=4,($O$38)+IF($Q15=$Q$7+$R$7,$O$39,0),0),0)+IF($R15<>"",($R$7*$O$40)+IF($R$7=4,($O$38)+IF($R15=$Q$7+$R$7,$O$39,0),0),0)) -> 0 | T16: =(IF($T15<>"",($T$7*$P$40)+IF($T$7=4,($P$38)+IF($T15=$T$7+$U$7,$P$39,0),0),0)+IF($U15<>"",($U$7*$P$40)+IF($U$7=4,($P$38)+IF($U15=$T$7+$U$7,$P$39,0),0),0)) -> 0 | V16: =(IF($V15<>"",($V$7*$P$40)+IF($V$7=4,($P$38)+IF($V15=$V$7+$W$7,$P$39,0),0),0)+IF($W15<>"",($W$7*$P$40)+IF($W$7=4,($P$38)+IF($W15=$V$7+$W$7,$P$39,0),0),0)) -> 0 | X16: =(IF($X15<>"",($X$7*$P$40)+IF($X$7=4,($P$38)+IF($X15=$X$7+$Y$7,$P$39,0),0),0)+IF($Y15<>"",($Y$7*$P$40)+IF($Y$7=4,($P$38)+IF($Y15=$X$7+$Y$7,$P$39,0),0),0)) -> 0 | Z16: =(IF($Z15<>"",($Z$7*$P$40)+IF($Z$7=4,($P$38)+IF($Z15=$Z$7+$AA$7,$P$39,0),0),0)+IF($AA15<>"",($AA$7*$P$40)+IF($AA$7=4,($P$38)+IF($AA15=$Z$7+$AA$7,$P$39,0),0),0)) -> 0 | AC16: =(IF($AC15<>"",($AC$7*$Q$40)+IF($AC$7=4,($Q$38)+IF($AC15=$AC$7+$AD$7,$Q$39,0),0),0)+IF($AD15<>"",($AD$7*$Q$40)+IF($AD$7=4,($Q$38)+IF($AD15=$AC$7+$AD$7,$Q$39,0),0),0)) -> 0 | AE16: =(IF($AE15<>"",($AE$7*$Q$40)+IF($AE$7=4,($Q$38)+IF($AE15=$AE$7+$AF$7,$Q$39,0),0),0)+IF($AF15<>"",($AF$7*$Q$40)+IF($AF$7=4,($Q$38)+IF($AF15=$AE$7+$AF$7,$Q$39,0),0),0)) -> 0 | AH16: =(IF($AH15<>"",($AH$7*$Q$40)+IF($AH$7=4,($R$38)+IF($AH15=$AH$7+$AI$7,$R$39,0),0),0)+IF($AI15<>"",($AI$7*$R$40)+IF($AI$7=4,($R$38)+IF($AI15=$AH$7+$AI$7,$R$39,0),0),0)) -> 0 | AK16: =MAX($AL$11:$AL$33) - AL16 -> 0
C17: =IF(ISBLANK(C15), 0, IF(C$7= 4, 1, 0)) -> 0 | D17: =IF(ISBLANK(D15), 0, IF(D$7 = 4, 1, 0)) -> 0 | E17: =IF(ISBLANK(E15), 0, IF(E$7= 4, 1, 0)) -> 0 | F17: =IF(ISBLANK(F15), 0, IF(F$7 = 4, 1, 0)) -> 0 | G17: =IF(ISBLANK(G15), 0, IF(G$7= 4, 1, 0)) -> 0 | H17: =IF(ISBLANK(H15), 0, IF(H$7 = 4, 1, 0)) -> 0 | I17: =IF(ISBLANK(I15), 0, IF(I$7= 4, 1, 0)) -> 0 | J17: =IF(ISBLANK(J15), 0, IF(J$7 = 4, 1, 0)) -> 0 | K17: =IF(ISBLANK(K15), 0, IF(K$7= 4, 1, 0)) -> 0 | L17: =IF(ISBLANK(L15), 0, IF(L$7 = 4, 1, 0)) -> 0 | M17: =IF(ISBLANK(M15), 0, IF(M$7= 4, 1, 0)) -> 0 | N17: =IF(ISBLANK(N15), 0, IF(N$7 = 4, 1, 0)) -> 0 | O17: =IF(ISBLANK(O15), 0, IF(O$7= 4, 1, 0)) -> 0 | P17: =IF(ISBLANK(P15), 0, IF(P$7 = 4, 1, 0)) -> 0 | Q17: =IF(ISBLANK(Q15), 0, IF(Q$7= 4, 1, 0)) -> 0 | R17: =IF(ISBLANK(R15), 0, IF(R$7 = 4, 1, 0)) -> 0 | T17: =IF(ISBLANK(T15), 0, IF(T$7= 4, 1, 0)) -> 0 | U17: =IF(ISBLANK(U15), 0, IF(U$7 = 4, 1, 0)) -> 0 | V17: =IF(ISBLANK(V15), 0, IF(V$7= 4, 1, 0)) -> 0 | W17: =IF(ISBLANK(W15), 0, IF(W$7 = 4, 1, 0)) -> 0 | X17: =IF(ISBLANK(X15), 0, IF(X$7= 4, 1, 0)) -> 0 | Y17: =IF(ISBLANK(Y15), 0, IF(Y$7 = 4, 1, 0)) -> 0 | Z17: =IF(ISBLANK(Z15), 0, IF(Z$7= 4, 1, 0)) -> 0 | AA17: =IF(ISBLANK(AA15), 0, IF(AA$7 = 4, 1, 0)) -> 0 | AC17: =IF(ISBLANK(AC15), 0, IF(AC$7= 4, 1, 0)) -> 0 | AD17: =IF(ISBLANK(AD15), 0, IF(AD$7 = 4, 1, 0)) -> 0 | AE17: =IF(ISBLANK(AE15), 0, IF(AE$7= 4, 1, 0)) -> 0 | AF17: =IF(ISBLANK(AF15), 0, IF(AF$7 = 4, 1, 0)) -> 0 | AH17: =IF(ISBLANK(AH15), 0, IF(AH$7= 4, 1, 0)) -> 0 | AI17: =IF(ISBLANK(AI15), 0, IF(AI$7 = 4, 1, 0)) -> 0 | AK17: =SUM(C17:AI17) -> 0
C18: =IF(C17 = 0, 0, IF(C15 = (C$7+D$7),1,0)) -> 0 | D18: =IF(D17 = 0, 0, IF(D15 = (C$7+D$7),1,0)) -> 0 | E18: =IF(E17 = 0, 0, IF(E15 = (E$7+F$7),1,0)) -> 0 | F18: =IF(F17 = 0, 0, IF(F15 = (E$7+F$7),1,0)) -> 0 | G18: =IF(G17 = 0, 0, IF(G15 = (G$7+H$7),1,0)) -> 0 | H18: =IF(H17 = 0, 0, IF(H15 = (G$7+H$7),1,0)) -> 0 | I18: =IF(I17 = 0, 0, IF(I15 = (I$7+J$7),1,0)) -> 0 | J18: =IF(J17 = 0, 0, IF(J15 = (I$7+J$7),1,0)) -> 0 | K18: =IF(K17 = 0, 0, IF(K15 = (K$7+L$7),1,0)) -> 0 | L18: =IF(L17 = 0, 0, IF(L15 = (K$7+L$7),1,0)) -> 0 | M18: =IF(M17 = 0, 0, IF(M15 = (M$7+N$7),1,0)) -> 0 | N18: =IF(N17 = 0, 0, IF(N15 = (M$7+N$7),1,0)) -> 0 | O18: =IF(O17 = 0, 0, IF(O15 = (O$7+P$7),1,0)) -> 0 | P18: =IF(P17 = 0, 0, IF(P15 = (O$7+P$7),1,0)) -> 0 | Q18: =IF(Q17 = 0, 0, IF(Q15 = (Q$7+R$7),1,0)) -> 0 | R18: =IF(R17 = 0, 0, IF(R15 = (Q$7+R$7),1,0)) -> 0 | T18: =IF(T17 = 0, 0, IF(T15 = (T$7+U$7),1,0)) -> 0 | U18: =IF(U17 = 0, 0, IF(U15 = (T$7+U$7),1,0)) -> 0 | V18: =IF(V17 = 0, 0, IF(V15 = (V$7+W$7),1,0)) -> 0 | W18: =IF(W17 = 0, 0, IF(W15 = (V$7+W$7),1,0)) -> 0 | X18: =IF(X17 = 0, 0, IF(X15 = (X$7+Y$7),1,0)) -> 0 | Y18: =IF(Y17 = 0, 0, IF(Y15 = (X$7+Y$7),1,0)) -> 0 | Z18: =IF(Z17 = 0, 0, IF(Z15 = (Z$7+AA$7),1,0)) -> 0 | AA18: =IF(AA17 = 0, 0, IF(AA15 = (Z$7+AA$7),1,0)) -> 0 | AC18: =IF(AC17 = 0, 0, IF(AC15 = (AC$7+AD$7),1,0)) -> 0 | AD18: =IF(AD17 = 0, 0, IF(AD15 = (AC$7+AD$7),1,0)) -> 0 | AE18: =IF(AE17 = 0, 0, IF(AE15 = (AE$7+AF$7),1,0)) -> 0 | AF18: =IF(AF17 = 0, 0, IF(AF15 = (AE$7+AF$7),1,0)) -> 0 | AH18: =IF(AH17 = 0, 0, IF(AH15 = (AH$7+AI$7),1,0)) -> 0 | AI18: =IF(AI17 = 0, 0, IF(AI15 = (AH$7+AI$7),1,0)) -> 0 | AK18: =SUM(C18:AI18) -> 0
A19: =RANK(AL19,$AL$11:$AL$33,) -> 1 | B19: Alain | C19: 6 | F19: 7 | G19: 4 | J19: 6 | K19: 5 | M19: 7 | O19: 7 | R19: 7 | S19: =SUM(C20:R20) -> 0 | AB19: =SUM(T20:AA20) -> 0 | AG19: =SUM(AC20:AF20) -> 0 | AJ19: =AH20 -> 0 | AK19: =MAX($AL$11:$AL$33) - AL19 -> 0 | AL19: =$S19+$AB19+$AG19+$AJ19 -> 0
A20: =RANK(AL20,$AL$11:$AL$33,) -> 1 | C20: =(IF($C19<>"",($C$7*$O$40)+IF($C$7=4,($O$38)+IF($C19=$C$7+$D$7,$O$39,0),0),0)+IF($D19<>"",($D$7*$O$40)+IF($D$7=4,($O$38)+IF($D19=$C$7+$D$7,$O$39,0),0),0)) -> 0 | E20: =(IF($E19<>"",($E$7*$O$40)+IF($E$7=4,($O$38)+IF($E19=$E$7+$F$7,$O$39,0),0),0)+IF($F19<>"",($F$7*$O$40)+IF($F$7=4,($O$38)+IF($F19=$E$7+$F$7,$O$39,0),0),0)) -> 0 | G20: =(IF($G19<>"",($G$7*$O$40)+IF($G$7=4,($O$38)+IF($G19=$G$7+$H$7,$O$39,0),0),0)+IF($H19<>"",($H$7*$O$40)+IF($H$7=4,($O$38)+IF($H19=$G$7+$H$7,$O$39,0),0),0)) -> 0 | I20: =(IF($I19<>"",($I$7*$O$40)+IF($I$7=4,($O$38)+IF($I19=$I$7+$J$7,$O$39,0),0),0)+IF($J19<>"",($J$7*$O$40)+IF($J$7=4,($O$38)+IF($J19=$I$7+$J$7,$O$39,0),0),0)) -> 0 | K20: =(IF($K19<>"",($K$7*$O$40)+IF($K$7=4,($O$38)+IF($K19=$K$7+$L$7,$O$39,0),0),0)+IF($L19<>"",($L$7*$O$40)+IF($L$7=4,($O$38)+IF($L19=$K$7+$L$7,$O$39,0),0),0)) -> 0 | M20: =(IF($M19<>"",($M$7*$O$40)+IF($M$7=4,($O$38)+IF($M19=$M$7+$N$7,$O$39,0),0),0)+IF($N19<>"",($N$7*$O$40)+IF($N$7=4,($O$38)+IF($N19=$M$7+$N$7,$O$39,0),0),0)) -> 0 | O20: =(IF($O19<>"",($O$7*$O$40)+IF($O$7=4,($O$38)+IF($O19=$O$7+$P$7,$O$39,0),0),0)+IF($P19<>"",($P$7*$O$40)+IF($P$7=4,($O$38)+IF($P19=$O$7+$P$7,$O$39,0),0),0)) -> 0 | Q20: =(IF($Q19<>"",($Q$7*$O$40)+IF($Q$7=4,($O$38)+IF($Q19=$Q$7+$R$7,$O$39,0),0),0)+IF($R19<>"",($R$7*$O$40)+IF($R$7=4,($O$38)+IF($R19=$Q$7+$R$7,$O$39,0),0),0)) -> 0 | T20: =(IF($T19<>"",($T$7*$P$40)+IF($T$7=4,($P$38)+IF($T19=$T$7+$U$7,$P$39,0),0),0)+IF($U19<>"",($U$7*$P$40)+IF($U$7=4,($P$38)+IF($U19=$T$7+$U$7,$P$39,0),0),0)) -> 0 | V20: =(IF($V19<>"",($V$7*$P$40)+IF($V$7=4,($P$38)+IF($V19=$V$7+$W$7,$P$39,0),0),0)+IF($W19<>"",($W$7*$P$40)+IF($W$7=4,($P$38)+IF($W19=$V$7+$W$7,$P$39,0),0),0)) -> 0 | X20: =(IF($X19<>"",($X$7*$P$40)+IF($X$7=4,($P$38)+IF($X19=$X$7+$Y$7,$P$39,0),0),0)+IF($Y19<>"",($Y$7*$P$40)+IF($Y$7=4,($P$38)+IF($Y19=$X$7+$Y$7,$P$39,0),0),0)) -> 0 | Z20: =(IF($Z19<>"",($Z$7*$P$40)+IF($Z$7=4,($P$38)+IF($Z19=$Z$7+$AA$7,$P$39,0),0),0)+IF($AA19<>"",($AA$7*$P$40)+IF($AA$7=4,($P$38)+IF($AA19=$Z$7+$AA$7,$P$39,0),0),0)) -> 0 | AC20: =(IF($AC19<>"",($AC$7*$Q$40)+IF($AC$7=4,($Q$38)+IF($AC19=$AC$7+$AD$7,$Q$39,0),0),0)+IF($AD19<>"",($AD$7*$Q$40)+IF($AD$7=4,($Q$38)+IF($AD19=$AC$7+$AD$7,$Q$39,0),0),0)) -> 0 | AE20: =(IF($AE19<>"",($AE$7*$Q$40)+IF($AE$7=4,($Q$38)+IF($AE19=$AE$7+$AF$7,$Q$39,0),0),0)+IF($AF19<>"",($AF$7*$Q$40)+IF($AF$7=4,($Q$38)+IF($AF19=$AE$7+$AF$7,$Q$39,0),0),0)) -> 0 | AH20: =(IF($AH19<>"",($AH$7*$Q$40)+IF($AH$7=4,($R$38)+IF($AH19=$AH$7+$AI$7,$R$39,0),0),0)+IF($AI19<>"",($AI$7*$R$40)+IF($AI$7=4,($R$38)+IF($AI19=$AH$7+$AI$7,$R$39,0),0),0)) -> 0 | AK20: =MAX($AL$11:$AL$33) - AL20 -> 0
C21: =IF(ISBLANK(C19), 0, IF(C$7= 4, 1, 0)) -> 0 | D21: =IF(ISBLANK(D19), 0, IF(D$7 = 4, 1, 0)) -> 0 | E21: =IF(ISBLANK(E19), 0, IF(E$7= 4, 1, 0)) -> 0 | F21: =IF(ISBLANK(F19), 0, IF(F$7 = 4, 1, 0)) -> 0 | G21: =IF(ISBLANK(G19), 0, IF(G$7= 4, 1, 0)) -> 0 | H21: =IF(ISBLANK(H19), 0, IF(H$7 = 4, 1, 0)) -> 0 | I21: =IF(ISBLANK(I19), 0, IF(I$7= 4, 1, 0)) -> 0 | J21: =IF(ISBLANK(J19), 0, IF(J$7 = 4, 1, 0)) -> 0 | K21: =IF(ISBLANK(K19), 0, IF(K$7= 4, 1, 0)) -> 0 | L21: =IF(ISBLANK(L19), 0, IF(L$7 = 4, 1, 0)) -> 0 | M21: =IF(ISBLANK(M19), 0, IF(M$7= 4, 1, 0)) -> 0 | N21: =IF(ISBLANK(N19), 0, IF(N$7 = 4, 1, 0)) -> 0 | O21: =IF(ISBLANK(O19), 0, IF(O$7= 4, 1, 0)) -> 0 | P21: =IF(ISBLANK(P19), 0, IF(P$7 = 4, 1, 0)) -> 0 | Q21: =IF(ISBLANK(Q19), 0, IF(Q$7= 4, 1, 0)) -> 0 | R21: =IF(ISBLANK(R19), 0, IF(R$7 = 4, 1, 0)) -> 0 | T21: =IF(ISBLANK(T19), 0, IF(T$7= 4, 1, 0)) -> 0 | U21: =IF(ISBLANK(U19), 0, IF(U$7 = 4, 1, 0)) -> 0 | V21: =IF(ISBLANK(V19), 0, IF(V$7= 4, 1, 0)) -> 0 | W21: =IF(ISBLANK(W19), 0, IF(W$7 = 4, 1, 0)) -> 0 | X21: =IF(ISBLANK(X19), 0, IF(X$7= 4, 1, 0)) -> 0 | Y21: =IF(ISBLANK(Y19), 0, IF(Y$7 = 4, 1, 0)) -> 0 | Z21: =IF(ISBLANK(Z19), 0, IF(Z$7= 4, 1, 0)) -> 0 | AA21: =IF(ISBLANK(AA19), 0, IF(AA$7 = 4, 1, 0)) -> 0 | AC21: =IF(ISBLANK(AC19), 0, IF(AC$7= 4, 1, 0)) -> 0 | AD21: =IF(ISBLANK(AD19), 0, IF(AD$7 = 4, 1, 0)) -> 0 | AE21: =IF(ISBLANK(AE19), 0, IF(AE$7= 4, 1, 0)) -> 0 | AF21: =IF(ISBLANK(AF19), 0, IF(AF$7 = 4, 1, 0)) -> 0 | AH21: =IF(ISBLANK(AH19), 0, IF(AH$7= 4, 1, 0)) -> 0 | AI21: =IF(ISBLANK(AI19), 0, IF(AI$7 = 4, 1, 0)) -> 0 | AK21: =SUM(C21:AI21) -> 0
C22: =IF(C21 = 0, 0, IF(C19 = (C$7+D$7),1,0)) -> 0 | D22: =IF(D21 = 0, 0, IF(D19 = (C$7+D$7),1,0)) -> 0 | E22: =IF(E21 = 0, 0, IF(E19 = (E$7+F$7),1,0)) -> 0 | F22: =IF(F21 = 0, 0, IF(F19 = (E$7+F$7),1,0)) -> 0 | G22: =IF(G21 = 0, 0, IF(G19 = (G$7+H$7),1,0)) -> 0 | H22: =IF(H21 = 0, 0, IF(H19 = (G$7+H$7),1,0)) -> 0 | I22: =IF(I21 = 0, 0, IF(I19 = (I$7+J$7),1,0)) -> 0 | J22: =IF(J21 = 0, 0, IF(J19 = (I$7+J$7),1,0)) -> 0 | K22: =IF(K21 = 0, 0, IF(K19 = (K$7+L$7),1,0)) -> 0 | L22: =IF(L21 = 0, 0, IF(L19 = (K$7+L$7),1,0)) -> 0 | M22: =IF(M21 = 0, 0, IF(M19 = (M$7+N$7),1,0)) -> 0 | N22: =IF(N21 = 0, 0, IF(N19 = (M$7+N$7),1,0)) -> 0 | O22: =IF(O21 = 0, 0, IF(O19 = (O$7+P$7),1,0)) -> 0 | P22: =IF(P21 = 0, 0, IF(P19 = (O$7+P$7),1,0)) -> 0 | Q22: =IF(Q21 = 0, 0, IF(Q19 = (Q$7+R$7),1,0)) -> 0 | R22: =IF(R21 = 0, 0, IF(R19 = (Q$7+R$7),1,0)) -> 0 | T22: =IF(T21 = 0, 0, IF(T19 = (T$7+U$7),1,0)) -> 0 | U22: =IF(U21 = 0, 0, IF(U19 = (T$7+U$7),1,0)) -> 0 | V22: =IF(V21 = 0, 0, IF(V19 = (V$7+W$7),1,0)) -> 0 | W22: =IF(W21 = 0, 0, IF(W19 = (V$7+W$7),1,0)) -> 0 | X22: =IF(X21 = 0, 0, IF(X19 = (X$7+Y$7),1,0)) -> 0 | Y22: =IF(Y21 = 0, 0, IF(Y19 = (X$7+Y$7),1,0)) -> 0 | Z22: =IF(Z21 = 0, 0, IF(Z19 = (Z$7+AA$7),1,0)) -> 0 | AA22: =IF(AA21 = 0, 0, IF(AA19 = (Z$7+AA$7),1,0)) -> 0 | AC22: =IF(AC21 = 0, 0, IF(AC19 = (AC$7+AD$7),1,0)) -> 0 | AD22: =IF(AD21 = 0, 0, IF(AD19 = (AC$7+AD$7),1,0)) -> 0 | AE22: =IF(AE21 = 0, 0, IF(AE19 = (AE$7+AF$7),1,0)) -> 0 | AF22: =IF(AF21 = 0, 0, IF(AF19 = (AE$7+AF$7),1,0)) -> 0 | AH22: =IF(AH21 = 0, 0, IF(AH19 = (AH$7+AI$7),1,0)) -> 0 | AI22: =IF(AI21 = 0, 0, IF(AI19 = (AH$7+AI$7),1,0)) -> 0 | AK22: =SUM(C22:AI22) -> 0
A23: =RANK(AL23,$AL$11:$AL$33,) -> 1 | B23: Ray | C23: 5 | F23: 4 | H23: 6 | I23: 7 | L23: 5 | N23: 5 | O23: 5 | R23: 5 | S23: =SUM(C24:R24) -> 0 | AB23: =SUM(T24:AA24) -> 0 | AG23: =SUM(AC24:AF24) -> 0 | AJ23: =AH24 -> 0 | AK23: =MAX($AL$11:$AL$33) - AL23 -> 0 | AL23: =$S23+$AB23+$AG23+$AJ23 -> 0
A24: =RANK(AL24,$AL$11:$AL$33,) -> 1 | C24: =(IF($C23<>"",($C$7*$O$40)+IF($C$7=4,($O$38)+IF($C23=$C$7+$D$7,$O$39,0),0),0)+IF($D23<>"",($D$7*$O$40)+IF($D$7=4,($O$38)+IF($D23=$C$7+$D$7,$O$39,0),0),0)) -> 0 | E24: =(IF($E23<>"",($E$7*$O$40)+IF($E$7=4,($O$38)+IF($E23=$E$7+$F$7,$O$39,0),0),0)+IF($F23<>"",($F$7*$O$40)+IF($F$7=4,($O$38)+IF($F23=$E$7+$F$7,$O$39,0),0),0)) -> 0 | G24: =(IF($G23<>"",($G$7*$O$40)+IF($G$7=4,($O$38)+IF($G23=$G$7+$H$7,$O$39,0),0),0)+IF($H23<>"",($H$7*$O$40)+IF($H$7=4,($O$38)+IF($H23=$G$7+$H$7,$O$39,0),0),0)) -> 0 | I24: =(IF($I23<>"",($I$7*$O$40)+IF($I$7=4,($O$38)+IF($I23=$I$7+$J$7,$O$39,0),0),0)+IF($J23<>"",($J$7*$O$40)+IF($J$7=4,($O$38)+IF($J23=$I$7+$J$7,$O$39,0),0),0)) -> 0 | K24: =(IF($K23<>"",($K$7*$O$40)+IF($K$7=4,($O$38)+IF($K23=$K$7+$L$7,$O$39,0),0),0)+IF($L23<>"",($L$7*$O$40)+IF($L$7=4,($O$38)+IF($L23=$K$7+$L$7,$O$39,0),0),0)) -> 0 | M24: =(IF($M23<>"",($M$7*$O$40)+IF($M$7=4,($O$38)+IF($M23=$M$7+$N$7,$O$39,0),0),0)+IF($N23<>"",($N$7*$O$40)+IF($N$7=4,($O$38)+IF($N23=$M$7+$N$7,$O$39,0),0),0)) -> 0 | O24: =(IF($O23<>"",($O$7*$O$40)+IF($O$7=4,($O$38)+IF($O23=$O$7+$P$7,$O$39,0),0),0)+IF($P23<>"",($P$7*$O$40)+IF($P$7=4,($O$38)+IF($P23=$O$7+$P$7,$O$39,0),0),0)) -> 0 | Q24: =(IF($Q23<>"",($Q$7*$O$40)+IF($Q$7=4,($O$38)+IF($Q23=$Q$7+$R$7,$O$39,0),0),0)+IF($R23<>"",($R$7*$O$40)+IF($R$7=4,($O$38)+IF($R23=$Q$7+$R$7,$O$39,0),0),0)) -> 0 | T24: =(IF($T23<>"",($T$7*$P$40)+IF($T$7=4,($P$38)+IF($T23=$T$7+$U$7,$P$39,0),0),0)+IF($U23<>"",($U$7*$P$40)+IF($U$7=4,($P$38)+IF($U23=$T$7+$U$7,$P$39,0),0),0)) -> 0 | V24: =(IF($V23<>"",($V$7*$P$40)+IF($V$7=4,($P$38)+IF($V23=$V$7+$W$7,$P$39,0),0),0)+IF($W23<>"",($W$7*$P$40)+IF($W$7=4,($P$38)+IF($W23=$V$7+$W$7,$P$39,0),0),0)) -> 0 | X24: =(IF($X23<>"",($X$7*$P$40)+IF($X$7=4,($P$38)+IF($X23=$X$7+$Y$7,$P$39,0),0),0)+IF($Y23<>"",($Y$7*$P$40)+IF($Y$7=4,($P$38)+IF($Y23=$X$7+$Y$7,$P$39,0),0),0)) -> 0 | Z24: =(IF($Z23<>"",($Z$7*$P$40)+IF($Z$7=4,($P$38)+IF($Z23=$Z$7+$AA$7,$P$39,0),0),0)+IF($AA23<>"",($AA$7*$P$40)+IF($AA$7=4,($P$38)+IF($AA23=$Z$7+$AA$7,$P$39,0),0),0)) -> 0 | AC24: =(IF($AC23<>"",($AC$7*$Q$40)+IF($AC$7=4,($Q$38)+IF($AC23=$AC$7+$AD$7,$Q$39,0),0),0)+IF($AD23<>"",($AD$7*$Q$40)+IF($AD$7=4,($Q$38)+IF($AD23=$AC$7+$AD$7,$Q$39,0),0),0)) -> 0 | AE24: =(IF($AE23<>"",($AE$7*$Q$40)+IF($AE$7=4,($Q$38)+IF($AE23=$AE$7+$AF$7,$Q$39,0),0),0)+IF($AF23<>"",($AF$7*$Q$40)+IF($AF$7=4,($Q$38)+IF($AF23=$AE$7+$AF$7,$Q$39,0),0),0)) -> 0 | AH24: =(IF($AH23<>"",($AH$7*$Q$40)+IF($AH$7=4,($R$38)+IF($AH23=$AH$7+$AI$7,$R$39,0),0),0)+IF($AI23<>"",($AI$7*$R$40)+IF($AI$7=4,($R$38)+IF($AI23=$AH$7+$AI$7,$R$39,0),0),0)) -> 0 | AK24: =MAX($AL$11:$AL$33) - AL24 -> 0
C25: =IF(ISBLANK(C23), 0, IF(C$7= 4, 1, 0)) -> 0 | D25: =IF(ISBLANK(D23), 0, IF(D$7 = 4, 1, 0)) -> 0 | E25: =IF(ISBLANK(E23), 0, IF(E$7= 4, 1, 0)) -> 0 | F25: =IF(ISBLANK(F23), 0, IF(F$7 = 4, 1, 0)) -> 0 | G25: =IF(ISBLANK(G23), 0, IF(G$7= 4, 1, 0)) -> 0 | H25: =IF(ISBLANK(H23), 0, IF(H$7 = 4, 1, 0)) -> 0 | I25: =IF(ISBLANK(I23), 0, IF(I$7= 4, 1, 0)) -> 0 | J25: =IF(ISBLANK(J23), 0, IF(J$7 = 4, 1, 0)) -> 0 | K25: =IF(ISBLANK(K23), 0, IF(K$7= 4, 1, 0)) -> 0 | L25: =IF(ISBLANK(L23), 0, IF(L$7 = 4, 1, 0)) -> 0 | M25: =IF(ISBLANK(M23), 0, IF(M$7= 4, 1, 0)) -> 0 | N25: =IF(ISBLANK(N23), 0, IF(N$7 = 4, 1, 0)) -> 0 | O25: =IF(ISBLANK(O23), 0, IF(O$7= 4, 1, 0)) -> 0 | P25: =IF(ISBLANK(P23), 0, IF(P$7 = 4, 1, 0)) -> 0 | Q25: =IF(ISBLANK(Q23), 0, IF(Q$7= 4, 1, 0)) -> 0 | R25: =IF(ISBLANK(R23), 0, IF(R$7 = 4, 1, 0)) -> 0 | T25: =IF(ISBLANK(T23), 0, IF(T$7= 4, 1, 0)) -> 0 | U25: =IF(ISBLANK(U23), 0, IF(U$7 = 4, 1, 0)) -> 0 | V25: =IF(ISBLANK(V23), 0, IF(V$7= 4, 1, 0)) -> 0 | W25: =IF(ISBLANK(W23), 0, IF(W$7 = 4, 1, 0)) -> 0 | X25: =IF(ISBLANK(X23), 0, IF(X$7= 4, 1, 0)) -> 0 | Y25: =IF(ISBLANK(Y23), 0, IF(Y$7 = 4, 1, 0)) -> 0 | Z25: =IF(ISBLANK(Z23), 0, IF(Z$7= 4, 1, 0)) -> 0 | AA25: =IF(ISBLANK(AA23), 0, IF(AA$7 = 4, 1, 0)) -> 0 | AC25: =IF(ISBLANK(AC23), 0, IF(AC$7= 4, 1, 0)) -> 0 | AD25: =IF(ISBLANK(AD23), 0, IF(AD$7 = 4, 1, 0)) -> 0 | AE25: =IF(ISBLANK(AE23), 0, IF(AE$7= 4, 1, 0)) -> 0 | AF25: =IF(ISBLANK(AF23), 0, IF(AF$7 = 4, 1, 0)) -> 0 | AH25: =IF(ISBLANK(AH23), 0, IF(AH$7= 4, 1, 0)) -> 0 | AI25: =IF(ISBLANK(AI23), 0, IF(AI$7 = 4, 1, 0)) -> 0 | AK25: =SUM(C25:AI25) -> 0
C26: =IF(C25 = 0, 0, IF(C23 = (C$7+D$7),1,0)) -> 0 | D26: =IF(D25 = 0, 0, IF(D23 = (C$7+D$7),1,0)) -> 0 | E26: =IF(E25 = 0, 0, IF(E23 = (E$7+F$7),1,0)) -> 0 | F26: =IF(F25 = 0, 0, IF(F23 = (E$7+F$7),1,0)) -> 0 | G26: =IF(G25 = 0, 0, IF(G23 = (G$7+H$7),1,0)) -> 0 | H26: =IF(H25 = 0, 0, IF(H23 = (G$7+H$7),1,0)) -> 0 | I26: =IF(I25 = 0, 0, IF(I23 = (I$7+J$7),1,0)) -> 0 | J26: =IF(J25 = 0, 0, IF(J23 = (I$7+J$7),1,0)) -> 0 | K26: =IF(K25 = 0, 0, IF(K23 = (K$7+L$7),1,0)) -> 0 | L26: =IF(L25 = 0, 0, IF(L23 = (K$7+L$7),1,0)) -> 0 | M26: =IF(M25 = 0, 0, IF(M23 = (M$7+N$7),1,0)) -> 0 | N26: =IF(N25 = 0, 0, IF(N23 = (M$7+N$7),1,0)) -> 0 | O26: =IF(O25 = 0, 0, IF(O23 = (O$7+P$7),1,0)) -> 0 | P26: =IF(P25 = 0, 0, IF(P23 = (O$7+P$7),1,0)) -> 0 | Q26: =IF(Q25 = 0, 0, IF(Q23 = (Q$7+R$7),1,0)) -> 0 | R26: =IF(R25 = 0, 0, IF(R23 = (Q$7+R$7),1,0)) -> 0 | T26: =IF(T25 = 0, 0, IF(T23 = (T$7+U$7),1,0)) -> 0 | U26: =IF(U25 = 0, 0, IF(U23 = (T$7+U$7),1,0)) -> 0 | V26: =IF(V25 = 0, 0, IF(V23 = (V$7+W$7),1,0)) -> 0 | W26: =IF(W25 = 0, 0, IF(W23 = (V$7+W$7),1,0)) -> 0 | X26: =IF(X25 = 0, 0, IF(X23 = (X$7+Y$7),1,0)) -> 0 | Y26: =IF(Y25 = 0, 0, IF(Y23 = (X$7+Y$7),1,0)) -> 0 | Z26: =IF(Z25 = 0, 0, IF(Z23 = (Z$7+AA$7),1,0)) -> 0 | AA26: =IF(AA25 = 0, 0, IF(AA23 = (Z$7+AA$7),1,0)) -> 0 | AC26: =IF(AC25 = 0, 0, IF(AC23 = (AC$7+AD$7),1,0)) -> 0 | AD26: =IF(AD25 = 0, 0, IF(AD23 = (AC$7+AD$7),1,0)) -> 0 | AE26: =IF(AE25 = 0, 0, IF(AE23 = (AE$7+AF$7),1,0)) -> 0 | AF26: =IF(AF25 = 0, 0, IF(AF23 = (AE$7+AF$7),1,0)) -> 0 | AH26: =IF(AH25 = 0, 0, IF(AH23 = (AH$7+AI$7),1,0)) -> 0 | AI26: =IF(AI25 = 0, 0, IF(AI23 = (AH$7+AI$7),1,0)) -> 0 | AK26: =SUM(C26:AI26) -> 0
A27: =RANK(AL27,$AL$11:$AL$33,) -> 1 | B27: Fred Gabriel | C27: 5 | E27: 7 | G27: 6 | J27: 6 | K27: 5 | M27: 7 | O27: 6 | Q27: 7 | S27: =SUM(C28:R28) -> 0 | AB27: =SUM(T28:AA28) -> 0 | AG27: =SUM(AC28:AF28) -> 0 | AJ27: =AH28 -> 0 | AK27: =MAX($AL$11:$AL$33) - AL27 -> 0 | AL27: =$S27+$AB27+$AG27+$AJ27 -> 0
A28: =RANK(AL28,$AL$11:$AL$33,) -> 1 | C28: =(IF($C27<>"",($C$7*$O$40)+IF($C$7=4,($O$38)+IF($C27=$C$7+$D$7,$O$39,0),0),0)+IF($D27<>"",($D$7*$O$40)+IF($D$7=4,($O$38)+IF($D27=$C$7+$D$7,$O$39,0),0),0)) -> 0 | E28: =(IF($E27<>"",($E$7*$O$40)+IF($E$7=4,($O$38)+IF($E27=$E$7+$F$7,$O$39,0),0),0)+IF($F27<>"",($F$7*$O$40)+IF($F$7=4,($O$38)+IF($F27=$E$7+$F$7,$O$39,0),0),0)) -> 0 | G28: =(IF($G27<>"",($G$7*$O$40)+IF($G$7=4,($O$38)+IF($G27=$G$7+$H$7,$O$39,0),0),0)+IF($H27<>"",($H$7*$O$40)+IF($H$7=4,($O$38)+IF($H27=$G$7+$H$7,$O$39,0),0),0)) -> 0 | I28: =(IF($I27<>"",($I$7*$O$40)+IF($I$7=4,($O$38)+IF($I27=$I$7+$J$7,$O$39,0),0),0)+IF($J27<>"",($J$7*$O$40)+IF($J$7=4,($O$38)+IF($J27=$I$7+$J$7,$O$39,0),0),0)) -> 0 | K28: =(IF($K27<>"",($K$7*$O$40)+IF($K$7=4,($O$38)+IF($K27=$K$7+$L$7,$O$39,0),0),0)+IF($L27<>"",($L$7*$O$40)+IF($L$7=4,($O$38)+IF($L27=$K$7+$L$7,$O$39,0),0),0)) -> 0 | M28: =(IF($M27<>"",($M$7*$O$40)+IF($M$7=4,($O$38)+IF($M27=$M$7+$N$7,$O$39,0),0),0)+IF($N27<>"",($N$7*$O$40)+IF($N$7=4,($O$38)+IF($N27=$M$7+$N$7,$O$39,0),0),0)) -> 0 | O28: =(IF($O27<>"",($O$7*$O$40)+IF($O$7=4,($O$38)+IF($O27=$O$7+$P$7,$O$39,0),0),0)+IF($P27<>"",($P$7*$O$40)+IF($P$7=4,($O$38)+IF($P27=$O$7+$P$7,$O$39,0),0),0)) -> 0 | Q28: =(IF($Q27<>"",($Q$7*$O$40)+IF($Q$7=4,($O$38)+IF($Q27=$Q$7+$R$7,$O$39,0),0),0)+IF($R27<>"",($R$7*$O$40)+IF($R$7=4,($O$38)+IF($R27=$Q$7+$R$7,$O$39,0),0),0)) -> 0 | T28: =(IF($T27<>"",($T$7*$P$40)+IF($T$7=4,($P$38)+IF($T27=$T$7+$U$7,$P$39,0),0),0)+IF($U27<>"",($U$7*$P$40)+IF($U$7=4,($P$38)+IF($U27=$T$7+$U$7,$P$39,0),0),0)) -> 0 | V28: =(IF($V27<>"",($V$7*$P$40)+IF($V$7=4,($P$38)+IF($V27=$V$7+$W$7,$P$39,0),0),0)+IF($W27<>"",($W$7*$P$40)+IF($W$7=4,($P$38)+IF($W27=$V$7+$W$7,$P$39,0),0),0)) -> 0 | X28: =(IF($X27<>"",($X$7*$P$40)+IF($X$7=4,($P$38)+IF($X27=$X$7+$Y$7,$P$39,0),0),0)+IF($Y27<>"",($Y$7*$P$40)+IF($Y$7=4,($P$38)+IF($Y27=$X$7+$Y$7,$P$39,0),0),0)) -> 0 | Z28: =(IF($Z27<>"",($Z$7*$P$40)+IF($Z$7=4,($P$38)+IF($Z27=$Z$7+$AA$7,$P$39,0),0),0)+IF($AA27<>"",($AA$7*$P$40)+IF($AA$7=4,($P$38)+IF($AA27=$Z$7+$AA$7,$P$39,0),0),0)) -> 0 | AC28: =(IF($AC27<>"",($AC$7*$Q$40)+IF($AC$7=4,($Q$38)+IF($AC27=$AC$7+$AD$7,$Q$39,0),0),0)+IF($AD27<>"",($AD$7*$Q$40)+IF($AD$7=4,($Q$38)+IF($AD27=$AC$7+$AD$7,$Q$39,0),0),0)) -> 0 | AE28: =(IF($AE27<>"",($AE$7*$Q$40)+IF($AE$7=4,($Q$38)+IF($AE27=$AE$7+$AF$7,$Q$39,0),0),0)+IF($AF27<>"",($AF$7*$Q$40)+IF($AF$7=4,($Q$38)+IF($AF27=$AE$7+$AF$7,$Q$39,0),0),0)) -> 0 | AH28: =(IF($AH27<>"",($AH$7*$Q$40)+IF($AH$7=4,($R$38)+IF($AH27=$AH$7+$AI$7,$R$39,0),0),0)+IF($AI27<>"",($AI$7*$R$40)+IF($AI$7=4,($R$38)+IF($AI27=$AH$7+$AI$7,$R$39,0),0),0)) -> 0 | AK28: =MAX($AL$11:$AL$33) - AL28 -> 0
C29: =IF(ISBLANK(C27), 0, IF(C$7= 4, 1, 0)) -> 0 | D29: =IF(ISBLANK(D27), 0, IF(D$7 = 4, 1, 0)) -> 0 | E29: =IF(ISBLANK(E27), 0, IF(E$7= 4, 1, 0)) -> 0 | F29: =IF(ISBLANK(F27), 0, IF(F$7 = 4, 1, 0)) -> 0 | G29: =IF(ISBLANK(G27), 0, IF(G$7= 4, 1, 0)) -> 0 | H29: =IF(ISBLANK(H27), 0, IF(H$7 = 4, 1, 0)) -> 0 | I29: =IF(ISBLANK(I27), 0, IF(I$7= 4, 1, 0)) -> 0 | J29: =IF(ISBLANK(J27), 0, IF(J$7 = 4, 1, 0)) -> 0 | K29: =IF(ISBLANK(K27), 0, IF(K$7= 4, 1, 0)) -> 0 | L29: =IF(ISBLANK(L27), 0, IF(L$7 = 4, 1, 0)) -> 0 | M29: =IF(ISBLANK(M27), 0, IF(M$7= 4, 1, 0)) -> 0 | N29: =IF(ISBLANK(N27), 0, IF(N$7 = 4, 1, 0)) -> 0 | O29: =IF(ISBLANK(O27), 0, IF(O$7= 4, 1, 0)) -> 0 | P29: =IF(ISBLANK(P27), 0, IF(P$7 = 4, 1, 0)) -> 0 | Q29: =IF(ISBLANK(Q27), 0, IF(Q$7= 4, 1, 0)) -> 0 | R29: =IF(ISBLANK(R27), 0, IF(R$7 = 4, 1, 0)) -> 0 | T29: =IF(ISBLANK(T27), 0, IF(T$7= 4, 1, 0)) -> 0 | U29: =IF(ISBLANK(U27), 0, IF(U$7 = 4, 1, 0)) -> 0 | V29: =IF(ISBLANK(V27), 0, IF(V$7= 4, 1, 0)) -> 0 | W29: =IF(ISBLANK(W27), 0, IF(W$7 = 4, 1, 0)) -> 0 | X29: =IF(ISBLANK(X27), 0, IF(X$7= 4, 1, 0)) -> 0 | Y29: =IF(ISBLANK(Y27), 0, IF(Y$7 = 4, 1, 0)) -> 0 | Z29: =IF(ISBLANK(Z27), 0, IF(Z$7= 4, 1, 0)) -> 0 | AA29: =IF(ISBLANK(AA27), 0, IF(AA$7 = 4, 1, 0)) -> 0 | AC29: =IF(ISBLANK(AC27), 0, IF(AC$7= 4, 1, 0)) -> 0 | AD29: =IF(ISBLANK(AD27), 0, IF(AD$7 = 4, 1, 0)) -> 0 | AE29: =IF(ISBLANK(AE27), 0, IF(AE$7= 4, 1, 0)) -> 0 | AF29: =IF(ISBLANK(AF27), 0, IF(AF$7 = 4, 1, 0)) -> 0 | AH29: =IF(ISBLANK(AH27), 0, IF(AH$7= 4, 1, 0)) -> 0 | AI29: =IF(ISBLANK(AI27), 0, IF(AI$7 = 4, 1, 0)) -> 0 | AK29: =SUM(C29:AI29) -> 0
C30: =IF(C29 = 0, 0, IF(C27 = (C$7+D$7),1,0)) -> 0 | D30: =IF(D29 = 0, 0, IF(D27 = (C$7+D$7),1,0)) -> 0 | E30: =IF(E29 = 0, 0, IF(E27 = (E$7+F$7),1,0)) -> 0 | F30: =IF(F29 = 0, 0, IF(F27 = (E$7+F$7),1,0)) -> 0 | G30: =IF(G29 = 0, 0, IF(G27 = (G$7+H$7),1,0)) -> 0 | H30: =IF(H29 = 0, 0, IF(H27 = (G$7+H$7),1,0)) -> 0 | I30: =IF(I29 = 0, 0, IF(I27 = (I$7+J$7),1,0)) -> 0 | J30: =IF(J29 = 0, 0, IF(J27 = (I$7+J$7),1,0)) -> 0 | K30: =IF(K29 = 0, 0, IF(K27 = (K$7+L$7),1,0)) -> 0 | L30: =IF(L29 = 0, 0, IF(L27 = (K$7+L$7),1,0)) -> 0 | M30: =IF(M29 = 0, 0, IF(M27 = (M$7+N$7),1,0)) -> 0 | N30: =IF(N29 = 0, 0, IF(N27 = (M$7+N$7),1,0)) -> 0 | O30: =IF(O29 = 0, 0, IF(O27 = (O$7+P$7),1,0)) -> 0 | P30: =IF(P29 = 0, 0, IF(P27 = (O$7+P$7),1,0)) -> 0 | Q30: =IF(Q29 = 0, 0, IF(Q27 = (Q$7+R$7),1,0)) -> 0 | R30: =IF(R29 = 0, 0, IF(R27 = (Q$7+R$7),1,0)) -> 0 | T30: =IF(T29 = 0, 0, IF(T27 = (T$7+U$7),1,0)) -> 0 | U30: =IF(U29 = 0, 0, IF(U27 = (T$7+U$7),1,0)) -> 0 | V30: =IF(V29 = 0, 0, IF(V27 = (V$7+W$7),1,0)) -> 0 | W30: =IF(W29 = 0, 0, IF(W27 = (V$7+W$7),1,0)) -> 0 | X30: =IF(X29 = 0, 0, IF(X27 = (X$7+Y$7),1,0)) -> 0 | Y30: =IF(Y29 = 0, 0, IF(Y27 = (X$7+Y$7),1,0)) -> 0 | Z30: =IF(Z29 = 0, 0, IF(Z27 = (Z$7+AA$7),1,0)) -> 0 | AA30: =IF(AA29 = 0, 0, IF(AA27 = (Z$7+AA$7),1,0)) -> 0 | AC30: =IF(AC29 = 0, 0, IF(AC27 = (AC$7+AD$7),1,0)) -> 0 | AD30: =IF(AD29 = 0, 0, IF(AD27 = (AC$7+AD$7),1,0)) -> 0 | AE30: =IF(AE29 = 0, 0, IF(AE27 = (AE$7+AF$7),1,0)) -> 0 | AF30: =IF(AF29 = 0, 0, IF(AF27 = (AE$7+AF$7),1,0)) -> 0 | AH30: =IF(AH29 = 0, 0, IF(AH27 = (AH$7+AI$7),1,0)) -> 0 | AI30: =IF(AI29 = 0, 0, IF(AI27 = (AH$7+AI$7),1,0)) -> 0 | AK30: =SUM(C30:AI30) -> 0
A31: =RANK(AL31,$AL$11:$AL$33,) -> 1 | C31: =(IF(#REF!<>"",($C$7*$O$40)+IF($C$7=4,($O$38)+IF(#REF!=$C$7+$D$7,$O$39,0),0),0)+IF(#REF!<>"",($D$7*$O$40)+IF($D$7=4,($O$38)+IF(#REF!=$C$7+$D$7,$O$39,0),0),0)) -> #REF! | E31: =(IF(#REF!<>"",($E$7*$O$40)+IF($E$7=4,($O$38)+IF(#REF!=$E$7+$F$7,$O$39,0),0),0)+IF(#REF!<>"",($F$7*$O$40)+IF($F$7=4,($O$38)+IF(#REF!=$E$7+$F$7,$O$39,0),0),0)) -> #REF! | G31: =(IF(#REF!<>"",($G$7*$O$40)+IF($G$7=4,($O$38)+IF(#REF!=$G$7+$H$7,$O$39,0),0),0)+IF(#REF!<>"",($H$7*$O$40)+IF($H$7=4,($O$38)+IF(#REF!=$G$7+$H$7,$O$39,0),0),0)) -> #REF! | I31: =(IF(#REF!<>"",($I$7*$O$40)+IF($I$7=4,($O$38)+IF(#REF!=$I$7+$J$7,$O$39,0),0),0)+IF(#REF!<>"",($J$7*$O$40)+IF($J$7=4,($O$38)+IF(#REF!=$I$7+$J$7,$O$39,0),0),0)) -> #REF! | K31: =(IF(#REF!<>"",($K$7*$O$40)+IF($K$7=4,($O$38)+IF(#REF!=$K$7+$L$7,$O$39,0),0),0)+IF(#REF!<>"",($L$7*$O$40)+IF($L$7=4,($O$38)+IF(#REF!=$K$7+$L$7,$O$39,0),0),0)) -> #REF! | M31: =(IF(#REF!<>"",($M$7*$O$40)+IF($M$7=4,($O$38)+IF(#REF!=$M$7+$N$7,$O$39,0),0),0)+IF(#REF!<>"",($N$7*$O$40)+IF($N$7=4,($O$38)+IF(#REF!=$M$7+$N$7,$O$39,0),0),0)) -> #REF! | O31: =(IF(#REF!<>"",($O$7*$O$40)+IF($O$7=4,($O$38)+IF(#REF!=$O$7+$P$7,$O$39,0),0),0)+IF(#REF!<>"",($P$7*$O$40)+IF($P$7=4,($O$38)+IF(#REF!=$O$7+$P$7,$O$39,0),0),0)) -> #REF! | Q31: =(IF(#REF!<>"",($Q$7*$O$40)+IF($Q$7=4,($O$38)+IF(#REF!=$Q$7+$R$7,$O$39,0),0),0)+IF(#REF!<>"",($R$7*$O$40)+IF($R$7=4,($O$38)+IF(#REF!=$Q$7+$R$7,$O$39,0),0),0)) -> #REF! | T31: =(IF(#REF!<>"",($T$7*$P$40)+IF($T$7=4,($P$38)+IF(#REF!=$T$7+$U$7,$P$39,0),0),0)+IF(#REF!<>"",($U$7*$P$40)+IF($U$7=4,($P$38)+IF(#REF!=$T$7+$U$7,$P$39,0),0),0)) -> #REF! | V31: =(IF(#REF!<>"",($V$7*$P$40)+IF($V$7=4,($P$38)+IF(#REF!=$V$7+$W$7,$P$39,0),0),0)+IF(#REF!<>"",($W$7*$P$40)+IF($W$7=4,($P$38)+IF(#REF!=$V$7+$W$7,$P$39,0),0),0)) -> #REF! | X31: =(IF(#REF!<>"",($X$7*$P$40)+IF($X$7=4,($P$38)+IF(#REF!=$X$7+$Y$7,$P$39,0),0),0)+IF(#REF!<>"",($Y$7*$P$40)+IF($Y$7=4,($P$38)+IF(#REF!=$X$7+$Y$7,$P$39,0),0),0)) -> #REF! | Z31: =(IF(#REF!<>"",($Z$7*$P$40)+IF($Z$7=4,($P$38)+IF(#REF!=$Z$7+$AA$7,$P$39,0),0),0)+IF(#REF!<>"",($AA$7*$P$40)+IF($AA$7=4,($P$38)+IF(#REF!=$Z$7+$AA$7,$P$39,0),0),0)) -> #REF! | AC31: =(IF(#REF!<>"",($AC$7*$Q$40)+IF($AC$7=4,($Q$38)+IF(#REF!=$AC$7+$AD$7,$Q$39,0),0),0)+IF(#REF!<>"",($AD$7*$Q$40)+IF($AD$7=4,($Q$38)+IF(#REF!=$AC$7+$AD$7,$Q$39,0),0),0)) -> #REF! | AE31: =(IF(#REF!<>"",($AE$7*$Q$40)+IF($AE$7=4,($Q$38)+IF(#REF!=$AE$7+$AF$7,$Q$39,0),0),0)+IF(#REF!<>"",($AF$7*$Q$40)+IF($AF$7=4,($Q$38)+IF(#REF!=$AE$7+$AF$7,$Q$39,0),0),0)) -> #REF! | AH31: =(IF(#REF!<>"",($AH$7*$Q$40)+IF($AH$7=4,($R$38)+IF(#REF!=$AH$7+$AI$7,$R$39,0),0),0)+IF(#REF!<>"",($AI$7*$R$40)+IF($AI$7=4,($R$38)+IF(#REF!=$AH$7+$AI$7,$R$39,0),0),0)) -> #REF!
B32: Prédiction équipe | C32: =IF(ISBLANK(#REF!), 0, IF(C$7= 4, 1, 0)) -> 0 | D32: =IF(ISBLANK(#REF!), 0, IF(D$7 = 4, 1, 0)) -> 0 | E32: =IF(ISBLANK(#REF!), 0, IF(E$7= 4, 1, 0)) -> 0 | F32: =IF(ISBLANK(#REF!), 0, IF(F$7 = 4, 1, 0)) -> 0 | G32: =IF(ISBLANK(#REF!), 0, IF(G$7= 4, 1, 0)) -> 0 | H32: =IF(ISBLANK(#REF!), 0, IF(H$7 = 4, 1, 0)) -> 0 | I32: =IF(ISBLANK(#REF!), 0, IF(I$7= 4, 1, 0)) -> 0 | J32: =IF(ISBLANK(#REF!), 0, IF(J$7 = 4, 1, 0)) -> 0 | K32: =IF(ISBLANK(#REF!), 0, IF(K$7= 4, 1, 0)) -> 0 | L32: =IF(ISBLANK(#REF!), 0, IF(L$7 = 4, 1, 0)) -> 0 | M32: =IF(ISBLANK(#REF!), 0, IF(M$7= 4, 1, 0)) -> 0 | N32: =IF(ISBLANK(#REF!), 0, IF(N$7 = 4, 1, 0)) -> 0 | O32: =IF(ISBLANK(#REF!), 0, IF(O$7= 4, 1, 0)) -> 0 | P32: =IF(ISBLANK(#REF!), 0, IF(P$7 = 4, 1, 0)) -> 0 | Q32: =IF(ISBLANK(#REF!), 0, IF(Q$7= 4, 1, 0)) -> 0 | R32: =IF(ISBLANK(#REF!), 0, IF(R$7 = 4, 1, 0)) -> 0 | T32: =IF(ISBLANK(#REF!), 0, IF(T$7= 4, 1, 0)) -> 0 | U32: =IF(ISBLANK(#REF!), 0, IF(U$7 = 4, 1, 0)) -> 0 | V32: =IF(ISBLANK(#REF!), 0, IF(V$7= 4, 1, 0)) -> 0 | W32: =IF(ISBLANK(#REF!), 0, IF(W$7 = 4, 1, 0)) -> 0 | X32: =IF(ISBLANK(#REF!), 0, IF(X$7= 4, 1, 0)) -> 0 | Y32: =IF(ISBLANK(#REF!), 0, IF(Y$7 = 4, 1, 0)) -> 0 | Z32: =IF(ISBLANK(#REF!), 0, IF(Z$7= 4, 1, 0)) -> 0 | AA32: =IF(ISBLANK(#REF!), 0, IF(AA$7 = 4, 1, 0)) -> 0 | AC32: =IF(ISBLANK(#REF!), 0, IF(AC$7= 4, 1, 0)) -> 0 | AD32: =IF(ISBLANK(#REF!), 0, IF(AD$7 = 4, 1, 0)) -> 0 | AE32: =IF(ISBLANK(#REF!), 0, IF(AE$7= 4, 1, 0)) -> 0 | AF32: =IF(ISBLANK(#REF!), 0, IF(AF$7 = 4, 1, 0)) -> 0 | AH32: =IF(ISBLANK(#REF!), 0, IF(AH$7= 4, 1, 0)) -> 0 | AI32: =IF(ISBLANK(#REF!), 0, IF(AI$7 = 4, 1, 0)) -> 0 | AK32: =SUM(C32:AI32) -> 0
B33: Prédiciton nb matchs | C33: =IF(C32 = 0, 0, IF(#REF! = (C$7+D$7),1,0)) -> 0 | D33: =IF(D32 = 0, 0, IF(#REF! = (C$7+D$7),1,0)) -> 0 | E33: =IF(E32 = 0, 0, IF(#REF! = (E$7+F$7),1,0)) -> 0 | F33: =IF(F32 = 0, 0, IF(#REF! = (E$7+F$7),1,0)) -> 0 | G33: =IF(G32 = 0, 0, IF(#REF! = (G$7+H$7),1,0)) -> 0 | H33: =IF(H32 = 0, 0, IF(#REF! = (G$7+H$7),1,0)) -> 0 | I33: =IF(I32 = 0, 0, IF(#REF! = (I$7+J$7),1,0)) -> 0 | J33: =IF(J32 = 0, 0, IF(#REF! = (I$7+J$7),1,0)) -> 0 | K33: =IF(K32 = 0, 0, IF(#REF! = (K$7+L$7),1,0)) -> 0 | L33: =IF(L32 = 0, 0, IF(#REF! = (K$7+L$7),1,0)) -> 0 | M33: =IF(M32 = 0, 0, IF(#REF! = (M$7+N$7),1,0)) -> 0 | N33: =IF(N32 = 0, 0, IF(#REF! = (M$7+N$7),1,0)) -> 0 | O33: =IF(O32 = 0, 0, IF(#REF! = (O$7+P$7),1,0)) -> 0 | P33: =IF(P32 = 0, 0, IF(#REF! = (O$7+P$7),1,0)) -> 0 | Q33: =IF(Q32 = 0, 0, IF(#REF! = (Q$7+R$7),1,0)) -> 0 | R33: =IF(R32 = 0, 0, IF(#REF! = (Q$7+R$7),1,0)) -> 0 | T33: =IF(T32 = 0, 0, IF(#REF! = (T$7+U$7),1,0)) -> 0 | U33: =IF(U32 = 0, 0, IF(#REF! = (T$7+U$7),1,0)) -> 0 | V33: =IF(V32 = 0, 0, IF(#REF! = (V$7+W$7),1,0)) -> 0 | W33: =IF(W32 = 0, 0, IF(#REF! = (V$7+W$7),1,0)) -> 0 | X33: =IF(X32 = 0, 0, IF(#REF! = (X$7+Y$7),1,0)) -> 0 | Y33: =IF(Y32 = 0, 0, IF(#REF! = (X$7+Y$7),1,0)) -> 0 | Z33: =IF(Z32 = 0, 0, IF(#REF! = (Z$7+AA$7),1,0)) -> 0 | AA33: =IF(AA32 = 0, 0, IF(#REF! = (Z$7+AA$7),1,0)) -> 0 | AC33: =IF(AC32 = 0, 0, IF(#REF! = (AC$7+AD$7),1,0)) -> 0 | AD33: =IF(AD32 = 0, 0, IF(#REF! = (AC$7+AD$7),1,0)) -> 0 | AE33: =IF(AE32 = 0, 0, IF(#REF! = (AE$7+AF$7),1,0)) -> 0 | AF33: =IF(AF32 = 0, 0, IF(#REF! = (AE$7+AF$7),1,0)) -> 0 | AH33: =IF(AH32 = 0, 0, IF(#REF! = (AH$7+AI$7),1,0)) -> 0 | AI33: =IF(AI32 = 0, 0, IF(#REF! = (AH$7+AI$7),1,0)) -> 0 | AK33: =SUM(C33:AI33) -> 0
C34: =COUNT(C11,C15,C19,C23,C27,#REF!,#REF!,#REF!,#REF!,#REF!,#REF!,#REF!,#REF!,#REF!,#REF!,#REF!,#REF!,#REF!,#REF!,#REF!,#REF!,#REF!) -> 4 | D34: =COUNT(D11,D15,D19,D23,D27,#REF!,#REF!,#REF!,#REF!,#REF!,#REF!,#REF!,#REF!,#REF!,#REF!,#REF!,#REF!,#REF!,#REF!,#REF!,#REF!,#REF!) -> 1 | E34: =COUNT(E11,E15,E19,E23,E27,#REF!,#REF!,#REF!,#REF!,#REF!,#REF!,#REF!,#REF!,#REF!,#REF!,#REF!,#REF!,#REF!,#REF!,#REF!,#REF!,#REF!) -> 3 | F34: =COUNT(F11,F15,F19,F23,F27,#REF!,#REF!,#REF!,#REF!,#REF!,#REF!,#REF!,#REF!,#REF!,#REF!,#REF!,#REF!,#REF!,#REF!,#REF!,#REF!,#REF!) -> 2 | G34: =COUNT(G11,G15,G19,G23,G27,#REF!,#REF!,#REF!,#REF!,#REF!,#REF!,#REF!,#REF!,#REF!,#REF!,#REF!,#REF!,#REF!,#REF!,#REF!,#REF!,#REF!) -> 4 | H34: =COUNT(H11,H15,H19,H23,H27,#REF!,#REF!,#REF!,#REF!,#REF!,#REF!,#REF!,#REF!,#REF!,#REF!,#REF!,#REF!,#REF!,#REF!,#REF!,#REF!,#REF!) -> 1 | I34: =COUNT(I11,I15,I19,I23,I27,#REF!,#REF!,#REF!,#REF!,#REF!,#REF!,#REF!,#REF!,#REF!,#REF!,#REF!,#REF!,#REF!,#REF!,#REF!,#REF!,#REF!) -> 1 | J34: =COUNT(J11,J15,J19,J23,J27,#REF!,#REF!,#REF!,#REF!,#REF!,#REF!,#REF!,#REF!,#REF!,#REF!,#REF!,#REF!,#REF!,#REF!,#REF!,#REF!,#REF!) -> 4 | ... R34: =COUNT(R11,R15,R19,R23,R27,#REF!,#REF!,#REF!,#REF!,#REF!,#REF!,#REF!,#REF!,#REF!,#REF!,#REF!,#REF!,#REF!,#REF!,#REF!,#REF!,#REF!) -> 2 | T34: =COUNT(T11,T15,T19,T23,T27,#REF!,#REF!,#REF!,#REF!,#REF!,#REF!,#REF!,#REF!,#REF!,#REF!,#REF!,#REF!,#REF!,#REF!,#REF!,#REF!,#REF!) -> 0 | U34: =COUNT(U11,U15,U19,U23,U27,#REF!,#REF!,#REF!,#REF!,#REF!,#REF!,#REF!,#REF!,#REF!,#REF!,#REF!,#REF!,#REF!,#REF!,#REF!,#REF!,#REF!) -> 0 | V34: =COUNT(V11,V15,V19,V23,V27,#REF!,#REF!,#REF!,#REF!,#REF!,#REF!,#REF!,#REF!,#REF!,#REF!,#REF!,#REF!,#REF!,#REF!,#REF!,#REF!,#REF!) -> 0 | W34: =COUNT(W11,W15,W19,W23,W27,#REF!,#REF!,#REF!,#REF!,#REF!,#REF!,#REF!,#REF!,#REF!,#REF!,#REF!,#REF!,#REF!,#REF!,#REF!,#REF!,#REF!) -> 0 | X34: =COUNT(X11,X15,X19,X23,X27,#REF!,#REF!,#REF!,#REF!,#REF!,#REF!,#REF!,#REF!,#REF!,#REF!,#REF!,#REF!,#REF!,#REF!,#REF!,#REF!,#REF!) -> 0 | Y34: =COUNT(Y11,Y15,Y19,Y23,Y27,#REF!,#REF!,#REF!,#REF!,#REF!,#REF!,#REF!,#REF!,#REF!,#REF!,#REF!,#REF!,#REF!,#REF!,#REF!,#REF!,#REF!) -> 0 | Z34: =COUNT(Z11,Z15,Z19,Z23,Z27,#REF!,#REF!,#REF!,#REF!,#REF!,#REF!,#REF!,#REF!,#REF!,#REF!,#REF!,#REF!,#REF!,#REF!,#REF!,#REF!,#REF!) -> 0 | AA34: =COUNT(AA11,AA15,AA19,AA23,AA27,#REF!,#REF!,#REF!,#REF!,#REF!,#REF!,#REF!,#REF!,#REF!,#REF!,#REF!,#REF!,#REF!,#REF!,#REF!,#REF!,#REF!) -> 0 | AC34: =COUNT(AC11,AC15,AC19,AC23,AC27,#REF!,#REF!,#REF!,#REF!,#REF!,#REF!,#REF!,#REF!,#REF!,#REF!,#REF!,#REF!,#REF!,#REF!,#REF!,#REF!,#REF!) -> 0 | AD34: =COUNT(AD11,AD15,AD19,AD23,AD27,#REF!,#REF!,#REF!,#REF!,#REF!,#REF!,#REF!,#REF!,#REF!,#REF!,#REF!,#REF!,#REF!,#REF!,#REF!,#REF!,#REF!) -> 0 | AE34: =COUNT(AE11,AE15,AE19,AE23,AE27,#REF!,#REF!,#REF!,#REF!,#REF!,#REF!,#REF!,#REF!,#REF!,#REF!,#REF!,#REF!,#REF!,#REF!,#REF!,#REF!,#REF!) -> 0 | AF34: =COUNT(AF11,AF15,AF19,AF23,AF27,#REF!,#REF!,#REF!,#REF!,#REF!,#REF!,#REF!,#REF!,#REF!,#REF!,#REF!,#REF!,#REF!,#REF!,#REF!,#REF!,#REF!) -> 0 | AH34: =COUNT(AH11,AH15,AH19,AH23,AH27,#REF!,#REF!,#REF!,#REF!,#REF!,#REF!,#REF!,#REF!,#REF!,#REF!,#REF!,#REF!,#REF!,#REF!,#REF!,#REF!,#REF!) -> 0 | AI34: =COUNT(AI11,AI15,AI19,AI23,AI27,#REF!,#REF!,#REF!,#REF!,#REF!,#REF!,#REF!,#REF!,#REF!,#REF!,#REF!,#REF!,#REF!,#REF!,#REF!,#REF!,#REF!) -> 0
O36: RONDES
B37: SYSTÈME DE POINTAGE | O37: 1 | P37: 2 | Q37: 3 | R37: 4 | U37: INFORMATIONS | AG37: BOURSES
B38: Points pour les prédictions exactes des équipes | O38: 3 | P38: 3 | Q38: 3 | R38: 3 | U38: Nb. Participants | AB38: 5 | AG38: 1ère place | AK38: 100
B39: Points pour les prédictions exactes du nombre de parties | O39: 2 | P39: 2 | Q39: 2 | R39: 2 | U39: Prix d'inscription | AB39: 20 | AG39: 2e place | AK39: 0
B40: Points pour les victoires | O40: 0 | P40: 0 | Q40: 0 | R40: 0 | U40: Total | AB40: =AB38*AB39 -> 100 | AG40: 3e place | AK40: 0
AG41: 4e place | AK41: 0
AG42: Total | AK42: =SUM(AK38:AK41) -> 100

Sheet Résultats
A3: A1 | B3: BOSTON | C3: 3 | D3: 3 | E3: 4 | J3: =IF(C3>C4,1,0)+IF(D3>D4,1,0)+IF(E3>E4,1,0)+IF(F3>F4,1,0)+IF(G3>G4,1,0)+IF(H3>H4,1,0)+IF(I3>I4,1,0) -> 2
A4: WC2 | B4: FLORIDA | C4: 1 | D4: 6 | E4: 2 | J4: =IF(C4>C3,1,0)+IF(D4>D3,1,0)+IF(E4>E3,1,0)+IF(F4>F3,1,0)+IF(G4>G3,1,0)+IF(H4>H3,1,0)+IF(I4>I3,1,0) -> 1
A6: A2 | B6: TORONTO | C6: 3 | D6: 7 | J6: =IF(C6>C7,1,0)+IF(D6>D7,1,0)+IF(E6>E7,1,0)+IF(F6>F7,1,0)+IF(G6>G7,1,0)+IF(H6>H7,1,0)+IF(I6>I7,1,0) -> 1 | M6: A2 | V6: =IF(O6>O7,1,0)+IF(P6>P7,1,0)+IF(Q6>Q7,1,0)+IF(R6>R7,1,0)+IF(S6>S7,1,0)+IF(T6>T7,1,0)+IF(U6>U7,1,0) -> 0
A7: A3 | B7: TAMPA BAY | C7: 7 | D7: 2 | J7: =IF(C7>C6,1,0)+IF(D7>D6,1,0)+IF(E7>E6,1,0)+IF(F7>F6,1,0)+IF(G7>G6,1,0)+IF(H7>H6,1,0)+IF(I7>I6,1,0) -> 1 | M7: WC2 | V7: =IF(O7>O6,1,0)+IF(P7>P6,1,0)+IF(Q7>Q6,1,0)+IF(R7>R6,1,0)+IF(S7>S6,1,0)+IF(T7>T6,1,0)+IF(U7>U6,1,0) -> 0
Y8: A2 | AH8: =IF(AA8>AA9,1,0)+IF(AB8>AB9,1,0)+IF(AC8>AC9,1,0)+IF(AD8>AD9,1,0)+IF(AE8>AE9,1,0)+IF(AF8>AF9,1,0)+IF(AG8>AG9,1,0) -> 0
Y9: WC1 | AH9: =IF(AA9>AA8,1,0)+IF(AB9>AB8,1,0)+IF(AC9>AC8,1,0)+IF(AD9>AD8,1,0)+IF(AE9>AE8,1,0)+IF(AF9>AF8,1,0)+IF(AG9>AG8,1,0) -> 0
A10: M1 | B10: CAROLINA | C10: 2 | D10: 4 | E10: 1 | J10: =IF(C10>C11,1,0)+IF(D10>D11,1,0)+IF(E10>E11,1,0)+IF(F10>F11,1,0)+IF(G10>G11,1,0)+IF(H10>H11,1,0)+IF(I10>I11,1,0) -> 2 | M10: M2 | V10: =IF(O10>O11,1,0)+IF(P10>P11,1,0)+IF(Q10>Q11,1,0)+IF(R10>R11,1,0)+IF(S10>S11,1,0)+IF(T10>T11,1,0)+IF(U10>U11,1,0) -> 0
A11: WC1 | B11: NY ISLANDERS | C11: 1 | D11: 3 | E11: 5 | J11: =IF(C11>C10,1,0)+IF(D11>D10,1,0)+IF(E11>E10,1,0)+IF(F11>F10,1,0)+IF(G11>G10,1,0)+IF(H11>H10,1,0)+IF(I11>I10,1,0) -> 1 | M11: WC1 | V11: =IF(O11>O10,1,0)+IF(P11>P10,1,0)+IF(Q11>Q10,1,0)+IF(R11>R10,1,0)+IF(S11>S10,1,0)+IF(T11>T10,1,0)+IF(U11>U10,1,0) -> 0
A13: M2 | B13: NEW JERSEY | C13: 1 | D13: 1 | J13: =IF(C13>C14,1,0)+IF(D13>D14,1,0)+IF(E13>E14,1,0)+IF(F13>F14,1,0)+IF(G13>G14,1,0)+IF(H13>H14,1,0)+IF(I13>I14,1,0) -> 0
A14: M3 | B14: NY RANGERS | C14: 5 | D14: 5 | J14: =IF(C14>C13,1,0)+IF(D14>D13,1,0)+IF(E14>E13,1,0)+IF(F14>F13,1,0)+IF(G14>G13,1,0)+IF(H14>H13,1,0)+IF(I14>I13,1,0) -> 2
Y15: A2 | AH15: =IF(AA15>AA16,1,0)+IF(AB15>AB16,1,0)+IF(AC15>AC16,1,0)+IF(AD15>AD16,1,0)+IF(AE15>AE16,1,0)+IF(AF15>AF16,1,0)+IF(AG15>AG16,1,0) -> 0
Y16: C3 | AH16: =IF(AA16>AA15,1,0)+IF(AB16>AB15,1,0)+IF(AC16>AC15,1,0)+IF(AD16>AD15,1,0)+IF(AE16>AE15,1,0)+IF(AF16>AF15,1,0)+IF(AG16>AG15,1,0) -> 0
A17: C1 | B17: COLORADO | C17: 1 | D17: 3 | J17: =IF(C17>C18,1,0)+IF(D17>D18,1,0)+IF(E17>E18,1,0)+IF(F17>F18,1,0)+IF(G17>G18,1,0)+IF(H17>H18,1,0)+IF(I17>I18,1,0) -> 1
A18: WC2 | B18: SEATTLE | C18: 3 | D18: 2 | J18: =IF(C18>C17,1,0)+IF(D18>D17,1,0)+IF(E18>E17,1,0)+IF(F18>F17,1,0)+IF(G18>G17,1,0)+IF(H18>H17,1,0)+IF(I18>I17,1,0) -> 1
A20: C2 | B20: DALLAS | C20: 2 | D20: 7 | E20: 1 | J20: =IF(C20>C21,1,0)+IF(D20>D21,1,0)+IF(E20>E21,1,0)+IF(F20>F21,1,0)+IF(G20>G21,1,0)+IF(H20>H21,1,0)+IF(I20>I21,1,0) -> 1 | M20: P2 | V20: =IF(O20>O21,1,0)+IF(P20>P21,1,0)+IF(Q20>Q21,1,0)+IF(R20>R21,1,0)+IF(S20>S21,1,0)+IF(T20>T21,1,0)+IF(U20>U21,1,0) -> 0
A21: C3 | B21: MINNESOTA | C21: 3 | D21: 3 | E21: 5 | J21: =IF(C21>C20,1,0)+IF(D21>D20,1,0)+IF(E21>E20,1,0)+IF(F21>F20,1,0)+IF(G21>G20,1,0)+IF(H21>H20,1,0)+IF(I21>I20,1,0) -> 2 | M21: WC2 | V21: =IF(O21>O20,1,0)+IF(P21>P20,1,0)+IF(Q21>Q20,1,0)+IF(R21>R20,1,0)+IF(S21>S20,1,0)+IF(T21>T20,1,0)+IF(U21>U20,1,0) -> 0
Y22: P2 | AH22: =IF(AA22>AA23,1,0)+IF(AB22>AB23,1,0)+IF(AC22>AC23,1,0)+IF(AD22>AD23,1,0)+IF(AE22>AE23,1,0)+IF(AF22>AF23,1,0)+IF(AG22>AG23,1,0) -> 0
Y23: C3 | AH23: =IF(AA23>AA22,1,0)+IF(AB23>AB22,1,0)+IF(AC23>AC22,1,0)+IF(AD23>AD22,1,0)+IF(AE23>AE22,1,0)+IF(AF23>AF22,1,0)+IF(AG23>AG22,1,0) -> 0
A24: P1 | B24: VEGAS | C24: 1 | D24: 5 | J24: =IF(C24>C25,1,0)+IF(D24>D25,1,0)+IF(E24>E25,1,0)+IF(F24>F25,1,0)+IF(G24>G25,1,0)+IF(H24>H25,1,0)+IF(I24>I25,1,0) -> 1 | M24: C3 | V24: =IF(O24>O25,1,0)+IF(P24>P25,1,0)+IF(Q24>Q25,1,0)+IF(R24>R25,1,0)+IF(S24>S25,1,0)+IF(T24>T25,1,0)+IF(U24>U25,1,0) -> 0
A25: WC1 | B25: WINNIPEG | C25: 5 | D25: 2 | J25: =IF(C25>C24,1,0)+IF(D25>D24,1,0)+IF(E25>E24,1,0)+IF(F25>F24,1,0)+IF(G25>G24,1,0)+IF(H25>H24,1,0)+IF(I25>I24,1,0) -> 1 | M25: WC1 | V25: =IF(O25>O24,1,0)+IF(P25>P24,1,0)+IF(Q25>Q24,1,0)+IF(R25>R24,1,0)+IF(S25>S24,1,0)+IF(T25>T24,1,0)+IF(U25>U24,1,0) -> 0
A27: P2 | B27: EDMONTON | C27: 3 | D27: 4 | E27: 2 | J27: =IF(C27>C28,1,0)+IF(D27>D28,1,0)+IF(E27>E28,1,0)+IF(F27>F28,1,0)+IF(G27>G28,1,0)+IF(H27>H28,1,0)+IF(I27>I28,1,0) -> 1
A28: P3 | B28: LOS ANGELES | C28: 4 | D28: 2 | E28: 3 | J28: =IF(C28>C27,1,0)+IF(D28>D27,1,0)+IF(E28>E27,1,0)+IF(F28>F27,1,0)+IF(G28>G27,1,0)+IF(H28>H27,1,0)+IF(I28>I27,1,0) -> 2

Sheet Règlements
