Workbook
Name PT_PREDICTION_EQUIPE_R1: 'Pool - Ville de Laval'!$O$90
Name PT_PREDICTION_EQUIPE_R2: 'Pool - Ville de Laval'!$P$90
Name PT_PREDICTION_EQUIPE_R3: 'Pool - Ville de Laval'!$Q$90
Name PT_PREDICTION_EQUIPE_R4: 'Pool - Ville de Laval'!$R$90
Name PT_PREDICTION_NB_PARTIES_R1: 'Pool - Ville de Laval'!$O$91
Name PT_PREDICTION_NB_PARTIES_R2: 'Pool - Ville de Laval'!$P$91
Name PT_PREDICTION_NB_PARTIES_R3: 'Pool - Ville de Laval'!$Q$91
Name PT_PREDICTION_NB_PARTIES_R4: 'Pool - Ville de Laval'!$R$91
Name PT_VICTOIRE_R1: 'Pool - Ville de Laval'!$O$92
Name PT_VICTOIRE_R2: 'Pool - Ville de Laval'!$P$92
Name PT_VICTOIRE_R3: 'Pool - Ville de Laval'!$Q$92
Name PT_VICTOIRE_R4: 'Pool - Ville de Laval'!$R$92

Sheet Pool - Ville de Laval
C2: Résultats complets disponibles à l'adresse suivante : | Q2: https://staker4.github.io/pool/laval.pdf
C4: RONDE 1 | T4: RONDE 2 | AC4: RONDE 3 | AH4: R4
C5: EST | K5: OUEST | S5: Sous-total - RONDE 1 | T5: EST | X5: OUEST | AB5: Sous-total - RONDE 2 | AC5: EST | AE5: OUEST | AG5: Sous-total - RONDE 3 | AJ5: Sous-total - RONDE 4
C6: =Résultats!$J$3 -> 4 | D6: =Résultats!$J$4 -> 1 | E6: =Résultats!$J$6 -> 4 | F6: =Résultats!$J$7 -> 3 | G6: =Résultats!$J$10 -> 4 | H6: =Résultats!$J$11 -> 2 | I6: =Résultats!$J$13 -> 4 | J6: =Résultats!$J$14 -> 2 | K6: =Résultats!$J$17 -> 4 | L6: =Résultats!$J$18 -> 2 | M6: =Résultats!$J$20 -> 4 | N6: =Résultats!$J$21 -> 1 | O6: =Résultats!$J$24 -> 4 | P6: =Résultats!$J$25 -> 0 | Q6: =Résultats!$J$27 -> 0 | R6: =Résultats!$J$28 -> 4 | T6: =Résultats!$V$6 -> 4 | U6: =Résultats!$V$7 -> 1 | V6: =Résultats!$V$10 -> 4 | W6: =Résultats!$V$11 -> 2 | X6: =Résultats!$V$20 -> 3 | Y6: =Résultats!$V$21 -> 4 | Z6: =Résultats!$V$24 -> 4 | AA6: =Résultats!$V$25 -> 2 | AC6: =Résultats!$AH$8 -> 3 | AD6: =Résultats!$AH$9 -> 4 | AE6: =Résultats!$AH$22 -> 1 | AF6: =Résultats!$AH$23 -> 4 | AH6: =Résultats!$AH$15 -> 4 | AI6: =Résultats!$AH$16 -> 1
C7: =IF(ISBLANK($C10),0,($C$6*PT_VICTOIRE_R1)+IF($C$6=4,PT_PREDICTION_EQUIPE_R1+IF($C10=$C$6+$D$6,PT_PREDICTION_NB_PARTIES_R1,0),0)) +IF(ISBLANK($D10),0,($D$6*PT_VICTOIRE_R1)+IF($D$6=4,PT_PREDICTION_EQUIPE_R1+IF($D10=$C$6+$D$6,PT_PREDICTION_NB_PARTIES_R1,0),0)) -> 1
C8: =Résultats!$B$3 -> TAMPA BAY | D8: =Résultats!$B$4 -> NEW JERSEY | E8: =Résultats!$B$6 -> BOSTON | F8: =Résultats!$B$7 -> TORONTO | G8: =Résultats!$B$10 -> WASHINGTON | H8: =Résultats!$B$11 -> COLOMBUS | I8: =Résultats!$B$13 -> PITTSBURGH | J8: =Résultats!$B$14 -> PHILADELPHIE | K8: =Résultats!$B$17 -> NASHVILLE | L8: =Résultats!$B$18 -> COLORADO | M8: =Résultats!$B$20 -> WINNIPEG | N8: =Résultats!$B$21 -> MINNESOTA | O8: =Résultats!$B$24 -> VEGAS | P8: =Résultats!$B$25 -> LOS ANGELES | Q8: =Résultats!$B$27 -> ANAHEIM | R8: =Résultats!$B$28 -> SAN JOSE | T8: =Résultats!$N$6 -> TAMPA BAY | U8: =Résultats!$N$7 -> BOSTON | V8: =Résultats!$N$10 -> WASHINGTON | W8: =Résultats!$N$11 -> PITTSBURGH | X8: =Résultats!$N$20 -> NASHVILLE | Y8: =Résultats!$N$21 -> WINNIPEG | Z8: =Résultats!$N$24 -> VEGAS | AA8: =Résultats!$N$25 -> SAN JOSE | AC8: =Résultats!$Z$8 -> TAMPA BAY | AD8: =Résultats!$Z$9 -> WASHINGTON | AE8: =Résultats!$Z$22 -> WINNIPEG | AF8: =Résultats!$Z$23 -> VEGAS | AH8: =Résultats!$Z$15 -> WASHINGTON | AI8: =Résultats!$Z$16 -> VEGAS
A9: # | B9: NOM | C9: =Résultats!$A$3 -> M1 | D9: =Résultats!$A$4 -> WC | E9: =Résultats!$A$6 -> M2 | F9: =Résultats!$A$7 -> M3 | G9: =Résultats!$A$10 -> A1 | H9: =Résultats!$A$11 -> WC | I9: =Résultats!$A$13 -> A2 | J9: =Résultats!$A$14 -> A3 | K9: =Résultats!$A$17 -> C1 | L9: =Résultats!$A$18 -> WC | M9: =Résultats!$A$20 -> C2 | N9: =Résultats!$A$21 -> C3 | O9: =Résultats!$A$24 -> P1 | P9: =Résultats!$A$25 -> WC | Q9: =Résultats!$A$27 -> P2 | R9: =Résultats!$A$28 -> P3 | T9: =Résultats!$M$6 -> M1 | U9: =Résultats!$M$7 -> M2 | V9: =Résultats!$M$10 -> A1 | W9: =Résultats!$M$11 -> A2 | X9: =Résultats!$M$20 -> C1 | Y9: =Résultats!$M$21 -> C2 | Z9: =Résultats!$M$24 -> P1 | AA9: =Résultats!$M$25 -> P3 | AC9: =Résultats!$Y$8 -> M1 | AD9: =Résultats!$Y$9 -> A1 | AE9: =Résultats!$Y$22 -> C2 | AF9: =Résultats!$Y$23 -> P1 | AH9: =Résultats!$Y$15 -> A1 | AI9: =Résultats!$Y$16 -> P1 | AK9: ÉCART | AL9: TOTAL
A10: =RANK(AL10,$AL$10:$AL$82,) -> 1 | B10: Matias Fajardo | D10: 5 | E10: 7 | G10: 6 | I10: 6 | K10: 5 | M10: 7 | P10: 7 | R10: 6 | S10: =SUM(C11:R11) -> 61 | T10: 7 | V10: 6 | Y10: 7 | Z10: 7 | AB10: =SUM(T11:AA11) -> 64 | AD10: 6 | AE10: 7 | AG10: =SUM(AC11:AF11) -> 20 | AH10: 7 | AJ10: =AH11 -> 24 | AK10: =MAX($AL$10:$AL$82) - AL10 -> 0 | AL10: =$S10+$AB10+$AG10+$AJ10 -> 169
C11: =(IF($C10<>"",($C$6*$O$92)+IF($C$6=4,($O$90)+IF($C10=$C$6+$D$6,$O$91,0),0),0)+IF($D10<>"",($D$6*$O$92)+IF($D$6=4,($O$90)+IF($D10=$C$6+$D$6,$O$91,0),0),0)) -> 1 | E11: =(IF($E10<>"",($E$6*$O$92)+IF($E$6=4,($O$90)+IF($E10=$E$6+$F$6,$O$91,0),0),0)+IF($F10<>"",($F$6*$O$92)+IF($F$6=4,($O$90)+IF($F10=$E$6+$F$6,$O$91,0),0),0)) -> 11 | G11: =(IF($G10<>"",($G$6*$O$92)+IF($G$6=4,($O$90)+IF($G10=$G$6+$H$6,$O$91,0),0),0)+IF($H10<>"",($H$6*$O$92)+IF($H$6=4,($O$90)+IF($H10=$G$6+$H$6,$O$91,0),0),0)) -> 11 | I11: =(IF($I10<>"",($I$6*$O$92)+IF($I$6=4,($O$90)+IF($I10=$I$6+$J$6,$O$91,0),0),0)+IF($J10<>"",($J$6*$O$92)+IF($J$6=4,($O$90)+IF($J10=$I$6+$J$6,$O$91,0),0),0)) -> 11 | K11: =(IF($K10<>"",($K$6*$O$92)+IF($K$6=4,($O$90)+IF($K10=$K$6+$L$6,$O$91,0),0),0)+IF($L10<>"",($L$6*$O$92)+IF($L$6=4,($O$90)+IF($L10=$K$6+$L$6,$O$91,0),0),0)) -> 9 | M11: =(IF($M10<>"",($M$6*$O$92)+IF($M$6=4,($O$90)+IF($M10=$M$6+$N$6,$O$91,0),0),0)+IF($N10<>"",($N$6*$O$92)+IF($N$6=4,($O$90)+IF($N10=$M$6+$N$6,$O$91,0),0),0)) -> 9 | O11: =(IF($O10<>"",($O$6*$O$92)+IF($O$6=4,($O$90)+IF($O10=$O$6+$P$6,$O$91,0),0),0)+IF($P10<>"",($P$6*$O$92)+IF($P$6=4,($O$90)+IF($P10=$O$6+$P$6,$O$91,0),0),0)) -> 0 | Q11: =(IF($Q10<>"",($Q$6*$O$92)+IF($Q$6=4,($O$90)+IF($Q10=$Q$6+$R$6,$O$91,0),0),0)+IF($R10<>"",($R$6*$O$92)+IF($R$6=4,($O$90)+IF($R10=$Q$6+$R$6,$O$91,0),0),0)) -> 9 | T11: =(IF($T10<>"",($T$6*$P$92)+IF($T$6=4,($P$90)+IF($T10=$T$6+$U$6,$P$91,0),0),0)+IF($U10<>"",($U$6*$P$92)+IF($U$6=4,($P$90)+IF($U10=$T$6+$U$6,$P$91,0),0),0)) -> 14 | V11: =(IF($V10<>"",($V$6*$P$92)+IF($V$6=4,($P$90)+IF($V10=$V$6+$W$6,$P$91,0),0),0)+IF($W10<>"",($W$6*$P$92)+IF($W$6=4,($P$90)+IF($W10=$V$6+$W$6,$P$91,0),0),0)) -> 18 | X11: =(IF($X10<>"",($X$6*$P$92)+IF($X$6=4,($P$90)+IF($X10=$X$6+$Y$6,$P$91,0),0),0)+IF($Y10<>"",($Y$6*$P$92)+IF($Y$6=4,($P$90)+IF($Y10=$X$6+$Y$6,$P$91,0),0),0)) -> 18 | Z11: =(IF($Z10<>"",($Z$6*$P$92)+IF($Z$6=4,($P$90)+IF($Z10=$Z$6+$AA$6,$P$91,0),0),0)+IF($AA10<>"",($AA$6*$P$92)+IF($AA$6=4,($P$90)+IF($AA10=$Z$6+$AA$6,$P$91,0),0),0)) -> 14 | AC11: =(IF($AC10<>"",($AC$6*$Q$92)+IF($AC$6=4,($Q$90)+IF($AC10=$AC$6+$AD$6,$Q$91,0),0),0)+IF($AD10<>"",($AD$6*$Q$92)+IF($AD$6=4,($Q$90)+IF($AD10=$AC$6+$AD$6,$Q$91,0),0),0)) -> 19 | AE11: =(IF($AE10<>"",($AE$6*$Q$92)+IF($AE$6=4,($Q$90)+IF($AE10=$AE$6+$AF$6,$Q$91,0),0),0)+IF($AF10<>"",($AF$6*$Q$92)+IF($AF$6=4,($Q$90)+IF($AF10=$AE$6+$AF$6,$Q$91,0),0),0)) -> 1 | AH11: =(IF($AH10<>"",($AH$6*$R$92)+IF($AH$6=4,($R$90)+IF($AH10=$AH$6+$AI$6,$R$91,0),0),0)+IF($AI10<>"",($AI$6*$R$92)+IF($AI$6=4,($R$90)+IF($AI10=$AH$6+$AI$6,$R$91,0),0),0)) -> 24
B12: Prédiction équipe | C12: =IF(ISBLANK(C10), 0, IF(C$6= 4, 1, 0)) -> 0 | D12: =IF(ISBLANK(D10), 0, IF(D$6 = 4, 1, 0)) -> 0 | E12: =IF(ISBLANK(E10), 0, IF(E$6= 4, 1, 0)) -> 1 | F12: =IF(ISBLANK(F10), 0, IF(F$6 = 4, 1, 0)) -> 0 | G12: =IF(ISBLANK(G10), 0, IF(G$6= 4, 1, 0)) -> 1 | H12: =IF(ISBLANK(H10), 0, IF(H$6 = 4, 1, 0)) -> 0 | I12: =IF(ISBLANK(I10), 0, IF(I$6= 4, 1, 0)) -> 1 | J12: =IF(ISBLANK(J10), 0, IF(J$6 = 4, 1, 0)) -> 0 | K12: =IF(ISBLANK(K10), 0, IF(K$6= 4, 1, 0)) -> 1 | L12: =IF(ISBLANK(L10), 0, IF(L$6 = 4, 1, 0)) -> 0 | M12: =IF(ISBLANK(M10), 0, IF(M$6= 4, 1, 0)) -> 1 | N12: =IF(ISBLANK(N10), 0, IF(N$6 = 4, 1, 0)) -> 0 | O12: =IF(ISBLANK(O10), 0, IF(O$6= 4, 1, 0)) -> 0 | P12: =IF(ISBLANK(P10), 0, IF(P$6 = 4, 1, 0)) -> 0 | Q12: =IF(ISBLANK(Q10), 0, IF(Q$6= 4, 1, 0)) -> 0 | R12: =IF(ISBLANK(R10), 0, IF(R$6 = 4, 1, 0)) -> 1 | T12: =IF(ISBLANK(T10), 0, IF(T$6= 4, 1, 0)) -> 1 | U12: =IF(ISBLANK(U10), 0, IF(U$6 = 4, 1, 0)) -> 0 | V12: =IF(ISBLANK(V10), 0, IF(V$6= 4, 1, 0)) -> 1 | W12: =IF(ISBLANK(W10), 0, IF(W$6 = 4, 1, 0)) -> 0 | X12: =IF(ISBLANK(X10), 0, IF(X$6= 4, 1, 0)) -> 0 | Y12: =IF(ISBLANK(Y10), 0, IF(Y$6 = 4, 1, 0)) -> 1 | Z12: =IF(ISBLANK(Z10), 0, IF(Z$6= 4, 1, 0)) -> 1 | AA12: =IF(ISBLANK(AA10), 0, IF(AA$6 = 4, 1, 0)) -> 0 | AC12: =IF(ISBLANK(AC10), 0, IF(AC$6= 4, 1, 0)) -> 0 | AD12: =IF(ISBLANK(AD10), 0, IF(AD$6 = 4, 1, 0)) -> 1 | AE12: =IF(ISBLANK(AE10), 0, IF(AE$6= 4, 1, 0)) -> 0 | AF12: =IF(ISBLANK(AF10), 0, IF(AF$6 = 4, 1, 0)) -> 0 | AH12: =IF(ISBLANK(AH10), 0, IF(AH$6= 4, 1, 0)) -> 1 | AI12: =IF(ISBLANK(AI10), 0, IF(AI$6 = 4, 1, 0)) -> 0 | AK12: =SUM(C12:AI12) -> 12
B13: Prédiciton nb matchs | C13: =IF(C12 = 0, 0, IF(C10 = (C$6+D$6),1,0)) -> 0 | D13: =IF(D12 = 0, 0, IF(D10 = (C$6+D$6),1,0)) -> 0 | E13: =IF(E12 = 0, 0, IF(E10 = (E$6+F$6),1,0)) -> 1 | F13: =IF(F12 = 0, 0, IF(F10 = (E$6+F$6),1,0)) -> 0 | G13: =IF(G12 = 0, 0, IF(G10 = (G$6+H$6),1,0)) -> 1 | H13: =IF(H12 = 0, 0, IF(H10 = (G$6+H$6),1,0)) -> 0 | I13: =IF(I12 = 0, 0, IF(I10 = (I$6+J$6),1,0)) -> 1 | J13: =IF(J12 = 0, 0, IF(J10 = (I$6+J$6),1,0)) -> 0 | K13: =IF(K12 = 0, 0, IF(K10 = (K$6+L$6),1,0)) -> 0 | L13: =IF(L12 = 0, 0, IF(L10 = (K$6+L$6),1,0)) -> 0 | M13: =IF(M12 = 0, 0, IF(M10 = (M$6+N$6),1,0)) -> 0 | N13: =IF(N12 = 0, 0, IF(N10 = (M$6+N$6),1,0)) -> 0 | O13: =IF(O12 = 0, 0, IF(O10 = (O$6+P$6),1,0)) -> 0 | P13: =IF(P12 = 0, 0, IF(P10 = (O$6+P$6),1,0)) -> 0 | Q13: =IF(Q12 = 0, 0, IF(Q10 = (Q$6+R$6),1,0)) -> 0 | R13: =IF(R12 = 0, 0, IF(R10 = (Q$6+R$6),1,0)) -> 0 | T13: =IF(T12 = 0, 0, IF(T10 = (T$6+U$6),1,0)) -> 0 | U13: =IF(U12 = 0, 0, IF(U10 = (T$6+U$6),1,0)) -> 0 | V13: =IF(V12 = 0, 0, IF(V10 = (V$6+W$6),1,0)) -> 1 | W13: =IF(W12 = 0, 0, IF(W10 = (V$6+W$6),1,0)) -> 0 | X13: =IF(X12 = 0, 0, IF(X10 = (X$6+Y$6),1,0)) -> 0 | Y13: =IF(Y12 = 0, 0, IF(Y10 = (X$6+Y$6),1,0)) -> 1 | Z13: =IF(Z12 = 0, 0, IF(Z10 = (Z$6+AA$6),1,0)) -> 0 | AA13: =IF(AA12 = 0, 0, IF(AA10 = (Z$6+AA$6),1,0)) -> 0 | AC13: =IF(AC12 = 0, 0, IF(AC10 = (AC$6+AD$6),1,0)) -> 0 | AD13: =IF(AD12 = 0, 0, IF(AD10 = (AC$6+AD$6),1,0)) -> 0 | AE13: =IF(AE12 = 0, 0, IF(AE10 = (AE$6+AF$6),1,0)) -> 0 | AF13: =IF(AF12 = 0, 0, IF(AF10 = (AE$6+AF$6),1,0)) -> 0 | AH13: =IF(AH12 = 0, 0, IF(AH10 = (AH$6+AI$6),1,0)) -> 0 | AI13: =IF(AI12 = 0, 0, IF(AI10 = (AH$6+AI$6),1,0)) -> 0 | AK13: =SUM(C13:AI13) -> 5
A14: =RANK(AL14,$AL$10:$AL$82,) -> 2 | B14: Jean-Christophe Pichot | D14: 7 | F14: 7 | G14: 7 | I14: 7 | K14: 7 | M14: 7 | O14: 7 | R14: 7 | S14: =SUM(C15:R15) -> 58 | U14: 7 | V14: 7 | Y14: 7 | Z14: 7 | AB14: =SUM(T15:AA15) -> 47 | AD14: 6 | AF14: 6 | AG14: =SUM(AC15:AF15) -> 38 | AH14: 6 | AJ14: =AH15 -> 24 | AK14: =MAX($AL$10:$AL$82) - AL14 -> 2 | AL14: =$S14+$AB14+$AG14+$AJ14 -> 167
A15: =RANK(AL15,$AL$10:$AL$82,) -> #N/A | C15: =(IF($C14<>"",($C$6*$O$92)+IF($C$6=4,($O$90)+IF($C14=$C$6+$D$6,$O$91,0),0),0)+IF($D14<>"",($D$6*$O$92)+IF($D$6=4,($O$90)+IF($D14=$C$6+$D$6,$O$91,0),0),0)) -> 1 | E15: =(IF($E14<>"",($E$6*$O$92)+IF($E$6=4,($O$90)+IF($E14=$E$6+$F$6,$O$91,0),0),0)+IF($F14<>"",($F$6*$O$92)+IF($F$6=4,($O$90)+IF($F14=$E$6+$F$6,$O$91,0),0),0)) -> 3 | G15: =(IF($G14<>"",($G$6*$O$92)+IF($G$6=4,($O$90)+IF($G14=$G$6+$H$6,$O$91,0),0),0)+IF($H14<>"",($H$6*$O$92)+IF($H$6=4,($O$90)+IF($H14=$G$6+$H$6,$O$91,0),0),0)) -> 9 | I15: =(IF($I14<>"",($I$6*$O$92)+IF($I$6=4,($O$90)+IF($I14=$I$6+$J$6,$O$91,0),0),0)+IF($J14<>"",($J$6*$O$92)+IF($J$6=4,($O$90)+IF($J14=$I$6+$J$6,$O$91,0),0),0)) -> 9 | K15: =(IF($K14<>"",($K$6*$O$92)+IF($K$6=4,($O$90)+IF($K14=$K$6+$L$6,$O$91,0),0),0)+IF($L14<>"",($L$6*$O$92)+IF($L$6=4,($O$90)+IF($L14=$K$6+$L$6,$O$91,0),0),0)) -> 9 | M15: =(IF($M14<>"",($M$6*$O$92)+IF($M$6=4,($O$90)+IF($M14=$M$6+$N$6,$O$91,0),0),0)+IF($N14<>"",($N$6*$O$92)+IF($N$6=4,($O$90)+IF($N14=$M$6+$N$6,$O$91,0),0),0)) -> 9 | O15: =(IF($O14<>"",($O$6*$O$92)+IF($O$6=4,($O$90)+IF($O14=$O$6+$P$6,$O$91,0),0),0)+IF($P14<>"",($P$6*$O$92)+IF($P$6=4,($O$90)+IF($P14=$O$6+$P$6,$O$91,0),0),0)) -> 9 | Q15: =(IF($Q14<>"",($Q$6*$O$92)+IF($Q$6=4,($O$90)+IF($Q14=$Q$6+$R$6,$O$91,0),0),0)+IF($R14<>"",($R$6*$O$92)+IF($R$6=4,($O$90)+IF($R14=$Q$6+$R$6,$O$91,0),0),0)) -> 9 | T15: =(IF($T14<>"",($T$6*$P$92)+IF($T$6=4,($P$90)+IF($T14=$T$6+$U$6,$P$91,0),0),0)+IF($U14<>"",($U$6*$P$92)+IF($U$6=4,($P$90)+IF($U14=$T$6+$U$6,$P$91,0),0),0)) -> 1 | V15: =(IF($V14<>"",($V$6*$P$92)+IF($V$6=4,($P$90)+IF($V14=$V$6+$W$6,$P$91,0),0),0)+IF($W14<>"",($W$6*$P$92)+IF($W$6=4,($P$90)+IF($W14=$V$6+$W$6,$P$91,0),0),0)) -> 14 | X15: =(IF($X14<>"",($X$6*$P$92)+IF($X$6=4,($P$90)+IF($X14=$X$6+$Y$6,$P$91,0),0),0)+IF($Y14<>"",($Y$6*$P$92)+IF($Y$6=4,($P$90)+IF($Y14=$X$6+$Y$6,$P$91,0),0),0)) -> 18 | Z15: =(IF($Z14<>"",($Z$6*$P$92)+IF($Z$6=4,($P$90)+IF($Z14=$Z$6+$AA$6,$P$91,0),0),0)+IF($AA14<>"",($AA$6*$P$92)+IF($AA$6=4,($P$90)+IF($AA14=$Z$6+$AA$6,$P$91,0),0),0)) -> 14 | AC15: =(IF($AC14<>"",($AC$6*$Q$92)+IF($AC$6=4,($Q$90)+IF($AC14=$AC$6+$AD$6,$Q$91,0),0),0)+IF($AD14<>"",($AD$6*$Q$92)+IF($AD$6=4,($Q$90)+IF($AD14=$AC$6+$AD$6,$Q$91,0),0),0)) -> 19 | AE15: =(IF($AE14<>"",($AE$6*$Q$92)+IF($AE$6=4,($Q$90)+IF($AE14=$AE$6+$AF$6,$Q$91,0),0),0)+IF($AF14<>"",($AF$6*$Q$92)+IF($AF$6=4,($Q$90)+IF($AF14=$AE$6+$AF$6,$Q$91,0),0),0)) -> 19 | AH15: =(IF($AH14<>"",($AH$6*$R$92)+IF($AH$6=4,($R$90)+IF($AH14=$AH$6+$AI$6,$R$91,0),0),0)+IF($AI14<>"",($AI$6*$R$92)+IF($AI$6=4,($R$90)+IF($AI14=$AH$6+$AI$6,$R$91,0),0),0)) -> 24 | AK15: =MAX($AL$10:$AL$82) - AL15 -> 169
B16: Prédiction équipe | C16: =IF(ISBLANK(C14), 0, IF(C$6= 4, 1, 0)) -> 0 | D16: =IF(ISBLANK(D14), 0, IF(D$6 = 4, 1, 0)) -> 0 | E16: =IF(ISBLANK(E14), 0, IF(E$6= 4, 1, 0)) -> 0 | F16: =IF(ISBLANK(F14), 0, IF(F$6 = 4, 1, 0)) -> 0 | G16: =IF(ISBLANK(G14), 0, IF(G$6= 4, 1, 0)) -> 1 | H16: =IF(ISBLANK(H14), 0, IF(H$6 = 4, 1, 0)) -> 0 | I16: =IF(ISBLANK(I14), 0, IF(I$6= 4, 1, 0)) -> 1 | J16: =IF(ISBLANK(J14), 0, IF(J$6 = 4, 1, 0)) -> 0 | K16: =IF(ISBLANK(K14), 0, IF(K$6= 4, 1, 0)) -> 1 | L16: =IF(ISBLANK(L14), 0, IF(L$6 = 4, 1, 0)) -> 0 | M16: =IF(ISBLANK(M14), 0, IF(M$6= 4, 1, 0)) -> 1 | N16: =IF(ISBLANK(N14), 0, IF(N$6 = 4, 1, 0)) -> 0 | O16: =IF(ISBLANK(O14), 0, IF(O$6= 4, 1, 0)) -> 1 | P16: =IF(ISBLANK(P14), 0, IF(P$6 = 4, 1, 0)) -> 0 | Q16: =IF(ISBLANK(Q14), 0, IF(Q$6= 4, 1, 0)) -> 0 | R16: =IF(ISBLANK(R14), 0, IF(R$6 = 4, 1, 0)) -> 1 | T16: =IF(ISBLANK(T14), 0, IF(T$6= 4, 1, 0)) -> 0 | U16: =IF(ISBLANK(U14), 0, IF(U$6 = 4, 1, 0)) -> 0 | V16: =IF(ISBLANK(V14), 0, IF(V$6= 4, 1, 0)) -> 1 | W16: =IF(ISBLANK(W14), 0, IF(W$6 = 4, 1, 0)) -> 0 | X16: =IF(ISBLANK(X14), 0, IF(X$6= 4, 1, 0)) -> 0 | Y16: =IF(ISBLANK(Y14), 0, IF(Y$6 = 4, 1, 0)) -> 1 | Z16: =IF(ISBLANK(Z14), 0, IF(Z$6= 4, 1, 0)) -> 1 | AA16: =IF(ISBLANK(AA14), 0, IF(AA$6 = 4, 1, 0)) -> 0 | AC16: =IF(ISBLANK(AC14), 0, IF(AC$6= 4, 1, 0)) -> 0 | AD16: =IF(ISBLANK(AD14), 0, IF(AD$6 = 4, 1, 0)) -> 1 | AE16: =IF(ISBLANK(AE14), 0, IF(AE$6= 4, 1, 0)) -> 0 | AF16: =IF(ISBLANK(AF14), 0, IF(AF$6 = 4, 1, 0)) -> 1 | AH16: =IF(ISBLANK(AH14), 0, IF(AH$6= 4, 1, 0)) -> 1 | AI16: =IF(ISBLANK(AI14), 0, IF(AI$6 = 4, 1, 0)) -> 0 | AK16: =SUM(C16:AI16) -> 12
B17: Prédiciton nb matchs | C17: =IF(C16 = 0, 0, IF(C14 = (C$6+D$6),1,0)) -> 0 | D17: =IF(D16 = 0, 0, IF(D14 = (C$6+D$6),1,0)) -> 0 | E17: =IF(E16 = 0, 0, IF(E14 = (E$6+F$6),1,0)) -> 0 | F17: =IF(F16 = 0, 0, IF(F14 = (E$6+F$6),1,0)) -> 0 | G17: =IF(G16 = 0, 0, IF(G14 = (G$6+H$6),1,0)) -> 0 | H17: =IF(H16 = 0, 0, IF(H14 = (G$6+H$6),1,0)) -> 0 | I17: =IF(I16 = 0, 0, IF(I14 = (I$6+J$6),1,0)) -> 0 | J17: =IF(J16 = 0, 0, IF(J14 = (I$6+J$6),1,0)) -> 0 | K17: =IF(K16 = 0, 0, IF(K14 = (K$6+L$6),1,0)) -> 0 | L17: =IF(L16 = 0, 0, IF(L14 = (K$6+L$6),1,0)) -> 0 | M17: =IF(M16 = 0, 0, IF(M14 = (M$6+N$6),1,0)) -> 0 | N17: =IF(N16 = 0, 0, IF(N14 = (M$6+N$6),1,0)) -> 0 | O17: =IF(O16 = 0, 0, IF(O14 = (O$6+P$6),1,0)) -> 0 | P17: =IF(P16 = 0, 0, IF(P14 = (O$6+P$6),1,0)) -> 0 | Q17: =IF(Q16 = 0, 0, IF(Q14 = (Q$6+R$6),1,0)) -> 0 | R17: =IF(R16 = 0, 0, IF(R14 = (Q$6+R$6),1,0)) -> 0 | T17: =IF(T16 = 0, 0, IF(T14 = (T$6+U$6),1,0)) -> 0 | U17: =IF(U16 = 0, 0, IF(U14 = (T$6+U$6),1,0)) -> 0 | V17: =IF(V16 = 0, 0, IF(V14 = (V$6+W$6),1,0)) -> 0 | W17: =IF(W16 = 0, 0, IF(W14 = (V$6+W$6),1,0)) -> 0 | X17: =IF(X16 = 0, 0, IF(X14 = (X$6+Y$6),1,0)) -> 0 | Y17: =IF(Y16 = 0, 0, IF(Y14 = (X$6+Y$6),1,0)) -> 1 | Z17: =IF(Z16 = 0, 0, IF(Z14 = (Z$6+AA$6),1,0)) -> 0 | AA17: =IF(AA16 = 0, 0, IF(AA14 = (Z$6+AA$6),1,0)) -> 0 | AC17: =IF(AC16 = 0, 0, IF(AC14 = (AC$6+AD$6),1,0)) -> 0 | AD17: =IF(AD16 = 0, 0, IF(AD14 = (AC$6+AD$6),1,0)) -> 0 | AE17: =IF(AE16 = 0, 0, IF(AE14 = (AE$6+AF$6),1,0)) -> 0 | AF17: =IF(AF16 = 0, 0, IF(AF14 = (AE$6+AF$6),1,0)) -> 0 | AH17: =IF(AH16 = 0, 0, IF(AH14 = (AH$6+AI$6),1,0)) -> 0 | AI17: =IF(AI16 = 0, 0, IF(AI14 = (AH$6+AI$6),1,0)) -> 0 | AK17: =SUM(C17:AI17) -> 1
A18: =RANK(AL18,$AL$10:$AL$82,) -> 3 | B18: Frédéric Lacerte | C18: 5 | E18: 7 | G18: 6 | I18: 7 | K18: 4 | M18: 5 | O18: 7 | R18: 5 | S18: =SUM(C19:R19) -> 80 | T18: 7 | V18: 7 | X18: 7 | Z18: 7 | AB18: =SUM(T19:AA19) -> 45 | AD18: 6 | AF18: 7 | AG18: =SUM(AC19:AF19) -> 38 | AI18: 6 | AJ18: =AH19 -> 1 | AK18: =MAX($AL$10:$AL$82) - AL18 -> 5 | AL18: =$S18+$AB18+$AG18+$AJ18 -> 164
A19: =RANK(AL19,$AL$10:$AL$82,) -> #N/A | C19: =(IF($C18<>"",($C$6*$O$92)+IF($C$6=4,($O$90)+IF($C18=$C$6+$D$6,$O$91,0),0),0)+IF($D18<>"",($D$6*$O$92)+IF($D$6=4,($O$90)+IF($D18=$C$6+$D$6,$O$91,0),0),0)) -> 11 | E19: =(IF($E18<>"",($E$6*$O$92)+IF($E$6=4,($O$90)+IF($E18=$E$6+$F$6,$O$91,0),0),0)+IF($F18<>"",($F$6*$O$92)+IF($F$6=4,($O$90)+IF($F18=$E$6+$F$6,$O$91,0),0),0)) -> 11 | G19: =(IF($G18<>"",($G$6*$O$92)+IF($G$6=4,($O$90)+IF($G18=$G$6+$H$6,$O$91,0),0),0)+IF($H18<>"",($H$6*$O$92)+IF($H$6=4,($O$90)+IF($H18=$G$6+$H$6,$O$91,0),0),0)) -> 11 | I19: =(IF($I18<>"",($I$6*$O$92)+IF($I$6=4,($O$90)+IF($I18=$I$6+$J$6,$O$91,0),0),0)+IF($J18<>"",($J$6*$O$92)+IF($J$6=4,($O$90)+IF($J18=$I$6+$J$6,$O$91,0),0),0)) -> 9 | K19: =(IF($K18<>"",($K$6*$O$92)+IF($K$6=4,($O$90)+IF($K18=$K$6+$L$6,$O$91,0),0),0)+IF($L18<>"",($L$6*$O$92)+IF($L$6=4,($O$90)+IF($L18=$K$6+$L$6,$O$91,0),0),0)) -> 9 | M19: =(IF($M18<>"",($M$6*$O$92)+IF($M$6=4,($O$90)+IF($M18=$M$6+$N$6,$O$91,0),0),0)+IF($N18<>"",($N$6*$O$92)+IF($N$6=4,($O$90)+IF($N18=$M$6+$N$6,$O$91,0),0),0)) -> 11 | O19: =(IF($O18<>"",($O$6*$O$92)+IF($O$6=4,($O$90)+IF($O18=$O$6+$P$6,$O$91,0),0),0)+IF($P18<>"",($P$6*$O$92)+IF($P$6=4,($O$90)+IF($P18=$O$6+$P$6,$O$91,0),0),0)) -> 9 | Q19: =(IF($Q18<>"",($Q$6*$O$92)+IF($Q$6=4,($O$90)+IF($Q18=$Q$6+$R$6,$O$91,0),0),0)+IF($R18<>"",($R$6*$O$92)+IF($R$6=4,($O$90)+IF($R18=$Q$6+$R$6,$O$91,0),0),0)) -> 9 | T19: =(IF($T18<>"",($T$6*$P$92)+IF($T$6=4,($P$90)+IF($T18=$T$6+$U$6,$P$91,0),0),0)+IF($U18<>"",($U$6*$P$92)+IF($U$6=4,($P$90)+IF($U18=$T$6+$U$6,$P$91,0),0),0)) -> 14 | V19: =(IF($V18<>"",($V$6*$P$92)+IF($V$6=4,($P$90)+IF($V18=$V$6+$W$6,$P$91,0),0),0)+IF($W18<>"",($W$6*$P$92)+IF($W$6=4,($P$90)+IF($W18=$V$6+$W$6,$P$91,0),0),0)) -> 14 | X19: =(IF($X18<>"",($X$6*$P$92)+IF($X$6=4,($P$90)+IF($X18=$X$6+$Y$6,$P$91,0),0),0)+IF($Y18<>"",($Y$6*$P$92)+IF($Y$6=4,($P$90)+IF($Y18=$X$6+$Y$6,$P$91,0),0),0)) -> 3 | Z19: =(IF($Z18<>"",($Z$6*$P$92)+IF($Z$6=4,($P$90)+IF($Z18=$Z$6+$AA$6,$P$91,0),0),0)+IF($AA18<>"",($AA$6*$P$92)+IF($AA$6=4,($P$90)+IF($AA18=$Z$6+$AA$6,$P$91,0),0),0)) -> 14 | AC19: =(IF($AC18<>"",($AC$6*$Q$92)+IF($AC$6=4,($Q$90)+IF($AC18=$AC$6+$AD$6,$Q$91,0),0),0)+IF($AD18<>"",($AD$6*$Q$92)+IF($AD$6=4,($Q$90)+IF($AD18=$AC$6+$AD$6,$Q$91,0),0),0)) -> 19 | AE19: =(IF($AE18<>"",($AE$6*$Q$92)+IF($AE$6=4,($Q$90)+IF($AE18=$AE$6+$AF$6,$Q$91,0),0),0)+IF($AF18<>"",($AF$6*$Q$92)+IF($AF$6=4,($Q$90)+IF($AF18=$AE$6+$AF$6,$Q$91,0),0),0)) -> 19 | AH19: =(IF($AH18<>"",($AH$6*$R$92)+IF($AH$6=4,($R$90)+IF($AH18=$AH$6+$AI$6,$R$91,0),0),0)+IF($AI18<>"",($AI$6*$R$92)+IF($AI$6=4,($R$90)+IF($AI18=$AH$6+$AI$6,$R$91,0),0),0)) -> 1 | AK19: =MAX($AL$10:$AL$82) - AL19 -> 169
B20: Prédiction équipe | C20: =IF(ISBLANK(C18), 0, IF(C$6= 4, 1, 0)) -> 1 | D20: =IF(ISBLANK(D18), 0, IF(D$6 = 4, 1, 0)) -> 0 | E20: =IF(ISBLANK(E18), 0, IF(E$6= 4, 1, 0)) -> 1 | F20: =IF(ISBLANK(F18), 0, IF(F$6 = 4, 1, 0)) -> 0 | G20: =IF(ISBLANK(G18), 0, IF(G$6= 4, 1, 0)) -> 1 | H20: =IF(ISBLANK(H18), 0, IF(H$6 = 4, 1, 0)) -> 0 | I20: =IF(ISBLANK(I18), 0, IF(I$6= 4, 1, 0)) -> 1 | J20: =IF(ISBLANK(J18), 0, IF(J$6 = 4, 1, 0)) -> 0 | K20: =IF(ISBLANK(K18), 0, IF(K$6= 4, 1, 0)) -> 1 | L20: =IF(ISBLANK(L18), 0, IF(L$6 = 4, 1, 0)) -> 0 | M20: =IF(ISBLANK(M18), 0, IF(M$6= 4, 1, 0)) -> 1 | N20: =IF(ISBLANK(N18), 0, IF(N$6 = 4, 1, 0)) -> 0 | O20: =IF(ISBLANK(O18), 0, IF(O$6= 4, 1, 0)) -> 1 | P20: =IF(ISBLANK(P18), 0, IF(P$6 = 4, 1, 0)) -> 0 | Q20: =IF(ISBLANK(Q18), 0, IF(Q$6= 4, 1, 0)) -> 0 | R20: =IF(ISBLANK(R18), 0, IF(R$6 = 4, 1, 0)) -> 1 | T20: =IF(ISBLANK(T18), 0, IF(T$6= 4, 1, 0)) -> 1 | U20: =IF(ISBLANK(U18), 0, IF(U$6 = 4, 1, 0)) -> 0 | V20: =IF(ISBLANK(V18), 0, IF(V$6= 4, 1, 0)) -> 1 | W20: =IF(ISBLANK(W18), 0, IF(W$6 = 4, 1, 0)) -> 0 | X20: =IF(ISBLANK(X18), 0, IF(X$6= 4, 1, 0)) -> 0 | Y20: =IF(ISBLANK(Y18), 0, IF(Y$6 = 4, 1, 0)) -> 0 | Z20: =IF(ISBLANK(Z18), 0, IF(Z$6= 4, 1, 0)) -> 1 | AA20: =IF(ISBLANK(AA18), 0, IF(AA$6 = 4, 1, 0)) -> 0 | AC20: =IF(ISBLANK(AC18), 0, IF(AC$6= 4, 1, 0)) -> 0 | AD20: =IF(ISBLANK(AD18), 0, IF(AD$6 = 4, 1, 0)) -> 1 | AE20: =IF(ISBLANK(AE18), 0, IF(AE$6= 4, 1, 0)) -> 0 | AF20: =IF(ISBLANK(AF18), 0, IF(AF$6 = 4, 1, 0)) -> 1 | AH20: =IF(ISBLANK(AH18), 0, IF(AH$6= 4, 1, 0)) -> 0 | AI20: =IF(ISBLANK(AI18), 0, IF(AI$6 = 4, 1, 0)) -> 0 | AK20: =SUM(C20:AI20) -> 13
B21: Prédiciton nb matchs | C21: =IF(C20 = 0, 0, IF(C18 = (C$6+D$6),1,0)) -> 1 | D21: =IF(D20 = 0, 0, IF(D18 = (C$6+D$6),1,0)) -> 0 | E21: =IF(E20 = 0, 0, IF(E18 = (E$6+F$6),1,0)) -> 1 | F21: =IF(F20 = 0, 0, IF(F18 = (E$6+F$6),1,0)) -> 0 | G21: =IF(G20 = 0, 0, IF(G18 = (G$6+H$6),1,0)) -> 1 | H21: =IF(H20 = 0, 0, IF(H18 = (G$6+H$6),1,0)) -> 0 | I21: =IF(I20 = 0, 0, IF(I18 = (I$6+J$6),1,0)) -> 0 | J21: =IF(J20 = 0, 0, IF(J18 = (I$6+J$6),1,0)) -> 0 | K21: =IF(K20 = 0, 0, IF(K18 = (K$6+L$6),1,0)) -> 0 | L21: =IF(L20 = 0, 0, IF(L18 = (K$6+L$6),1,0)) -> 0 | M21: =IF(M20 = 0, 0, IF(M18 = (M$6+N$6),1,0)) -> 1 | N21: =IF(N20 = 0, 0, IF(N18 = (M$6+N$6),1,0)) -> 0 | O21: =IF(O20 = 0, 0, IF(O18 = (O$6+P$6),1,0)) -> 0 | P21: =IF(P20 = 0, 0, IF(P18 = (O$6+P$6),1,0)) -> 0 | Q21: =IF(Q20 = 0, 0, IF(Q18 = (Q$6+R$6),1,0)) -> 0 | R21: =IF(R20 = 0, 0, IF(R18 = (Q$6+R$6),1,0)) -> 0 | T21: =IF(T20 = 0, 0, IF(T18 = (T$6+U$6),1,0)) -> 0 | U21: =IF(U20 = 0, 0, IF(U18 = (T$6+U$6),1,0)) -> 0 | V21: =IF(V20 = 0, 0, IF(V18 = (V$6+W$6),1,0)) -> 0 | W21: =IF(W20 = 0, 0, IF(W18 = (V$6+W$6),1,0)) -> 0 | X21: =IF(X20 = 0, 0, IF(X18 = (X$6+Y$6),1,0)) -> 0 | Y21: =IF(Y20 = 0, 0, IF(Y18 = (X$6+Y$6),1,0)) -> 0 | Z21: =IF(Z20 = 0, 0, IF(Z18 = (Z$6+AA$6),1,0)) -> 0 | AA21: =IF(AA20 = 0, 0, IF(AA18 = (Z$6+AA$6),1,0)) -> 0 | AC21: =IF(AC20 = 0, 0, IF(AC18 = (AC$6+AD$6),1,0)) -> 0 | AD21: =IF(AD20 = 0, 0, IF(AD18 = (AC$6+AD$6),1,0)) -> 0 | AE21: =IF(AE20 = 0, 0, IF(AE18 = (AE$6+AF$6),1,0)) -> 0 | AF21: =IF(AF20 = 0, 0, IF(AF18 = (AE$6+AF$6),1,0)) -> 0 | AH21: =IF(AH20 = 0, 0, IF(AH18 = (AH$6+AI$6),1,0)) -> 0 | AI21: =IF(AI20 = 0, 0, IF(AI18 = (AH$6+AI$6),1,0)) -> 0 | AK21: =SUM(C21:AI21) -> 4
A22: =RANK(AL22,$AL$10:$AL$82,) -> 4 | B22: Denis Desjardins | C22: 5 | E22: 7 | G22: 6 | I22: 5 | K22: 6 | M22: 5 | P22: 7 | R22: 7 | S22: =SUM(C23:R23) -> 73 | T22: 7 | W22: 6 | Y22: 7 | Z22: 7 | AB22: =SUM(T23:AA23) -> 48 | AC22: 6 | AE22: 7 | AG22: =SUM(AC23:AF23) -> 4 | AH22: 6 | AJ22: =AH23 -> 24 | AK22: =MAX($AL$10:$AL$82) - AL22 -> 20 | AL22: =$S22+$AB22+$AG22+$AJ22 -> 149
A23: =RANK(AL23,$AL$10:$AL$82,) -> #N/A | C23: =(IF($C22<>"",($C$6*$O$92)+IF($C$6=4,($O$90)+IF($C22=$C$6+$D$6,$O$91,0),0),0)+IF($D22<>"",($D$6*$O$92)+IF($D$6=4,($O$90)+IF($D22=$C$6+$D$6,$O$91,0),0),0)) -> 11 | E23: =(IF($E22<>"",($E$6*$O$92)+IF($E$6=4,($O$90)+IF($E22=$E$6+$F$6,$O$91,0),0),0)+IF($F22<>"",($F$6*$O$92)+IF($F$6=4,($O$90)+IF($F22=$E$6+$F$6,$O$91,0),0),0)) -> 11 | G23: =(IF($G22<>"",($G$6*$O$92)+IF($G$6=4,($O$90)+IF($G22=$G$6+$H$6,$O$91,0),0),0)+IF($H22<>"",($H$6*$O$92)+IF($H$6=4,($O$90)+IF($H22=$G$6+$H$6,$O$91,0),0),0)) -> 11 | I23: =(IF($I22<>"",($I$6*$O$92)+IF($I$6=4,($O$90)+IF($I22=$I$6+$J$6,$O$91,0),0),0)+IF($J22<>"",($J$6*$O$92)+IF($J$6=4,($O$90)+IF($J22=$I$6+$J$6,$O$91,0),0),0)) -> 9 | K23: =(IF($K22<>"",($K$6*$O$92)+IF($K$6=4,($O$90)+IF($K22=$K$6+$L$6,$O$91,0),0),0)+IF($L22<>"",($L$6*$O$92)+IF($L$6=4,($O$90)+IF($L22=$K$6+$L$6,$O$91,0),0),0)) -> 11 | M23: =(IF($M22<>"",($M$6*$O$92)+IF($M$6=4,($O$90)+IF($M22=$M$6+$N$6,$O$91,0),0),0)+IF($N22<>"",($N$6*$O$92)+IF($N$6=4,($O$90)+IF($N22=$M$6+$N$6,$O$91,0),0),0)) -> 11 | O23: =(IF($O22<>"",($O$6*$O$92)+IF($O$6=4,($O$90)+IF($O22=$O$6+$P$6,$O$91,0),0),0)+IF($P22<>"",($P$6*$O$92)+IF($P$6=4,($O$90)+IF($P22=$O$6+$P$6,$O$91,0),0),0)) -> 0 | Q23: =(IF($Q22<>"",($Q$6*$O$92)+IF($Q$6=4,($O$90)+IF($Q22=$Q$6+$R$6,$O$91,0),0),0)+IF($R22<>"",($R$6*$O$92)+IF($R$6=4,($O$90)+IF($R22=$Q$6+$R$6,$O$91,0),0),0)) -> 9 | T23: =(IF($T22<>"",($T$6*$P$92)+IF($T$6=4,($P$90)+IF($T22=$T$6+$U$6,$P$91,0),0),0)+IF($U22<>"",($U$6*$P$92)+IF($U$6=4,($P$90)+IF($U22=$T$6+$U$6,$P$91,0),0),0)) -> 14 | V23: =(IF($V22<>"",($V$6*$P$92)+IF($V$6=4,($P$90)+IF($V22=$V$6+$W$6,$P$91,0),0),0)+IF($W22<>"",($W$6*$P$92)+IF($W$6=4,($P$90)+IF($W22=$V$6+$W$6,$P$91,0),0),0)) -> 2 | X23: =(IF($X22<>"",($X$6*$P$92)+IF($X$6=4,($P$90)+IF($X22=$X$6+$Y$6,$P$91,0),0),0)+IF($Y22<>"",($Y$6*$P$92)+IF($Y$6=4,($P$90)+IF($Y22=$X$6+$Y$6,$P$91,0),0),0)) -> 18 | Z23: =(IF($Z22<>"",($Z$6*$P$92)+IF($Z$6=4,($P$90)+IF($Z22=$Z$6+$AA$6,$P$91,0),0),0)+IF($AA22<>"",($AA$6*$P$92)+IF($AA$6=4,($P$90)+IF($AA22=$Z$6+$AA$6,$P$91,0),0),0)) -> 14 | AC23: =(IF($AC22<>"",($AC$6*$Q$92)+IF($AC$6=4,($Q$90)+IF($AC22=$AC$6+$AD$6,$Q$91,0),0),0)+IF($AD22<>"",($AD$6*$Q$92)+IF($AD$6=4,($Q$90)+IF($AD22=$AC$6+$AD$6,$Q$91,0),0),0)) -> 3 | AE23: =(IF($AE22<>"",($AE$6*$Q$92)+IF($AE$6=4,($Q$90)+IF($AE22=$AE$6+$AF$6,$Q$91,0),0),0)+IF($AF22<>"",($AF$6*$Q$92)+IF($AF$6=4,($Q$90)+IF($AF22=$AE$6+$AF$6,$Q$91,0),0),0)) -> 1 | AH23: =(IF($AH22<>"",($AH$6*$R$92)+IF($AH$6=4,($R$90)+IF($AH22=$AH$6+$AI$6,$R$91,0),0),0)+IF($AI22<>"",($AI$6*$R$92)+IF($AI$6=4,($R$90)+IF($AI22=$AH$6+$AI$6,$R$91,0),0),0)) -> 24 | AK23: =MAX($AL$10:$AL$82) - AL23 -> 169
B24: Prédiction équipe | C24: =IF(ISBLANK(C22), 0, IF(C$6= 4, 1, 0)) -> 1 | D24: =IF(ISBLANK(D22), 0, IF(D$6 = 4, 1, 0)) -> 0 | E24: =IF(ISBLANK(E22), 0, IF(E$6= 4, 1, 0)) -> 1 | F24: =IF(ISBLANK(F22), 0, IF(F$6 = 4, 1, 0)) -> 0 | G24: =IF(ISBLANK(G22), 0, IF(G$6= 4, 1, 0)) -> 1 | H24: =IF(ISBLANK(H22), 0, IF(H$6 = 4, 1, 0)) -> 0 | I24: =IF(ISBLANK(I22), 0, IF(I$6= 4, 1, 0)) -> 1 | J24: =IF(ISBLANK(J22), 0, IF(J$6 = 4, 1, 0)) -> 0 | K24: =IF(ISBLANK(K22), 0, IF(K$6= 4, 1, 0)) -> 1 | L24: =IF(ISBLANK(L22), 0, IF(L$6 = 4, 1, 0)) -> 0 | M24: =IF(ISBLANK(M22), 0, IF(M$6= 4, 1, 0)) -> 1 | N24: =IF(ISBLANK(N22), 0, IF(N$6 = 4, 1, 0)) -> 0 | O24: =IF(ISBLANK(O22), 0, IF(O$6= 4, 1, 0)) -> 0 | P24: =IF(ISBLANK(P22), 0, IF(P$6 = 4, 1, 0)) -> 0 | Q24: =IF(ISBLANK(Q22), 0, IF(Q$6= 4, 1, 0)) -> 0 | R24: =IF(ISBLANK(R22), 0, IF(R$6 = 4, 1, 0)) -> 1 | T24: =IF(ISBLANK(T22), 0, IF(T$6= 4, 1, 0)) -> 1 | U24: =IF(ISBLANK(U22), 0, IF(U$6 = 4, 1, 0)) -> 0 | V24: =IF(ISBLANK(V22), 0, IF(V$6= 4, 1, 0)) -> 0 | W24: =IF(ISBLANK(W22), 0, IF(W$6 = 4, 1, 0)) -> 0 | X24: =IF(ISBLANK(X22), 0, IF(X$6= 4, 1, 0)) -> 0 | Y24: =IF(ISBLANK(Y22), 0, IF(Y$6 = 4, 1, 0)) -> 1 | Z24: =IF(ISBLANK(Z22), 0, IF(Z$6= 4, 1, 0)) -> 1 | AA24: =IF(ISBLANK(AA22), 0, IF(AA$6 = 4, 1, 0)) -> 0 | AC24: =IF(ISBLANK(AC22), 0, IF(AC$6= 4, 1, 0)) -> 0 | AD24: =IF(ISBLANK(AD22), 0, IF(AD$6 = 4, 1, 0)) -> 0 | AE24: =IF(ISBLANK(AE22), 0, IF(AE$6= 4, 1, 0)) -> 0 | AF24: =IF(ISBLANK(AF22), 0, IF(AF$6 = 4, 1, 0)) -> 0 | AH24: =IF(ISBLANK(AH22), 0, IF(AH$6= 4, 1, 0)) -> 1 | AI24: =IF(ISBLANK(AI22), 0, IF(AI$6 = 4, 1, 0)) -> 0 | AK24: =SUM(C24:AI24) -> 11
B25: Prédiciton nb matchs | C25: =IF(C24 = 0, 0, IF(C22 = (C$6+D$6),1,0)) -> 1 | D25: =IF(D24 = 0, 0, IF(D22 = (C$6+D$6),1,0)) -> 0 | E25: =IF(E24 = 0, 0, IF(E22 = (E$6+F$6),1,0)) -> 1 | F25: =IF(F24 = 0, 0, IF(F22 = (E$6+F$6),1,0)) -> 0 | G25: =IF(G24 = 0, 0, IF(G22 = (G$6+H$6),1,0)) -> 1 | H25: =IF(H24 = 0, 0, IF(H22 = (G$6+H$6),1,0)) -> 0 | I25: =IF(I24 = 0, 0, IF(I22 = (I$6+J$6),1,0)) -> 0 | J25: =IF(J24 = 0, 0, IF(J22 = (I$6+J$6),1,0)) -> 0 | K25: =IF(K24 = 0, 0, IF(K22 = (K$6+L$6),1,0)) -> 1 | L25: =IF(L24 = 0, 0, IF(L22 = (K$6+L$6),1,0)) -> 0 | M25: =IF(M24 = 0, 0, IF(M22 = (M$6+N$6),1,0)) -> 1 | N25: =IF(N24 = 0, 0, IF(N22 = (M$6+N$6),1,0)) -> 0 | O25: =IF(O24 = 0, 0, IF(O22 = (O$6+P$6),1,0)) -> 0 | P25: =IF(P24 = 0, 0, IF(P22 = (O$6+P$6),1,0)) -> 0 | Q25: =IF(Q24 = 0, 0, IF(Q22 = (Q$6+R$6),1,0)) -> 0 | R25: =IF(R24 = 0, 0, IF(R22 = (Q$6+R$6),1,0)) -> 0 | T25: =IF(T24 = 0, 0, IF(T22 = (T$6+U$6),1,0)) -> 0 | U25: =IF(U24 = 0, 0, IF(U22 = (T$6+U$6),1,0)) -> 0 | V25: =IF(V24 = 0, 0, IF(V22 = (V$6+W$6),1,0)) -> 0 | W25: =IF(W24 = 0, 0, IF(W22 = (V$6+W$6),1,0)) -> 0 | X25: =IF(X24 = 0, 0, IF(X22 = (X$6+Y$6),1,0)) -> 0 | Y25: =IF(Y24 = 0, 0, IF(Y22 = (X$6+Y$6),1,0)) -> 1 | Z25: =IF(Z24 = 0, 0, IF(Z22 = (Z$6+AA$6),1,0)) -> 0 | AA25: =IF(AA24 = 0, 0, IF(AA22 = (Z$6+AA$6),1,0)) -> 0 | AC25: =IF(AC24 = 0, 0, IF(AC22 = (AC$6+AD$6),1,0)) -> 0 | AD25: =IF(AD24 = 0, 0, IF(AD22 = (AC$6+AD$6),1,0)) -> 0 | AE25: =IF(AE24 = 0, 0, IF(AE22 = (AE$6+AF$6),1,0)) -> 0 | AF25: =IF(AF24 = 0, 0, IF(AF22 = (AE$6+AF$6),1,0)) -> 0 | AH25: =IF(AH24 = 0, 0, IF(AH22 = (AH$6+AI$6),1,0)) -> 0 | AI25: =IF(AI24 = 0, 0, IF(AI22 = (AH$6+AI$6),1,0)) -> 0 | AK25: =SUM(C25:AI25) -> 6
A26: =RANK(AL26,$AL$10:$AL$82,) -> 5 | B26: Thanh Vinh Nguyen | C26: 5 | E26: 7 | G26: 6 | I26: 6 | K26: 4 | N26: 7 | O26: 6 | Q26: 6 | S26: =SUM(C27:R27) -> 63 | T26: 7 | W26: 7 | X26: 7 | Z26: 6 | AB26: =SUM(T27:AA27) -> 37 | AD26: 7 | AF26: 6 | AG26: =SUM(AC27:AF27) -> 44 | AI26: 6 | AJ26: =AH27 -> 1 | AK26: =MAX($AL$10:$AL$82) - AL26 -> 24 | AL26: =$S26+$AB26+$AG26+$AJ26 -> 145
A27: =RANK(AL27,$AL$10:$AL$82,) -> #N/A | C27: =(IF($C26<>"",($C$6*$O$92)+IF($C$6=4,($O$90)+IF($C26=$C$6+$D$6,$O$91,0),0),0)+IF($D26<>"",($D$6*$O$92)+IF($D$6=4,($O$90)+IF($D26=$C$6+$D$6,$O$91,0),0),0)) -> 11 | E27: =(IF($E26<>"",($E$6*$O$92)+IF($E$6=4,($O$90)+IF($E26=$E$6+$F$6,$O$91,0),0),0)+IF($F26<>"",($F$6*$O$92)+IF($F$6=4,($O$90)+IF($F26=$E$6+$F$6,$O$91,0),0),0)) -> 11 | G27: =(IF($G26<>"",($G$6*$O$92)+IF($G$6=4,($O$90)+IF($G26=$G$6+$H$6,$O$91,0),0),0)+IF($H26<>"",($H$6*$O$92)+IF($H$6=4,($O$90)+IF($H26=$G$6+$H$6,$O$91,0),0),0)) -> 11 | I27: =(IF($I26<>"",($I$6*$O$92)+IF($I$6=4,($O$90)+IF($I26=$I$6+$J$6,$O$91,0),0),0)+IF($J26<>"",($J$6*$O$92)+IF($J$6=4,($O$90)+IF($J26=$I$6+$J$6,$O$91,0),0),0)) -> 11 | K27: =(IF($K26<>"",($K$6*$O$92)+IF($K$6=4,($O$90)+IF($K26=$K$6+$L$6,$O$91,0),0),0)+IF($L26<>"",($L$6*$O$92)+IF($L$6=4,($O$90)+IF($L26=$K$6+$L$6,$O$91,0),0),0)) -> 9 | M27: =(IF($M26<>"",($M$6*$O$92)+IF($M$6=4,($O$90)+IF($M26=$M$6+$N$6,$O$91,0),0),0)+IF($N26<>"",($N$6*$O$92)+IF($N$6=4,($O$90)+IF($N26=$M$6+$N$6,$O$91,0),0),0)) -> 1 | O27: =(IF($O26<>"",($O$6*$O$92)+IF($O$6=4,($O$90)+IF($O26=$O$6+$P$6,$O$91,0),0),0)+IF($P26<>"",($P$6*$O$92)+IF($P$6=4,($O$90)+IF($P26=$O$6+$P$6,$O$91,0),0),0)) -> 9 | Q27: =(IF($Q26<>"",($Q$6*$O$92)+IF($Q$6=4,($O$90)+IF($Q26=$Q$6+$R$6,$O$91,0),0),0)+IF($R26<>"",($R$6*$O$92)+IF($R$6=4,($O$90)+IF($R26=$Q$6+$R$6,$O$91,0),0),0)) -> 0 | T27: =(IF($T26<>"",($T$6*$P$92)+IF($T$6=4,($P$90)+IF($T26=$T$6+$U$6,$P$91,0),0),0)+IF($U26<>"",($U$6*$P$92)+IF($U$6=4,($P$90)+IF($U26=$T$6+$U$6,$P$91,0),0),0)) -> 14 | V27: =(IF($V26<>"",($V$6*$P$92)+IF($V$6=4,($P$90)+IF($V26=$V$6+$W$6,$P$91,0),0),0)+IF($W26<>"",($W$6*$P$92)+IF($W$6=4,($P$90)+IF($W26=$V$6+$W$6,$P$91,0),0),0)) -> 2 | X27: =(IF($X26<>"",($X$6*$P$92)+IF($X$6=4,($P$90)+IF($X26=$X$6+$Y$6,$P$91,0),0),0)+IF($Y26<>"",($Y$6*$P$92)+IF($Y$6=4,($P$90)+IF($Y26=$X$6+$Y$6,$P$91,0),0),0)) -> 3 | Z27: =(IF($Z26<>"",($Z$6*$P$92)+IF($Z$6=4,($P$90)+IF($Z26=$Z$6+$AA$6,$P$91,0),0),0)+IF($AA26<>"",($AA$6*$P$92)+IF($AA$6=4,($P$90)+IF($AA26=$Z$6+$AA$6,$P$91,0),0),0)) -> 18 | AC27: =(IF($AC26<>"",($AC$6*$Q$92)+IF($AC$6=4,($Q$90)+IF($AC26=$AC$6+$AD$6,$Q$91,0),0),0)+IF($AD26<>"",($AD$6*$Q$92)+IF($AD$6=4,($Q$90)+IF($AD26=$AC$6+$AD$6,$Q$91,0),0),0)) -> 25 | AE27: =(IF($AE26<>"",($AE$6*$Q$92)+IF($AE$6=4,($Q$90)+IF($AE26=$AE$6+$AF$6,$Q$91,0),0),0)+IF($AF26<>"",($AF$6*$Q$92)+IF($AF$6=4,($Q$90)+IF($AF26=$AE$6+$AF$6,$Q$91,0),0),0)) -> 19 | AH27: =(IF($AH26<>"",($AH$6*$R$92)+IF($AH$6=4,($R$90)+IF($AH26=$AH$6+$AI$6,$R$91,0),0),0)+IF($AI26<>"",($AI$6*$R$92)+IF($AI$6=4,($R$90)+IF($AI26=$AH$6+$AI$6,$R$91,0),0),0)) -> 1 | AK27: =MAX($AL$10:$AL$82) - AL27 -> 169
B28: Prédiction équipe | C28: =IF(ISBLANK(C26), 0, IF(C$6= 4, 1, 0)) -> 1 | D28: =IF(ISBLANK(D26), 0, IF(D$6 = 4, 1, 0)) -> 0 | E28: =IF(ISBLANK(E26), 0, IF(E$6= 4, 1, 0)) -> 1 | F28: =IF(ISBLANK(F26), 0, IF(F$6 = 4, 1, 0)) -> 0 | G28: =IF(ISBLANK(G26), 0, IF(G$6= 4, 1, 0)) -> 1 | H28: =IF(ISBLANK(H26), 0, IF(H$6 = 4, 1, 0)) -> 0 | I28: =IF(ISBLANK(I26), 0, IF(I$6= 4, 1, 0)) -> 1 | J28: =IF(ISBLANK(J26), 0, IF(J$6 = 4, 1, 0)) -> 0 | K28: =IF(ISBLANK(K26), 0, IF(K$6= 4, 1, 0)) -> 1 | L28: =IF(ISBLANK(L26), 0, IF(L$6 = 4, 1, 0)) -> 0 | M28: =IF(ISBLANK(M26), 0, IF(M$6= 4, 1, 0)) -> 0 | N28: =IF(ISBLANK(N26), 0, IF(N$6 = 4, 1, 0)) -> 0 | O28: =IF(ISBLANK(O26), 0, IF(O$6= 4, 1, 0)) -> 1 | P28: =IF(ISBLANK(P26), 0, IF(P$6 = 4, 1, 0)) -> 0 | Q28: =IF(ISBLANK(Q26), 0, IF(Q$6= 4, 1, 0)) -> 0 | R28: =IF(ISBLANK(R26), 0, IF(R$6 = 4, 1, 0)) -> 0 | T28: =IF(ISBLANK(T26), 0, IF(T$6= 4, 1, 0)) -> 1 | U28: =IF(ISBLANK(U26), 0, IF(U$6 = 4, 1, 0)) -> 0 | V28: =IF(ISBLANK(V26), 0, IF(V$6= 4, 1, 0)) -> 0 | W28: =IF(ISBLANK(W26), 0, IF(W$6 = 4, 1, 0)) -> 0 | X28: =IF(ISBLANK(X26), 0, IF(X$6= 4, 1, 0)) -> 0 | Y28: =IF(ISBLANK(Y26), 0, IF(Y$6 = 4, 1, 0)) -> 0 | Z28: =IF(ISBLANK(Z26), 0, IF(Z$6= 4, 1, 0)) -> 1 | AA28: =IF(ISBLANK(AA26), 0, IF(AA$6 = 4, 1, 0)) -> 0 | AC28: =IF(ISBLANK(AC26), 0, IF(AC$6= 4, 1, 0)) -> 0 | AD28: =IF(ISBLANK(AD26), 0, IF(AD$6 = 4, 1, 0)) -> 1 | AE28: =IF(ISBLANK(AE26), 0, IF(AE$6= 4, 1, 0)) -> 0 | AF28: =IF(ISBLANK(AF26), 0, IF(AF$6 = 4, 1, 0)) -> 1 | AH28: =IF(ISBLANK(AH26), 0, IF(AH$6= 4, 1, 0)) -> 0 | AI28: =IF(ISBLANK(AI26), 0, IF(AI$6 = 4, 1, 0)) -> 0 | AK28: =SUM(C28:AI28) -> 10
B29: Prédiciton nb matchs | C29: =IF(C28 = 0, 0, IF(C26 = (C$6+D$6),1,0)) -> 1 | D29: =IF(D28 = 0, 0, IF(D26 = (C$6+D$6),1,0)) -> 0 | E29: =IF(E28 = 0, 0, IF(E26 = (E$6+F$6),1,0)) -> 1 | F29: =IF(F28 = 0, 0, IF(F26 = (E$6+F$6),1,0)) -> 0 | G29: =IF(G28 = 0, 0, IF(G26 = (G$6+H$6),1,0)) -> 1 | H29: =IF(H28 = 0, 0, IF(H26 = (G$6+H$6),1,0)) -> 0 | I29: =IF(I28 = 0, 0, IF(I26 = (I$6+J$6),1,0)) -> 1 | J29: =IF(J28 = 0, 0, IF(J26 = (I$6+J$6),1,0)) -> 0 | K29: =IF(K28 = 0, 0, IF(K26 = (K$6+L$6),1,0)) -> 0 | L29: =IF(L28 = 0, 0, IF(L26 = (K$6+L$6),1,0)) -> 0 | M29: =IF(M28 = 0, 0, IF(M26 = (M$6+N$6),1,0)) -> 0 | N29: =IF(N28 = 0, 0, IF(N26 = (M$6+N$6),1,0)) -> 0 | O29: =IF(O28 = 0, 0, IF(O26 = (O$6+P$6),1,0)) -> 0 | P29: =IF(P28 = 0, 0, IF(P26 = (O$6+P$6),1,0)) -> 0 | Q29: =IF(Q28 = 0, 0, IF(Q26 = (Q$6+R$6),1,0)) -> 0 | R29: =IF(R28 = 0, 0, IF(R26 = (Q$6+R$6),1,0)) -> 0 | T29: =IF(T28 = 0, 0, IF(T26 = (T$6+U$6),1,0)) -> 0 | U29: =IF(U28 = 0, 0, IF(U26 = (T$6+U$6),1,0)) -> 0 | V29: =IF(V28 = 0, 0, IF(V26 = (V$6+W$6),1,0)) -> 0 | W29: =IF(W28 = 0, 0, IF(W26 = (V$6+W$6),1,0)) -> 0 | X29: =IF(X28 = 0, 0, IF(X26 = (X$6+Y$6),1,0)) -> 0 | Y29: =IF(Y28 = 0, 0, IF(Y26 = (X$6+Y$6),1,0)) -> 0 | Z29: =IF(Z28 = 0, 0, IF(Z26 = (Z$6+AA$6),1,0)) -> 1 | AA29: =IF(AA28 = 0, 0, IF(AA26 = (Z$6+AA$6),1,0)) -> 0 | AC29: =IF(AC28 = 0, 0, IF(AC26 = (AC$6+AD$6),1,0)) -> 0 | AD29: =IF(AD28 = 0, 0, IF(AD26 = (AC$6+AD$6),1,0)) -> 1 | AE29: =IF(AE28 = 0, 0, IF(AE26 = (AE$6+AF$6),1,0)) -> 0 | AF29: =IF(AF28 = 0, 0, IF(AF26 = (AE$6+AF$6),1,0)) -> 0 | AH29: =IF(AH28 = 0, 0, IF(AH26 = (AH$6+AI$6),1,0)) -> 0 | AI29: =IF(AI28 = 0, 0, IF(AI26 = (AH$6+AI$6),1,0)) -> 0 | AK29: =SUM(C29:AI29) -> 6
A30: =RANK(AL30,$AL$10:$AL$82,) -> 6 | B30: Alexandre Levac | C30: 6 | E30: 5 | G30: 7 | I30: 6 | K30: 5 | M30: 7 | P30: 6 | Q30: 7 | S30: =SUM(C31:R31) -> 56 | T30: 7 | V30: 7 | Y30: 6 | AA30: 6 | AB30: =SUM(T31:AA31) -> 44 | AD30: 6 | AE30: 7 | AG30: =SUM(AC31:AF31) -> 20 | AH30: 4 | AJ30: =AH31 -> 24 | AK30: =MAX($AL$10:$AL$82) - AL30 -> 25 | AL30: =$S30+$AB30+$AG30+$AJ30 -> 144
A31: =RANK(AL31,$AL$10:$AL$82,) -> #N/A | C31: =(IF($C30<>"",($C$6*$O$92)+IF($C$6=4,($O$90)+IF($C30=$C$6+$D$6,$O$91,0),0),0)+IF($D30<>"",($D$6*$O$92)+IF($D$6=4,($O$90)+IF($D30=$C$6+$D$6,$O$91,0),0),0)) -> 9 | E31: =(IF($E30<>"",($E$6*$O$92)+IF($E$6=4,($O$90)+IF($E30=$E$6+$F$6,$O$91,0),0),0)+IF($F30<>"",($F$6*$O$92)+IF($F$6=4,($O$90)+IF($F30=$E$6+$F$6,$O$91,0),0),0)) -> 9 | G31: =(IF($G30<>"",($G$6*$O$92)+IF($G$6=4,($O$90)+IF($G30=$G$6+$H$6,$O$91,0),0),0)+IF($H30<>"",($H$6*$O$92)+IF($H$6=4,($O$90)+IF($H30=$G$6+$H$6,$O$91,0),0),0)) -> 9 | I31: =(IF($I30<>"",($I$6*$O$92)+IF($I$6=4,($O$90)+IF($I30=$I$6+$J$6,$O$91,0),0),0)+IF($J30<>"",($J$6*$O$92)+IF($J$6=4,($O$90)+IF($J30=$I$6+$J$6,$O$91,0),0),0)) -> 11 | K31: =(IF($K30<>"",($K$6*$O$92)+IF($K$6=4,($O$90)+IF($K30=$K$6+$L$6,$O$91,0),0),0)+IF($L30<>"",($L$6*$O$92)+IF($L$6=4,($O$90)+IF($L30=$K$6+$L$6,$O$91,0),0),0)) -> 9 | M31: =(IF($M30<>"",($M$6*$O$92)+IF($M$6=4,($O$90)+IF($M30=$M$6+$N$6,$O$91,0),0),0)+IF($N30<>"",($N$6*$O$92)+IF($N$6=4,($O$90)+IF($N30=$M$6+$N$6,$O$91,0),0),0)) -> 9 | O31: =(IF($O30<>"",($O$6*$O$92)+IF($O$6=4,($O$90)+IF($O30=$O$6+$P$6,$O$91,0),0),0)+IF($P30<>"",($P$6*$O$92)+IF($P$6=4,($O$90)+IF($P30=$O$6+$P$6,$O$91,0),0),0)) -> 0 | Q31: =(IF($Q30<>"",($Q$6*$O$92)+IF($Q$6=4,($O$90)+IF($Q30=$Q$6+$R$6,$O$91,0),0),0)+IF($R30<>"",($R$6*$O$92)+IF($R$6=4,($O$90)+IF($R30=$Q$6+$R$6,$O$91,0),0),0)) -> 0 | T31: =(IF($T30<>"",($T$6*$P$92)+IF($T$6=4,($P$90)+IF($T30=$T$6+$U$6,$P$91,0),0),0)+IF($U30<>"",($U$6*$P$92)+IF($U$6=4,($P$90)+IF($U30=$T$6+$U$6,$P$91,0),0),0)) -> 14 | V31: =(IF($V30<>"",($V$6*$P$92)+IF($V$6=4,($P$90)+IF($V30=$V$6+$W$6,$P$91,0),0),0)+IF($W30<>"",($W$6*$P$92)+IF($W$6=4,($P$90)+IF($W30=$V$6+$W$6,$P$91,0),0),0)) -> 14 | X31: =(IF($X30<>"",($X$6*$P$92)+IF($X$6=4,($P$90)+IF($X30=$X$6+$Y$6,$P$91,0),0),0)+IF($Y30<>"",($Y$6*$P$92)+IF($Y$6=4,($P$90)+IF($Y30=$X$6+$Y$6,$P$91,0),0),0)) -> 14 | Z31: =(IF($Z30<>"",($Z$6*$P$92)+IF($Z$6=4,($P$90)+IF($Z30=$Z$6+$AA$6,$P$91,0),0),0)+IF($AA30<>"",($AA$6*$P$92)+IF($AA$6=4,($P$90)+IF($AA30=$Z$6+$AA$6,$P$91,0),0),0)) -> 2 | AC31: =(IF($AC30<>"",($AC$6*$Q$92)+IF($AC$6=4,($Q$90)+IF($AC30=$AC$6+$AD$6,$Q$91,0),0),0)+IF($AD30<>"",($AD$6*$Q$92)+IF($AD$6=4,($Q$90)+IF($AD30=$AC$6+$AD$6,$Q$91,0),0),0)) -> 19 | AE31: =(IF($AE30<>"",($AE$6*$Q$92)+IF($AE$6=4,($Q$90)+IF($AE30=$AE$6+$AF$6,$Q$91,0),0),0)+IF($AF30<>"",($AF$6*$Q$92)+IF($AF$6=4,($Q$90)+IF($AF30=$AE$6+$AF$6,$Q$91,0),0),0)) -> 1 | AH31: =(IF($AH30<>"",($AH$6*$R$92)+IF($AH$6=4,($R$90)+IF($AH30=$AH$6+$AI$6,$R$91,0),0),0)+IF($AI30<>"",($AI$6*$R$92)+IF($AI$6=4,($R$90)+IF($AI30=$AH$6+$AI$6,$R$91,0),0),0)) -> 24 | AK31: =MAX($AL$10:$AL$82) - AL31 -> 169
B32: Prédiction équipe | C32: =IF(ISBLANK(C30), 0, IF(C$6= 4, 1, 0)) -> 1 | D32: =IF(ISBLANK(D30), 0, IF(D$6 = 4, 1, 0)) -> 0 | E32: =IF(ISBLANK(E30), 0, IF(E$6= 4, 1, 0)) -> 1 | F32: =IF(ISBLANK(F30), 0, IF(F$6 = 4, 1, 0)) -> 0 | G32: =IF(ISBLANK(G30), 0, IF(G$6= 4, 1, 0)) -> 1 | H32: =IF(ISBLANK(H30), 0, IF(H$6 = 4, 1, 0)) -> 0 | I32: =IF(ISBLANK(I30), 0, IF(I$6= 4, 1, 0)) -> 1 | J32: =IF(ISBLANK(J30), 0, IF(J$6 = 4, 1, 0)) -> 0 | K32: =IF(ISBLANK(K30), 0, IF(K$6= 4, 1, 0)) -> 1 | L32: =IF(ISBLANK(L30), 0, IF(L$6 = 4, 1, 0)) -> 0 | M32: =IF(ISBLANK(M30), 0, IF(M$6= 4, 1, 0)) -> 1 | N32: =IF(ISBLANK(N30), 0, IF(N$6 = 4, 1, 0)) -> 0 | O32: =IF(ISBLANK(O30), 0, IF(O$6= 4, 1, 0)) -> 0 | P32: =IF(ISBLANK(P30), 0, IF(P$6 = 4, 1, 0)) -> 0 | Q32: =IF(ISBLANK(Q30), 0, IF(Q$6= 4, 1, 0)) -> 0 | R32: =IF(ISBLANK(R30), 0, IF(R$6 = 4, 1, 0)) -> 0 | T32: =IF(ISBLANK(T30), 0, IF(T$6= 4, 1, 0)) -> 1 | U32: =IF(ISBLANK(U30), 0, IF(U$6 = 4, 1, 0)) -> 0 | V32: =IF(ISBLANK(V30), 0, IF(V$6= 4, 1, 0)) -> 1 | W32: =IF(ISBLANK(W30), 0, IF(W$6 = 4, 1, 0)) -> 0 | X32: =IF(ISBLANK(X30), 0, IF(X$6= 4, 1, 0)) -> 0 | Y32: =IF(ISBLANK(Y30), 0, IF(Y$6 = 4, 1, 0)) -> 1 | Z32: =IF(ISBLANK(Z30), 0, IF(Z$6= 4, 1, 0)) -> 0 | AA32: =IF(ISBLANK(AA30), 0, IF(AA$6 = 4, 1, 0)) -> 0 | AC32: =IF(ISBLANK(AC30), 0, IF(AC$6= 4, 1, 0)) -> 0 | AD32: =IF(ISBLANK(AD30), 0, IF(AD$6 = 4, 1, 0)) -> 1 | AE32: =IF(ISBLANK(AE30), 0, IF(AE$6= 4, 1, 0)) -> 0 | AF32: =IF(ISBLANK(AF30), 0, IF(AF$6 = 4, 1, 0)) -> 0 | AH32: =IF(ISBLANK(AH30), 0, IF(AH$6= 4, 1, 0)) -> 1 | AI32: =IF(ISBLANK(AI30), 0, IF(AI$6 = 4, 1, 0)) -> 0 | AK32: =SUM(C32:AI32) -> 11
B33: Prédiciton nb matchs | C33: =IF(C32 = 0, 0, IF(C30 = (C$6+D$6),1,0)) -> 0 | D33: =IF(D32 = 0, 0, IF(D30 = (C$6+D$6),1,0)) -> 0 | E33: =IF(E32 = 0, 0, IF(E30 = (E$6+F$6),1,0)) -> 0 | F33: =IF(F32 = 0, 0, IF(F30 = (E$6+F$6),1,0)) -> 0 | G33: =IF(G32 = 0, 0, IF(G30 = (G$6+H$6),1,0)) -> 0 | H33: =IF(H32 = 0, 0, IF(H30 = (G$6+H$6),1,0)) -> 0 | I33: =IF(I32 = 0, 0, IF(I30 = (I$6+J$6),1,0)) -> 1 | J33: =IF(J32 = 0, 0, IF(J30 = (I$6+J$6),1,0)) -> 0 | K33: =IF(K32 = 0, 0, IF(K30 = (K$6+L$6),1,0)) -> 0 | L33: =IF(L32 = 0, 0, IF(L30 = (K$6+L$6),1,0)) -> 0 | M33: =IF(M32 = 0, 0, IF(M30 = (M$6+N$6),1,0)) -> 0 | N33: =IF(N32 = 0, 0, IF(N30 = (M$6+N$6),1,0)) -> 0 | O33: =IF(O32 = 0, 0, IF(O30 = (O$6+P$6),1,0)) -> 0 | P33: =IF(P32 = 0, 0, IF(P30 = (O$6+P$6),1,0)) -> 0 | Q33: =IF(Q32 = 0, 0, IF(Q30 = (Q$6+R$6),1,0)) -> 0 | R33: =IF(R32 = 0, 0, IF(R30 = (Q$6+R$6),1,0)) -> 0 | T33: =IF(T32 = 0, 0, IF(T30 = (T$6+U$6),1,0)) -> 0 | U33: =IF(U32 = 0, 0, IF(U30 = (T$6+U$6),1,0)) -> 0 | V33: =IF(V32 = 0, 0, IF(V30 = (V$6+W$6),1,0)) -> 0 | W33: =IF(W32 = 0, 0, IF(W30 = (V$6+W$6),1,0)) -> 0 | X33: =IF(X32 = 0, 0, IF(X30 = (X$6+Y$6),1,0)) -> 0 | Y33: =IF(Y32 = 0, 0, IF(Y30 = (X$6+Y$6),1,0)) -> 0 | Z33: =IF(Z32 = 0, 0, IF(Z30 = (Z$6+AA$6),1,0)) -> 0 | AA33: =IF(AA32 = 0, 0, IF(AA30 = (Z$6+AA$6),1,0)) -> 0 | AC33: =IF(AC32 = 0, 0, IF(AC30 = (AC$6+AD$6),1,0)) -> 0 | AD33: =IF(AD32 = 0, 0, IF(AD30 = (AC$6+AD$6),1,0)) -> 0 | AE33: =IF(AE32 = 0, 0, IF(AE30 = (AE$6+AF$6),1,0)) -> 0 | AF33: =IF(AF32 = 0, 0, IF(AF30 = (AE$6+AF$6),1,0)) -> 0 | AH33: =IF(AH32 = 0, 0, IF(AH30 = (AH$6+AI$6),1,0)) -> 0 | AI33: =IF(AI32 = 0, 0, IF(AI30 = (AH$6+AI$6),1,0)) -> 0 | AK33: =SUM(C33:AI33) -> 1
A34: =RANK(AL34,$AL$10:$AL$82,) -> 7 | B34: Olivier Paris | C34: 6 | E34: 7 | G34: 6 | I34: 5 | K34: 4 | M34: 5 | O34: 7 | R34: 7 | S34: =SUM(C35:R35) -> 78 | T34: 6 | W34: 6 | X34: 6 | Z34: 6 | AB34: =SUM(T35:AA35) -> 37 | AC34: 6 | AE34: 7 | AG34: =SUM(AC35:AF35) -> 4 | AH34: 7 | AJ34: =AH35 -> 24 | AK34: =MAX($AL$10:$AL$82) - AL34 -> 26 | AL34: =$S34+$AB34+$AG34+$AJ34 -> 143
A35: =RANK(AL35,$AL$10:$AL$82,) -> #N/A | C35: =(IF($C34<>"",($C$6*$O$92)+IF($C$6=4,($O$90)+IF($C34=$C$6+$D$6,$O$91,0),0),0)+IF($D34<>"",($D$6*$O$92)+IF($D$6=4,($O$90)+IF($D34=$C$6+$D$6,$O$91,0),0),0)) -> 9 | E35: =(IF($E34<>"",($E$6*$O$92)+IF($E$6=4,($O$90)+IF($E34=$E$6+$F$6,$O$91,0),0),0)+IF($F34<>"",($F$6*$O$92)+IF($F$6=4,($O$90)+IF($F34=$E$6+$F$6,$O$91,0),0),0)) -> 11 | G35: =(IF($G34<>"",($G$6*$O$92)+IF($G$6=4,($O$90)+IF($G34=$G$6+$H$6,$O$91,0),0),0)+IF($H34<>"",($H$6*$O$92)+IF($H$6=4,($O$90)+IF($H34=$G$6+$H$6,$O$91,0),0),0)) -> 11 | I35: =(IF($I34<>"",($I$6*$O$92)+IF($I$6=4,($O$90)+IF($I34=$I$6+$J$6,$O$91,0),0),0)+IF($J34<>"",($J$6*$O$92)+IF($J$6=4,($O$90)+IF($J34=$I$6+$J$6,$O$91,0),0),0)) -> 9 | K35: =(IF($K34<>"",($K$6*$O$92)+IF($K$6=4,($O$90)+IF($K34=$K$6+$L$6,$O$91,0),0),0)+IF($L34<>"",($L$6*$O$92)+IF($L$6=4,($O$90)+IF($L34=$K$6+$L$6,$O$91,0),0),0)) -> 9 | M35: =(IF($M34<>"",($M$6*$O$92)+IF($M$6=4,($O$90)+IF($M34=$M$6+$N$6,$O$91,0),0),0)+IF($N34<>"",($N$6*$O$92)+IF($N$6=4,($O$90)+IF($N34=$M$6+$N$6,$O$91,0),0),0)) -> 11 | O35: =(IF($O34<>"",($O$6*$O$92)+IF($O$6=4,($O$90)+IF($O34=$O$6+$P$6,$O$91,0),0),0)+IF($P34<>"",($P$6*$O$92)+IF($P$6=4,($O$90)+IF($P34=$O$6+$P$6,$O$91,0),0),0)) -> 9 | Q35: =(IF($Q34<>"",($Q$6*$O$92)+IF($Q$6=4,($O$90)+IF($Q34=$Q$6+$R$6,$O$91,0),0),0)+IF($R34<>"",($R$6*$O$92)+IF($R$6=4,($O$90)+IF($R34=$Q$6+$R$6,$O$91,0),0),0)) -> 9 | T35: =(IF($T34<>"",($T$6*$P$92)+IF($T$6=4,($P$90)+IF($T34=$T$6+$U$6,$P$91,0),0),0)+IF($U34<>"",($U$6*$P$92)+IF($U$6=4,($P$90)+IF($U34=$T$6+$U$6,$P$91,0),0),0)) -> 14 | V35: =(IF($V34<>"",($V$6*$P$92)+IF($V$6=4,($P$90)+IF($V34=$V$6+$W$6,$P$91,0),0),0)+IF($W34<>"",($W$6*$P$92)+IF($W$6=4,($P$90)+IF($W34=$V$6+$W$6,$P$91,0),0),0)) -> 2 | X35: =(IF($X34<>"",($X$6*$P$92)+IF($X$6=4,($P$90)+IF($X34=$X$6+$Y$6,$P$91,0),0),0)+IF($Y34<>"",($Y$6*$P$92)+IF($Y$6=4,($P$90)+IF($Y34=$X$6+$Y$6,$P$91,0),0),0)) -> 3 | Z35: =(IF($Z34<>"",($Z$6*$P$92)+IF($Z$6=4,($P$90)+IF($Z34=$Z$6+$AA$6,$P$91,0),0),0)+IF($AA34<>"",($AA$6*$P$92)+IF($AA$6=4,($P$90)+IF($AA34=$Z$6+$AA$6,$P$91,0),0),0)) -> 18 | AC35: =(IF($AC34<>"",($AC$6*$Q$92)+IF($AC$6=4,($Q$90)+IF($AC34=$AC$6+$AD$6,$Q$91,0),0),0)+IF($AD34<>"",($AD$6*$Q$92)+IF($AD$6=4,($Q$90)+IF($AD34=$AC$6+$AD$6,$Q$91,0),0),0)) -> 3 | AE35: =(IF($AE34<>"",($AE$6*$Q$92)+IF($AE$6=4,($Q$90)+IF($AE34=$AE$6+$AF$6,$Q$91,0),0),0)+IF($AF34<>"",($AF$6*$Q$92)+IF($AF$6=4,($Q$90)+IF($AF34=$AE$6+$AF$6,$Q$91,0),0),0)) -> 1 | AH35: =(IF($AH34<>"",($AH$6*$R$92)+IF($AH$6=4,($R$90)+IF($AH34=$AH$6+$AI$6,$R$91,0),0),0)+IF($AI34<>"",($AI$6*$R$92)+IF($AI$6=4,($R$90)+IF($AI34=$AH$6+$AI$6,$R$91,0),0),0)) -> 24 | AK35: =MAX($AL$10:$AL$82) - AL35 -> 169
B36: Prédiction équipe | C36: =IF(ISBLANK(C34), 0, IF(C$6= 4, 1, 0)) -> 1 | D36: =IF(ISBLANK(D34), 0, IF(D$6 = 4, 1, 0)) -> 0 | E36: =IF(ISBLANK(E34), 0, IF(E$6= 4, 1, 0)) -> 1 | F36: =IF(ISBLANK(F34), 0, IF(F$6 = 4, 1, 0)) -> 0 | G36: =IF(ISBLANK(G34), 0, IF(G$6= 4, 1, 0)) -> 1 | H36: =IF(ISBLANK(H34), 0, IF(H$6 = 4, 1, 0)) -> 0 | I36: =IF(ISBLANK(I34), 0, IF(I$6= 4, 1, 0)) -> 1 | J36: =IF(ISBLANK(J34), 0, IF(J$6 = 4, 1, 0)) -> 0 | K36: =IF(ISBLANK(K34), 0, IF(K$6= 4, 1, 0)) -> 1 | L36: =IF(ISBLANK(L34), 0, IF(L$6 = 4, 1, 0)) -> 0 | M36: =IF(ISBLANK(M34), 0, IF(M$6= 4, 1, 0)) -> 1 | N36: =IF(ISBLANK(N34), 0, IF(N$6 = 4, 1, 0)) -> 0 | O36: =IF(ISBLANK(O34), 0, IF(O$6= 4, 1, 0)) -> 1 | P36: =IF(ISBLANK(P34), 0, IF(P$6 = 4, 1, 0)) -> 0 | Q36: =IF(ISBLANK(Q34), 0, IF(Q$6= 4, 1, 0)) -> 0 | R36: =IF(ISBLANK(R34), 0, IF(R$6 = 4, 1, 0)) -> 1 | T36: =IF(ISBLANK(T34), 0, IF(T$6= 4, 1, 0)) -> 1 | U36: =IF(ISBLANK(U34), 0, IF(U$6 = 4, 1, 0)) -> 0 | V36: =IF(ISBLANK(V34), 0, IF(V$6= 4, 1, 0)) -> 0 | W36: =IF(ISBLANK(W34), 0, IF(W$6 = 4, 1, 0)) -> 0 | X36: =IF(ISBLANK(X34), 0, IF(X$6= 4, 1, 0)) -> 0 | Y36: =IF(ISBLANK(Y34), 0, IF(Y$6 = 4, 1, 0)) -> 0 | Z36: =IF(ISBLANK(Z34), 0, IF(Z$6= 4, 1, 0)) -> 1 | AA36: =IF(ISBLANK(AA34), 0, IF(AA$6 = 4, 1, 0)) -> 0 | AC36: =IF(ISBLANK(AC34), 0, IF(AC$6= 4, 1, 0)) -> 0 | AD36: =IF(ISBLANK(AD34), 0, IF(AD$6 = 4, 1, 0)) -> 0 | AE36: =IF(ISBLANK(AE34), 0, IF(AE$6= 4, 1, 0)) -> 0 | AF36: =IF(ISBLANK(AF34), 0, IF(AF$6 = 4, 1, 0)) -> 0 | AH36: =IF(ISBLANK(AH34), 0, IF(AH$6= 4, 1, 0)) -> 1 | AI36: =IF(ISBLANK(AI34), 0, IF(AI$6 = 4, 1, 0)) -> 0 | AK36: =SUM(C36:AI36) -> 11
B37: Prédiciton nb matchs | C37: =IF(C36 = 0, 0, IF(C34 = (C$6+D$6),1,0)) -> 0 | D37: =IF(D36 = 0, 0, IF(D34 = (C$6+D$6),1,0)) -> 0 | E37: =IF(E36 = 0, 0, IF(E34 = (E$6+F$6),1,0)) -> 1 | F37: =IF(F36 = 0, 0, IF(F34 = (E$6+F$6),1,0)) -> 0 | G37: =IF(G36 = 0, 0, IF(G34 = (G$6+H$6),1,0)) -> 1 | H37: =IF(H36 = 0, 0, IF(H34 = (G$6+H$6),1,0)) -> 0 | I37: =IF(I36 = 0, 0, IF(I34 = (I$6+J$6),1,0)) -> 0 | J37: =IF(J36 = 0, 0, IF(J34 = (I$6+J$6),1,0)) -> 0 | K37: =IF(K36 = 0, 0, IF(K34 = (K$6+L$6),1,0)) -> 0 | L37: =IF(L36 = 0, 0, IF(L34 = (K$6+L$6),1,0)) -> 0 | M37: =IF(M36 = 0, 0, IF(M34 = (M$6+N$6),1,0)) -> 1 | N37: =IF(N36 = 0, 0, IF(N34 = (M$6+N$6),1,0)) -> 0 | O37: =IF(O36 = 0, 0, IF(O34 = (O$6+P$6),1,0)) -> 0 | P37: =IF(P36 = 0, 0, IF(P34 = (O$6+P$6),1,0)) -> 0 | Q37: =IF(Q36 = 0, 0, IF(Q34 = (Q$6+R$6),1,0)) -> 0 | R37: =IF(R36 = 0, 0, IF(R34 = (Q$6+R$6),1,0)) -> 0 | T37: =IF(T36 = 0, 0, IF(T34 = (T$6+U$6),1,0)) -> 0 | U37: =IF(U36 = 0, 0, IF(U34 = (T$6+U$6),1,0)) -> 0 | V37: =IF(V36 = 0, 0, IF(V34 = (V$6+W$6),1,0)) -> 0 | W37: =IF(W36 = 0, 0, IF(W34 = (V$6+W$6),1,0)) -> 0 | X37: =IF(X36 = 0, 0, IF(X34 = (X$6+Y$6),1,0)) -> 0 | Y37: =IF(Y36 = 0, 0, IF(Y34 = (X$6+Y$6),1,0)) -> 0 | Z37: =IF(Z36 = 0, 0, IF(Z34 = (Z$6+AA$6),1,0)) -> 1 | AA37: =IF(AA36 = 0, 0, IF(AA34 = (Z$6+AA$6),1,0)) -> 0 | AC37: =IF(AC36 = 0, 0, IF(AC34 = (AC$6+AD$6),1,0)) -> 0 | AD37: =IF(AD36 = 0, 0, IF(AD34 = (AC$6+AD$6),1,0)) -> 0 | AE37: =IF(AE36 = 0, 0, IF(AE34 = (AE$6+AF$6),1,0)) -> 0 | AF37: =IF(AF36 = 0, 0, IF(AF34 = (AE$6+AF$6),1,0)) -> 0 | AH37: =IF(AH36 = 0, 0, IF(AH34 = (AH$6+AI$6),1,0)) -> 0 | AI37: =IF(AI36 = 0, 0, IF(AI34 = (AH$6+AI$6),1,0)) -> 0 | AK37: =SUM(C37:AI37) -> 4
A38: =RANK(AL38,$AL$10:$AL$82,) -> 8 | B38: Michaël Tremblay | C38: 5 | F38: 6 | H38: 6 | I38: 6 | K38: 5 | M38: 6 | P38: 6 | Q38: 7 | S38: =SUM(C39:R39) -> 45 | T38: 7 | W38: 6 | Y38: 6 | Z38: 5 | AB38: =SUM(T39:AA39) -> 44 | AD38: 6 | AE38: 6 | AG38: =SUM(AC39:AF39) -> 20 | AH38: 5 | AJ38: =AH39 -> 32 | AK38: =MAX($AL$10:$AL$82) - AL38 -> 28 | AL38: =$S38+$AB38+$AG38+$AJ38 -> 141
A39: =RANK(AL39,$AL$10:$AL$82,) -> #N/A | C39: =(IF($C38<>"",($C$6*$O$92)+IF($C$6=4,($O$90)+IF($C38=$C$6+$D$6,$O$91,0),0),0)+IF($D38<>"",($D$6*$O$92)+IF($D$6=4,($O$90)+IF($D38=$C$6+$D$6,$O$91,0),0),0)) -> 11 | E39: =(IF($E38<>"",($E$6*$O$92)+IF($E$6=4,($O$90)+IF($E38=$E$6+$F$6,$O$91,0),0),0)+IF($F38<>"",($F$6*$O$92)+IF($F$6=4,($O$90)+IF($F38=$E$6+$F$6,$O$91,0),0),0)) -> 3 | G39: =(IF($G38<>"",($G$6*$O$92)+IF($G$6=4,($O$90)+IF($G38=$G$6+$H$6,$O$91,0),0),0)+IF($H38<>"",($H$6*$O$92)+IF($H$6=4,($O$90)+IF($H38=$G$6+$H$6,$O$91,0),0),0)) -> 2 | I39: =(IF($I38<>"",($I$6*$O$92)+IF($I$6=4,($O$90)+IF($I38=$I$6+$J$6,$O$91,0),0),0)+IF($J38<>"",($J$6*$O$92)+IF($J$6=4,($O$90)+IF($J38=$I$6+$J$6,$O$91,0),0),0)) -> 11 | K39: =(IF($K38<>"",($K$6*$O$92)+IF($K$6=4,($O$90)+IF($K38=$K$6+$L$6,$O$91,0),0),0)+IF($L38<>"",($L$6*$O$92)+IF($L$6=4,($O$90)+IF($L38=$K$6+$L$6,$O$91,0),0),0)) -> 9 | M39: =(IF($M38<>"",($M$6*$O$92)+IF($M$6=4,($O$90)+IF($M38=$M$6+$N$6,$O$91,0),0),0)+IF($N38<>"",($N$6*$O$92)+IF($N$6=4,($O$90)+IF($N38=$M$6+$N$6,$O$91,0),0),0)) -> 9 | O39: =(IF($O38<>"",($O$6*$O$92)+IF($O$6=4,($O$90)+IF($O38=$O$6+$P$6,$O$91,0),0),0)+IF($P38<>"",($P$6*$O$92)+IF($P$6=4,($O$90)+IF($P38=$O$6+$P$6,$O$91,0),0),0)) -> 0 | Q39: =(IF($Q38<>"",($Q$6*$O$92)+IF($Q$6=4,($O$90)+IF($Q38=$Q$6+$R$6,$O$91,0),0),0)+IF($R38<>"",($R$6*$O$92)+IF($R$6=4,($O$90)+IF($R38=$Q$6+$R$6,$O$91,0),0),0)) -> 0 | T39: =(IF($T38<>"",($T$6*$P$92)+IF($T$6=4,($P$90)+IF($T38=$T$6+$U$6,$P$91,0),0),0)+IF($U38<>"",($U$6*$P$92)+IF($U$6=4,($P$90)+IF($U38=$T$6+$U$6,$P$91,0),0),0)) -> 14 | V39: =(IF($V38<>"",($V$6*$P$92)+IF($V$6=4,($P$90)+IF($V38=$V$6+$W$6,$P$91,0),0),0)+IF($W38<>"",($W$6*$P$92)+IF($W$6=4,($P$90)+IF($W38=$V$6+$W$6,$P$91,0),0),0)) -> 2 | X39: =(IF($X38<>"",($X$6*$P$92)+IF($X$6=4,($P$90)+IF($X38=$X$6+$Y$6,$P$91,0),0),0)+IF($Y38<>"",($Y$6*$P$92)+IF($Y$6=4,($P$90)+IF($Y38=$X$6+$Y$6,$P$91,0),0),0)) -> 14 | Z39: =(IF($Z38<>"",($Z$6*$P$92)+IF($Z$6=4,($P$90)+IF($Z38=$Z$6+$AA$6,$P$91,0),0),0)+IF($AA38<>"",($AA$6*$P$92)+IF($AA$6=4,($P$90)+IF($AA38=$Z$6+$AA$6,$P$91,0),0),0)) -> 14 | AC39: =(IF($AC38<>"",($AC$6*$Q$92)+IF($AC$6=4,($Q$90)+IF($AC38=$AC$6+$AD$6,$Q$91,0),0),0)+IF($AD38<>"",($AD$6*$Q$92)+IF($AD$6=4,($Q$90)+IF($AD38=$AC$6+$AD$6,$Q$91,0),0),0)) -> 19 | AE39: =(IF($AE38<>"",($AE$6*$Q$92)+IF($AE$6=4,($Q$90)+IF($AE38=$AE$6+$AF$6,$Q$91,0),0),0)+IF($AF38<>"",($AF$6*$Q$92)+IF($AF$6=4,($Q$90)+IF($AF38=$AE$6+$AF$6,$Q$91,0),0),0)) -> 1 | AH39: =(IF($AH38<>"",($AH$6*$R$92)+IF($AH$6=4,($R$90)+IF($AH38=$AH$6+$AI$6,$R$91,0),0),0)+IF($AI38<>"",($AI$6*$R$92)+IF($AI$6=4,($R$90)+IF($AI38=$AH$6+$AI$6,$R$91,0),0),0)) -> 32 | AK39: =MAX($AL$10:$AL$82) - AL39 -> 169
B40: Prédiction équipe | C40: =IF(ISBLANK(C38), 0, IF(C$6= 4, 1, 0)) -> 1 | D40: =IF(ISBLANK(D38), 0, IF(D$6 = 4, 1, 0)) -> 0 | E40: =IF(ISBLANK(E38), 0, IF(E$6= 4, 1, 0)) -> 0 | F40: =IF(ISBLANK(F38), 0, IF(F$6 = 4, 1, 0)) -> 0 | G40: =IF(ISBLANK(G38), 0, IF(G$6= 4, 1, 0)) -> 0 | H40: =IF(ISBLANK(H38), 0, IF(H$6 = 4, 1, 0)) -> 0 | I40: =IF(ISBLANK(I38), 0, IF(I$6= 4, 1, 0)) -> 1 | J40: =IF(ISBLANK(J38), 0, IF(J$6 = 4, 1, 0)) -> 0 | K40: =IF(ISBLANK(K38), 0, IF(K$6= 4, 1, 0)) -> 1 | L40: =IF(ISBLANK(L38), 0, IF(L$6 = 4, 1, 0)) -> 0 | M40: =IF(ISBLANK(M38), 0, IF(M$6= 4, 1, 0)) -> 1 | N40: =IF(ISBLANK(N38), 0, IF(N$6 = 4, 1, 0)) -> 0 | O40: =IF(ISBLANK(O38), 0, IF(O$6= 4, 1, 0)) -> 0 | P40: =IF(ISBLANK(P38), 0, IF(P$6 = 4, 1, 0)) -> 0 | Q40: =IF(ISBLANK(Q38), 0, IF(Q$6= 4, 1, 0)) -> 0 | R40: =IF(ISBLANK(R38), 0, IF(R$6 = 4, 1, 0)) -> 0 | T40: =IF(ISBLANK(T38), 0, IF(T$6= 4, 1, 0)) -> 1 | U40: =IF(ISBLANK(U38), 0, IF(U$6 = 4, 1, 0)) -> 0 | V40: =IF(ISBLANK(V38), 0, IF(V$6= 4, 1, 0)) -> 0 | W40: =IF(ISBLANK(W38), 0, IF(W$6 = 4, 1, 0)) -> 0 | X40: =IF(ISBLANK(X38), 0, IF(X$6= 4, 1, 0)) -> 0 | Y40: =IF(ISBLANK(Y38), 0, IF(Y$6 = 4, 1, 0)) -> 1 | Z40: =IF(ISBLANK(Z38), 0, IF(Z$6= 4, 1, 0)) -> 1 | AA40: =IF(ISBLANK(AA38), 0, IF(AA$6 = 4, 1, 0)) -> 0 | AC40: =IF(ISBLANK(AC38), 0, IF(AC$6= 4, 1, 0)) -> 0 | AD40: =IF(ISBLANK(AD38), 0, IF(AD$6 = 4, 1, 0)) -> 1 | AE40: =IF(ISBLANK(AE38), 0, IF(AE$6= 4, 1, 0)) -> 0 | AF40: =IF(ISBLANK(AF38), 0, IF(AF$6 = 4, 1, 0)) -> 0 | AH40: =IF(ISBLANK(AH38), 0, IF(AH$6= 4, 1, 0)) -> 1 | AI40: =IF(ISBLANK(AI38), 0, IF(AI$6 = 4, 1, 0)) -> 0 | AK40: =SUM(C40:AI40) -> 9
B41: Prédiciton nb matchs | C41: =IF(C40 = 0, 0, IF(C38 = (C$6+D$6),1,0)) -> 1 | D41: =IF(D40 = 0, 0, IF(D38 = (C$6+D$6),1,0)) -> 0 | E41: =IF(E40 = 0, 0, IF(E38 = (E$6+F$6),1,0)) -> 0 | F41: =IF(F40 = 0, 0, IF(F38 = (E$6+F$6),1,0)) -> 0 | G41: =IF(G40 = 0, 0, IF(G38 = (G$6+H$6),1,0)) -> 0 | H41: =IF(H40 = 0, 0, IF(H38 = (G$6+H$6),1,0)) -> 0 | I41: =IF(I40 = 0, 0, IF(I38 = (I$6+J$6),1,0)) -> 1 | J41: =IF(J40 = 0, 0, IF(J38 = (I$6+J$6),1,0)) -> 0 | K41: =IF(K40 = 0, 0, IF(K38 = (K$6+L$6),1,0)) -> 0 | L41: =IF(L40 = 0, 0, IF(L38 = (K$6+L$6),1,0)) -> 0 | M41: =IF(M40 = 0, 0, IF(M38 = (M$6+N$6),1,0)) -> 0 | N41: =IF(N40 = 0, 0, IF(N38 = (M$6+N$6),1,0)) -> 0 | O41: =IF(O40 = 0, 0, IF(O38 = (O$6+P$6),1,0)) -> 0 | P41: =IF(P40 = 0, 0, IF(P38 = (O$6+P$6),1,0)) -> 0 | Q41: =IF(Q40 = 0, 0, IF(Q38 = (Q$6+R$6),1,0)) -> 0 | R41: =IF(R40 = 0, 0, IF(R38 = (Q$6+R$6),1,0)) -> 0 | T41: =IF(T40 = 0, 0, IF(T38 = (T$6+U$6),1,0)) -> 0 | U41: =IF(U40 = 0, 0, IF(U38 = (T$6+U$6),1,0)) -> 0 | V41: =IF(V40 = 0, 0, IF(V38 = (V$6+W$6),1,0)) -> 0 | W41: =IF(W40 = 0, 0, IF(W38 = (V$6+W$6),1,0)) -> 0 | X41: =IF(X40 = 0, 0, IF(X38 = (X$6+Y$6),1,0)) -> 0 | Y41: =IF(Y40 = 0, 0, IF(Y38 = (X$6+Y$6),1,0)) -> 0 | Z41: =IF(Z40 = 0, 0, IF(Z38 = (Z$6+AA$6),1,0)) -> 0 | AA41: =IF(AA40 = 0, 0, IF(AA38 = (Z$6+AA$6),1,0)) -> 0 | AC41: =IF(AC40 = 0, 0, IF(AC38 = (AC$6+AD$6),1,0)) -> 0 | AD41: =IF(AD40 = 0, 0, IF(AD38 = (AC$6+AD$6),1,0)) -> 0 | AE41: =IF(AE40 = 0, 0, IF(AE38 = (AE$6+AF$6),1,0)) -> 0 | AF41: =IF(AF40 = 0, 0, IF(AF38 = (AE$6+AF$6),1,0)) -> 0 | AH41: =IF(AH40 = 0, 0, IF(AH38 = (AH$6+AI$6),1,0)) -> 1 | AI41: =IF(AI40 = 0, 0, IF(AI38 = (AH$6+AI$6),1,0)) -> 0 | AK41: =SUM(C41:AI41) -> 3
A42: =RANK(AL42,$AL$10:$AL$82,) -> 9 | B42: Michel Guérin | C42: 6 | F42: 6 | H42: 7 | I42: 6 | K42: 5 | M42: 6 | P42: 7 | Q42: 7 | S42: =SUM(C43:R43) -> 43 | T42: 7 | W42: 7 | Y42: 6 | Z42: 7 | AB42: =SUM(T43:AA43) -> 44 | AD42: 6 | AE42: 6 | AG42: =SUM(AC43:AF43) -> 20 | AH42: 5 | AJ42: =AH43 -> 32 | AK42: =MAX($AL$10:$AL$82) - AL42 -> 30 | AL42: =$S42+$AB42+$AG42+$AJ42 -> 139
A43: =RANK(AL43,$AL$10:$AL$82,) -> #N/A | C43: =(IF($C42<>"",($C$6*$O$92)+IF($C$6=4,($O$90)+IF($C42=$C$6+$D$6,$O$91,0),0),0)+IF($D42<>"",($D$6*$O$92)+IF($D$6=4,($O$90)+IF($D42=$C$6+$D$6,$O$91,0),0),0)) -> 9 | E43: =(IF($E42<>"",($E$6*$O$92)+IF($E$6=4,($O$90)+IF($E42=$E$6+$F$6,$O$91,0),0),0)+IF($F42<>"",($F$6*$O$92)+IF($F$6=4,($O$90)+IF($F42=$E$6+$F$6,$O$91,0),0),0)) -> 3 | G43: =(IF($G42<>"",($G$6*$O$92)+IF($G$6=4,($O$90)+IF($G42=$G$6+$H$6,$O$91,0),0),0)+IF($H42<>"",($H$6*$O$92)+IF($H$6=4,($O$90)+IF($H42=$G$6+$H$6,$O$91,0),0),0)) -> 2 | I43: =(IF($I42<>"",($I$6*$O$92)+IF($I$6=4,($O$90)+IF($I42=$I$6+$J$6,$O$91,0),0),0)+IF($J42<>"",($J$6*$O$92)+IF($J$6=4,($O$90)+IF($J42=$I$6+$J$6,$O$91,0),0),0)) -> 11 | K43: =(IF($K42<>"",($K$6*$O$92)+IF($K$6=4,($O$90)+IF($K42=$K$6+$L$6,$O$91,0),0),0)+IF($L42<>"",($L$6*$O$92)+IF($L$6=4,($O$90)+IF($L42=$K$6+$L$6,$O$91,0),0),0)) -> 9 | M43: =(IF($M42<>"",($M$6*$O$92)+IF($M$6=4,($O$90)+IF($M42=$M$6+$N$6,$O$91,0),0),0)+IF($N42<>"",($N$6*$O$92)+IF($N$6=4,($O$90)+IF($N42=$M$6+$N$6,$O$91,0),0),0)) -> 9 | O43: =(IF($O42<>"",($O$6*$O$92)+IF($O$6=4,($O$90)+IF($O42=$O$6+$P$6,$O$91,0),0),0)+IF($P42<>"",($P$6*$O$92)+IF($P$6=4,($O$90)+IF($P42=$O$6+$P$6,$O$91,0),0),0)) -> 0 | Q43: =(IF($Q42<>"",($Q$6*$O$92)+IF($Q$6=4,($O$90)+IF($Q42=$Q$6+$R$6,$O$91,0),0),0)+IF($R42<>"",($R$6*$O$92)+IF($R$6=4,($O$90)+IF($R42=$Q$6+$R$6,$O$91,0),0),0)) -> 0 | T43: =(IF($T42<>"",($T$6*$P$92)+IF($T$6=4,($P$90)+IF($T42=$T$6+$U$6,$P$91,0),0),0)+IF($U42<>"",($U$6*$P$92)+IF($U$6=4,($P$90)+IF($U42=$T$6+$U$6,$P$91,0),0),0)) -> 14 | V43: =(IF($V42<>"",($V$6*$P$92)+IF($V$6=4,($P$90)+IF($V42=$V$6+$W$6,$P$91,0),0),0)+IF($W42<>"",($W$6*$P$92)+IF($W$6=4,($P$90)+IF($W42=$V$6+$W$6,$P$91,0),0),0)) -> 2 | X43: =(IF($X42<>"",($X$6*$P$92)+IF($X$6=4,($P$90)+IF($X42=$X$6+$Y$6,$P$91,0),0),0)+IF($Y42<>"",($Y$6*$P$92)+IF($Y$6=4,($P$90)+IF($Y42=$X$6+$Y$6,$P$91,0),0),0)) -> 14 | Z43: =(IF($Z42<>"",($Z$6*$P$92)+IF($Z$6=4,($P$90)+IF($Z42=$Z$6+$AA$6,$P$91,0),0),0)+IF($AA42<>"",($AA$6*$P$92)+IF($AA$6=4,($P$90)+IF($AA42=$Z$6+$AA$6,$P$91,0),0),0)) -> 14 | AC43: =(IF($AC42<>"",($AC$6*$Q$92)+IF($AC$6=4,($Q$90)+IF($AC42=$AC$6+$AD$6,$Q$91,0),0),0)+IF($AD42<>"",($AD$6*$Q$92)+IF($AD$6=4,($Q$90)+IF($AD42=$AC$6+$AD$6,$Q$91,0),0),0)) -> 19 | AE43: =(IF($AE42<>"",($AE$6*$Q$92)+IF($AE$6=4,($Q$90)+IF($AE42=$AE$6+$AF$6,$Q$91,0),0),0)+IF($AF42<>"",($AF$6*$Q$92)+IF($AF$6=4,($Q$90)+IF($AF42=$AE$6+$AF$6,$Q$91,0),0),0)) -> 1 | AH43: =(IF($AH42<>"",($AH$6*$R$92)+IF($AH$6=4,($R$90)+IF($AH42=$AH$6+$AI$6,$R$91,0),0),0)+IF($AI42<>"",($AI$6*$R$92)+IF($AI$6=4,($R$90)+IF($AI42=$AH$6+$AI$6,$R$91,0),0),0)) -> 32 | AK43: =MAX($AL$10:$AL$82) - AL43 -> 169
B44: Prédiction équipe | C44: =IF(ISBLANK(C42), 0, IF(C$6= 4, 1, 0)) -> 1 | D44: =IF(ISBLANK(D42), 0, IF(D$6 = 4, 1, 0)) -> 0 | E44: =IF(ISBLANK(E42), 0, IF(E$6= 4, 1, 0)) -> 0 | F44: =IF(ISBLANK(F42), 0, IF(F$6 = 4, 1, 0)) -> 0 | G44: =IF(ISBLANK(G42), 0, IF(G$6= 4, 1, 0)) -> 0 | H44: =IF(ISBLANK(H42), 0, IF(H$6 = 4, 1, 0)) -> 0 | I44: =IF(ISBLANK(I42), 0, IF(I$6= 4, 1, 0)) -> 1 | J44: =IF(ISBLANK(J42), 0, IF(J$6 = 4, 1, 0)) -> 0 | K44: =IF(ISBLANK(K42), 0, IF(K$6= 4, 1, 0)) -> 1 | L44: =IF(ISBLANK(L42), 0, IF(L$6 = 4, 1, 0)) -> 0 | M44: =IF(ISBLANK(M42), 0, IF(M$6= 4, 1, 0)) -> 1 | N44: =IF(ISBLANK(N42), 0, IF(N$6 = 4, 1, 0)) -> 0 | O44: =IF(ISBLANK(O42), 0, IF(O$6= 4, 1, 0)) -> 0 | P44: =IF(ISBLANK(P42), 0, IF(P$6 = 4, 1, 0)) -> 0 | Q44: =IF(ISBLANK(Q42), 0, IF(Q$6= 4, 1, 0)) -> 0 | R44: =IF(ISBLANK(R42), 0, IF(R$6 = 4, 1, 0)) -> 0 | T44: =IF(ISBLANK(T42), 0, IF(T$6= 4, 1, 0)) -> 1 | U44: =IF(ISBLANK(U42), 0, IF(U$6 = 4, 1, 0)) -> 0 | V44: =IF(ISBLANK(V42), 0, IF(V$6= 4, 1, 0)) -> 0 | W44: =IF(ISBLANK(W42), 0, IF(W$6 = 4, 1, 0)) -> 0 | X44: =IF(ISBLANK(X42), 0, IF(X$6= 4, 1, 0)) -> 0 | Y44: =IF(ISBLANK(Y42), 0, IF(Y$6 = 4, 1, 0)) -> 1 | Z44: =IF(ISBLANK(Z42), 0, IF(Z$6= 4, 1, 0)) -> 1 | AA44: =IF(ISBLANK(AA42), 0, IF(AA$6 = 4, 1, 0)) -> 0 | AC44: =IF(ISBLANK(AC42), 0, IF(AC$6= 4, 1, 0)) -> 0 | AD44: =IF(ISBLANK(AD42), 0, IF(AD$6 = 4, 1, 0)) -> 1 | AE44: =IF(ISBLANK(AE42), 0, IF(AE$6= 4, 1, 0)) -> 0 | AF44: =IF(ISBLANK(AF42), 0, IF(AF$6 = 4, 1, 0)) -> 0 | AH44: =IF(ISBLANK(AH42), 0, IF(AH$6= 4, 1, 0)) -> 1 | AI44: =IF(ISBLANK(AI42), 0, IF(AI$6 = 4, 1, 0)) -> 0 | AK44: =SUM(C44:AI44) -> 9
B45: Prédiciton nb matchs | C45: =IF(C44 = 0, 0, IF(C42 = (C$6+D$6),1,0)) -> 0 | D45: =IF(D44 = 0, 0, IF(D42 = (C$6+D$6),1,0)) -> 0 | E45: =IF(E44 = 0, 0, IF(E42 = (E$6+F$6),1,0)) -> 0 | F45: =IF(F44 = 0, 0, IF(F42 = (E$6+F$6),1,0)) -> 0 | G45: =IF(G44 = 0, 0, IF(G42 = (G$6+H$6),1,0)) -> 0 | H45: =IF(H44 = 0, 0, IF(H42 = (G$6+H$6),1,0)) -> 0 | I45: =IF(I44 = 0, 0, IF(I42 = (I$6+J$6),1,0)) -> 1 | J45: =IF(J44 = 0, 0, IF(J42 = (I$6+J$6),1,0)) -> 0 | K45: =IF(K44 = 0, 0, IF(K42 = (K$6+L$6),1,0)) -> 0 | L45: =IF(L44 = 0, 0, IF(L42 = (K$6+L$6),1,0)) -> 0 | M45: =IF(M44 = 0, 0, IF(M42 = (M$6+N$6),1,0)) -> 0 | N45: =IF(N44 = 0, 0, IF(N42 = (M$6+N$6),1,0)) -> 0 | O45: =IF(O44 = 0, 0, IF(O42 = (O$6+P$6),1,0)) -> 0 | P45: =IF(P44 = 0, 0, IF(P42 = (O$6+P$6),1,0)) -> 0 | Q45: =IF(Q44 = 0, 0, IF(Q42 = (Q$6+R$6),1,0)) -> 0 | R45: =IF(R44 = 0, 0, IF(R42 = (Q$6+R$6),1,0)) -> 0 | T45: =IF(T44 = 0, 0, IF(T42 = (T$6+U$6),1,0)) -> 0 | U45: =IF(U44 = 0, 0, IF(U42 = (T$6+U$6),1,0)) -> 0 | V45: =IF(V44 = 0, 0, IF(V42 = (V$6+W$6),1,0)) -> 0 | W45: =IF(W44 = 0, 0, IF(W42 = (V$6+W$6),1,0)) -> 0 | X45: =IF(X44 = 0, 0, IF(X42 = (X$6+Y$6),1,0)) -> 0 | Y45: =IF(Y44 = 0, 0, IF(Y42 = (X$6+Y$6),1,0)) -> 0 | Z45: =IF(Z44 = 0, 0, IF(Z42 = (Z$6+AA$6),1,0)) -> 0 | AA45: =IF(AA44 = 0, 0, IF(AA42 = (Z$6+AA$6),1,0)) -> 0 | AC45: =IF(AC44 = 0, 0, IF(AC42 = (AC$6+AD$6),1,0)) -> 0 | AD45: =IF(AD44 = 0, 0, IF(AD42 = (AC$6+AD$6),1,0)) -> 0 | AE45: =IF(AE44 = 0, 0, IF(AE42 = (AE$6+AF$6),1,0)) -> 0 | AF45: =IF(AF44 = 0, 0, IF(AF42 = (AE$6+AF$6),1,0)) -> 0 | AH45: =IF(AH44 = 0, 0, IF(AH42 = (AH$6+AI$6),1,0)) -> 1 | AI45: =IF(AI44 = 0, 0, IF(AI42 = (AH$6+AI$6),1,0)) -> 0 | AK45: =SUM(C45:AI45) -> 2
A46: =RANK(AL46,$AL$10:$AL$82,) -> 10 | B46: Raymond Tiefengraber | C46: 6 | E46: 6 | H46: 7 | I46: 7 | K46: 5 | M46: 5 | O46: 7 | Q46: 7 | S46: =SUM(C47:R47) -> 58 | U46: 7 | W46: 6 | Y46: 7 | Z46: 7 | AB46: =SUM(T47:AA47) -> 35 | AD46: 7 | AF46: 6 | AG46: =SUM(AC47:AF47) -> 44 | AI46: 7 | AJ46: =AH47 -> 1 | AK46: =MAX($AL$10:$AL$82) - AL46 -> 31 | AL46: =$S46+$AB46+$AG46+$AJ46 -> 138
A47: =RANK(AL47,$AL$10:$AL$82,) -> #N/A | C47: =(IF($C46<>"",($C$6*$O$92)+IF($C$6=4,($O$90)+IF($C46=$C$6+$D$6,$O$91,0),0),0)+IF($D46<>"",($D$6*$O$92)+IF($D$6=4,($O$90)+IF($D46=$C$6+$D$6,$O$91,0),0),0)) -> 9 | E47: =(IF($E46<>"",($E$6*$O$92)+IF($E$6=4,($O$90)+IF($E46=$E$6+$F$6,$O$91,0),0),0)+IF($F46<>"",($F$6*$O$92)+IF($F$6=4,($O$90)+IF($F46=$E$6+$F$6,$O$91,0),0),0)) -> 9 | G47: =(IF($G46<>"",($G$6*$O$92)+IF($G$6=4,($O$90)+IF($G46=$G$6+$H$6,$O$91,0),0),0)+IF($H46<>"",($H$6*$O$92)+IF($H$6=4,($O$90)+IF($H46=$G$6+$H$6,$O$91,0),0),0)) -> 2 | I47: =(IF($I46<>"",($I$6*$O$92)+IF($I$6=4,($O$90)+IF($I46=$I$6+$J$6,$O$91,0),0),0)+IF($J46<>"",($J$6*$O$92)+IF($J$6=4,($O$90)+IF($J46=$I$6+$J$6,$O$91,0),0),0)) -> 9 | K47: =(IF($K46<>"",($K$6*$O$92)+IF($K$6=4,($O$90)+IF($K46=$K$6+$L$6,$O$91,0),0),0)+IF($L46<>"",($L$6*$O$92)+IF($L$6=4,($O$90)+IF($L46=$K$6+$L$6,$O$91,0),0),0)) -> 9 | M47: =(IF($M46<>"",($M$6*$O$92)+IF($M$6=4,($O$90)+IF($M46=$M$6+$N$6,$O$91,0),0),0)+IF($N46<>"",($N$6*$O$92)+IF($N$6=4,($O$90)+IF($N46=$M$6+$N$6,$O$91,0),0),0)) -> 11 | O47: =(IF($O46<>"",($O$6*$O$92)+IF($O$6=4,($O$90)+IF($O46=$O$6+$P$6,$O$91,0),0),0)+IF($P46<>"",($P$6*$O$92)+IF($P$6=4,($O$90)+IF($P46=$O$6+$P$6,$O$91,0),0),0)) -> 9 | Q47: =(IF($Q46<>"",($Q$6*$O$92)+IF($Q$6=4,($O$90)+IF($Q46=$Q$6+$R$6,$O$91,0),0),0)+IF($R46<>"",($R$6*$O$92)+IF($R$6=4,($O$90)+IF($R46=$Q$6+$R$6,$O$91,0),0),0)) -> 0 | T47: =(IF($T46<>"",($T$6*$P$92)+IF($T$6=4,($P$90)+IF($T46=$T$6+$U$6,$P$91,0),0),0)+IF($U46<>"",($U$6*$P$92)+IF($U$6=4,($P$90)+IF($U46=$T$6+$U$6,$P$91,0),0),0)) -> 1 | V47: =(IF($V46<>"",($V$6*$P$92)+IF($V$6=4,($P$90)+IF($V46=$V$6+$W$6,$P$91,0),0),0)+IF($W46<>"",($W$6*$P$92)+IF($W$6=4,($P$90)+IF($W46=$V$6+$W$6,$P$91,0),0),0)) -> 2 | X47: =(IF($X46<>"",($X$6*$P$92)+IF($X$6=4,($P$90)+IF($X46=$X$6+$Y$6,$P$91,0),0),0)+IF($Y46<>"",($Y$6*$P$92)+IF($Y$6=4,($P$90)+IF($Y46=$X$6+$Y$6,$P$91,0),0),0)) -> 18 | Z47: =(IF($Z46<>"",($Z$6*$P$92)+IF($Z$6=4,($P$90)+IF($Z46=$Z$6+$AA$6,$P$91,0),0),0)+IF($AA46<>"",($AA$6*$P$92)+IF($AA$6=4,($P$90)+IF($AA46=$Z$6+$AA$6,$P$91,0),0),0)) -> 14 | AC47: =(IF($AC46<>"",($AC$6*$Q$92)+IF($AC$6=4,($Q$90)+IF($AC46=$AC$6+$AD$6,$Q$91,0),0),0)+IF($AD46<>"",($AD$6*$Q$92)+IF($AD$6=4,($Q$90)+IF($AD46=$AC$6+$AD$6,$Q$91,0),0),0)) -> 25 | AE47: =(IF($AE46<>"",($AE$6*$Q$92)+IF($AE$6=4,($Q$90)+IF($AE46=$AE$6+$AF$6,$Q$91,0),0),0)+IF($AF46<>"",($AF$6*$Q$92)+IF($AF$6=4,($Q$90)+IF($AF46=$AE$6+$AF$6,$Q$91,0),0),0)) -> 19 | AH47: =(IF($AH46<>"",($AH$6*$R$92)+IF($AH$6=4,($R$90)+IF($AH46=$AH$6+$AI$6,$R$91,0),0),0)+IF($AI46<>"",($AI$6*$R$92)+IF($AI$6=4,($R$90)+IF($AI46=$AH$6+$AI$6,$R$91,0),0),0)) -> 1 | AK47: =MAX($AL$10:$AL$82) - AL47 -> 169
B48: Prédiction équipe | C48: =IF(ISBLANK(C46), 0, IF(C$6= 4, 1, 0)) -> 1 | D48: =IF(ISBLANK(D46), 0, IF(D$6 = 4, 1, 0)) -> 0 | E48: =IF(ISBLANK(E46), 0, IF(E$6= 4, 1, 0)) -> 1 | F48: =IF(ISBLANK(F46), 0, IF(F$6 = 4, 1, 0)) -> 0 | G48: =IF(ISBLANK(G46), 0, IF(G$6= 4, 1, 0)) -> 0 | H48: =IF(ISBLANK(H46), 0, IF(H$6 = 4, 1, 0)) -> 0 | I48: =IF(ISBLANK(I46), 0, IF(I$6= 4, 1, 0)) -> 1 | J48: =IF(ISBLANK(J46), 0, IF(J$6 = 4, 1, 0)) -> 0 | K48: =IF(ISBLANK(K46), 0, IF(K$6= 4, 1, 0)) -> 1 | L48: =IF(ISBLANK(L46), 0, IF(L$6 = 4, 1, 0)) -> 0 | M48: =IF(ISBLANK(M46), 0, IF(M$6= 4, 1, 0)) -> 1 | N48: =IF(ISBLANK(N46), 0, IF(N$6 = 4, 1, 0)) -> 0 | O48: =IF(ISBLANK(O46), 0, IF(O$6= 4, 1, 0)) -> 1 | P48: =IF(ISBLANK(P46), 0, IF(P$6 = 4, 1, 0)) -> 0 | Q48: =IF(ISBLANK(Q46), 0, IF(Q$6= 4, 1, 0)) -> 0 | R48: =IF(ISBLANK(R46), 0, IF(R$6 = 4, 1, 0)) -> 0 | T48: =IF(ISBLANK(T46), 0, IF(T$6= 4, 1, 0)) -> 0 | U48: =IF(ISBLANK(U46), 0, IF(U$6 = 4, 1, 0)) -> 0 | V48: =IF(ISBLANK(V46), 0, IF(V$6= 4, 1, 0)) -> 0 | W48: =IF(ISBLANK(W46), 0, IF(W$6 = 4, 1, 0)) -> 0 | X48: =IF(ISBLANK(X46), 0, IF(X$6= 4, 1, 0)) -> 0 | Y48: =IF(ISBLANK(Y46), 0, IF(Y$6 = 4, 1, 0)) -> 1 | Z48: =IF(ISBLANK(Z46), 0, IF(Z$6= 4, 1, 0)) -> 1 | AA48: =IF(ISBLANK(AA46), 0, IF(AA$6 = 4, 1, 0)) -> 0 | AC48: =IF(ISBLANK(AC46), 0, IF(AC$6= 4, 1, 0)) -> 0 | AD48: =IF(ISBLANK(AD46), 0, IF(AD$6 = 4, 1, 0)) -> 1 | AE48: =IF(ISBLANK(AE46), 0, IF(AE$6= 4, 1, 0)) -> 0 | AF48: =IF(ISBLANK(AF46), 0, IF(AF$6 = 4, 1, 0)) -> 1 | AH48: =IF(ISBLANK(AH46), 0, IF(AH$6= 4, 1, 0)) -> 0 | AI48: =IF(ISBLANK(AI46), 0, IF(AI$6 = 4, 1, 0)) -> 0 | AK48: =SUM(C48:AI48) -> 10
B49: Prédiciton nb matchs | C49: =IF(C48 = 0, 0, IF(C46 = (C$6+D$6),1,0)) -> 0 | D49: =IF(D48 = 0, 0, IF(D46 = (C$6+D$6),1,0)) -> 0 | E49: =IF(E48 = 0, 0, IF(E46 = (E$6+F$6),1,0)) -> 0 | F49: =IF(F48 = 0, 0, IF(F46 = (E$6+F$6),1,0)) -> 0 | G49: =IF(G48 = 0, 0, IF(G46 = (G$6+H$6),1,0)) -> 0 | H49: =IF(H48 = 0, 0, IF(H46 = (G$6+H$6),1,0)) -> 0 | I49: =IF(I48 = 0, 0, IF(I46 = (I$6+J$6),1,0)) -> 0 | J49: =IF(J48 = 0, 0, IF(J46 = (I$6+J$6),1,0)) -> 0 | K49: =IF(K48 = 0, 0, IF(K46 = (K$6+L$6),1,0)) -> 0 | L49: =IF(L48 = 0, 0, IF(L46 = (K$6+L$6),1,0)) -> 0 | M49: =IF(M48 = 0, 0, IF(M46 = (M$6+N$6),1,0)) -> 1 | N49: =IF(N48 = 0, 0, IF(N46 = (M$6+N$6),1,0)) -> 0 | O49: =IF(O48 = 0, 0, IF(O46 = (O$6+P$6),1,0)) -> 0 | P49: =IF(P48 = 0, 0, IF(P46 = (O$6+P$6),1,0)) -> 0 | Q49: =IF(Q48 = 0, 0, IF(Q46 = (Q$6+R$6),1,0)) -> 0 | R49: =IF(R48 = 0, 0, IF(R46 = (Q$6+R$6),1,0)) -> 0 | T49: =IF(T48 = 0, 0, IF(T46 = (T$6+U$6),1,0)) -> 0 | U49: =IF(U48 = 0, 0, IF(U46 = (T$6+U$6),1,0)) -> 0 | V49: =IF(V48 = 0, 0, IF(V46 = (V$6+W$6),1,0)) -> 0 | W49: =IF(W48 = 0, 0, IF(W46 = (V$6+W$6),1,0)) -> 0 | X49: =IF(X48 = 0, 0, IF(X46 = (X$6+Y$6),1,0)) -> 0 | Y49: =IF(Y48 = 0, 0, IF(Y46 = (X$6+Y$6),1,0)) -> 1 | Z49: =IF(Z48 = 0, 0, IF(Z46 = (Z$6+AA$6),1,0)) -> 0 | AA49: =IF(AA48 = 0, 0, IF(AA46 = (Z$6+AA$6),1,0)) -> 0 | AC49: =IF(AC48 = 0, 0, IF(AC46 = (AC$6+AD$6),1,0)) -> 0 | AD49: =IF(AD48 = 0, 0, IF(AD46 = (AC$6+AD$6),1,0)) -> 1 | AE49: =IF(AE48 = 0, 0, IF(AE46 = (AE$6+AF$6),1,0)) -> 0 | AF49: =IF(AF48 = 0, 0, IF(AF46 = (AE$6+AF$6),1,0)) -> 0 | AH49: =IF(AH48 = 0, 0, IF(AH46 = (AH$6+AI$6),1,0)) -> 0 | AI49: =IF(AI48 = 0, 0, IF(AI46 = (AH$6+AI$6),1,0)) -> 0 | AK49: =SUM(C49:AI49) -> 3
A50: =RANK(AL50,$AL$10:$AL$82,) -> 11 | B50: Max Ménard | C50: 6 | E50: 6 | G50: 6 | I50: 6 | K50: 5 | M50: 5 | O50: 5 | Q50: 6 | S50: =SUM(C51:R51) -> 69 | U50: 6 | W50: 6 | X50: 7 | Z50: 5 | AB50: =SUM(T51:AA51) -> 20 | AD50: 6 | AF50: 7 | AG50: =SUM(AC51:AF51) -> 38 | AI50: 7 | AJ50: =AH51 -> 1 | AK50: =MAX($AL$10:$AL$82) - AL50 -> 41 | AL50: =$S50+$AB50+$AG50+$AJ50 -> 128
A51: =RANK(AL51,$AL$10:$AL$82,) -> #N/A | C51: =(IF($C50<>"",($C$6*$O$92)+IF($C$6=4,($O$90)+IF($C50=$C$6+$D$6,$O$91,0),0),0)+IF($D50<>"",($D$6*$O$92)+IF($D$6=4,($O$90)+IF($D50=$C$6+$D$6,$O$91,0),0),0)) -> 9 | E51: =(IF($E50<>"",($E$6*$O$92)+IF($E$6=4,($O$90)+IF($E50=$E$6+$F$6,$O$91,0),0),0)+IF($F50<>"",($F$6*$O$92)+IF($F$6=4,($O$90)+IF($F50=$E$6+$F$6,$O$91,0),0),0)) -> 9 | G51: =(IF($G50<>"",($G$6*$O$92)+IF($G$6=4,($O$90)+IF($G50=$G$6+$H$6,$O$91,0),0),0)+IF($H50<>"",($H$6*$O$92)+IF($H$6=4,($O$90)+IF($H50=$G$6+$H$6,$O$91,0),0),0)) -> 11 | I51: =(IF($I50<>"",($I$6*$O$92)+IF($I$6=4,($O$90)+IF($I50=$I$6+$J$6,$O$91,0),0),0)+IF($J50<>"",($J$6*$O$92)+IF($J$6=4,($O$90)+IF($J50=$I$6+$J$6,$O$91,0),0),0)) -> 11 | K51: =(IF($K50<>"",($K$6*$O$92)+IF($K$6=4,($O$90)+IF($K50=$K$6+$L$6,$O$91,0),0),0)+IF($L50<>"",($L$6*$O$92)+IF($L$6=4,($O$90)+IF($L50=$K$6+$L$6,$O$91,0),0),0)) -> 9 | M51: =(IF($M50<>"",($M$6*$O$92)+IF($M$6=4,($O$90)+IF($M50=$M$6+$N$6,$O$91,0),0),0)+IF($N50<>"",($N$6*$O$92)+IF($N$6=4,($O$90)+IF($N50=$M$6+$N$6,$O$91,0),0),0)) -> 11 | O51: =(IF($O50<>"",($O$6*$O$92)+IF($O$6=4,($O$90)+IF($O50=$O$6+$P$6,$O$91,0),0),0)+IF($P50<>"",($P$6*$O$92)+IF($P$6=4,($O$90)+IF($P50=$O$6+$P$6,$O$91,0),0),0)) -> 9 | Q51: =(IF($Q50<>"",($Q$6*$O$92)+IF($Q$6=4,($O$90)+IF($Q50=$Q$6+$R$6,$O$91,0),0),0)+IF($R50<>"",($R$6*$O$92)+IF($R$6=4,($O$90)+IF($R50=$Q$6+$R$6,$O$91,0),0),0)) -> 0 | T51: =(IF($T50<>"",($T$6*$P$92)+IF($T$6=4,($P$90)+IF($T50=$T$6+$U$6,$P$91,0),0),0)+IF($U50<>"",($U$6*$P$92)+IF($U$6=4,($P$90)+IF($U50=$T$6+$U$6,$P$91,0),0),0)) -> 1 | V51: =(IF($V50<>"",($V$6*$P$92)+IF($V$6=4,($P$90)+IF($V50=$V$6+$W$6,$P$91,0),0),0)+IF($W50<>"",($W$6*$P$92)+IF($W$6=4,($P$90)+IF($W50=$V$6+$W$6,$P$91,0),0),0)) -> 2 | X51: =(IF($X50<>"",($X$6*$P$92)+IF($X$6=4,($P$90)+IF($X50=$X$6+$Y$6,$P$91,0),0),0)+IF($Y50<>"",($Y$6*$P$92)+IF($Y$6=4,($P$90)+IF($Y50=$X$6+$Y$6,$P$91,0),0),0)) -> 3 | Z51: =(IF($Z50<>"",($Z$6*$P$92)+IF($Z$6=4,($P$90)+IF($Z50=$Z$6+$AA$6,$P$91,0),0),0)+IF($AA50<>"",($AA$6*$P$92)+IF($AA$6=4,($P$90)+IF($AA50=$Z$6+$AA$6,$P$91,0),0),0)) -> 14 | AC51: =(IF($AC50<>"",($AC$6*$Q$92)+IF($AC$6=4,($Q$90)+IF($AC50=$AC$6+$AD$6,$Q$91,0),0),0)+IF($AD50<>"",($AD$6*$Q$92)+IF($AD$6=4,($Q$90)+IF($AD50=$AC$6+$AD$6,$Q$91,0),0),0)) -> 19 | AE51: =(IF($AE50<>"",($AE$6*$Q$92)+IF($AE$6=4,($Q$90)+IF($AE50=$AE$6+$AF$6,$Q$91,0),0),0)+IF($AF50<>"",($AF$6*$Q$92)+IF($AF$6=4,($Q$90)+IF($AF50=$AE$6+$AF$6,$Q$91,0),0),0)) -> 19 | AH51: =(IF($AH50<>"",($AH$6*$R$92)+IF($AH$6=4,($R$90)+IF($AH50=$AH$6+$AI$6,$R$91,0),0),0)+IF($AI50<>"",($AI$6*$R$92)+IF($AI$6=4,($R$90)+IF($AI50=$AH$6+$AI$6,$R$91,0),0),0)) -> 1 | AK51: =MAX($AL$10:$AL$82) - AL51 -> 169
B52: Prédiction équipe | C52: =IF(ISBLANK(C50), 0, IF(C$6= 4, 1, 0)) -> 1 | D52: =IF(ISBLANK(D50), 0, IF(D$6 = 4, 1, 0)) -> 0 | E52: =IF(ISBLANK(E50), 0, IF(E$6= 4, 1, 0)) -> 1 | F52: =IF(ISBLANK(F50), 0, IF(F$6 = 4, 1, 0)) -> 0 | G52: =IF(ISBLANK(G50), 0, IF(G$6= 4, 1, 0)) -> 1 | H52: =IF(ISBLANK(H50), 0, IF(H$6 = 4, 1, 0)) -> 0 | I52: =IF(ISBLANK(I50), 0, IF(I$6= 4, 1, 0)) -> 1 | J52: =IF(ISBLANK(J50), 0, IF(J$6 = 4, 1, 0)) -> 0 | K52: =IF(ISBLANK(K50), 0, IF(K$6= 4, 1, 0)) -> 1 | L52: =IF(ISBLANK(L50), 0, IF(L$6 = 4, 1, 0)) -> 0 | M52: =IF(ISBLANK(M50), 0, IF(M$6= 4, 1, 0)) -> 1 | N52: =IF(ISBLANK(N50), 0, IF(N$6 = 4, 1, 0)) -> 0 | O52: =IF(ISBLANK(O50), 0, IF(O$6= 4, 1, 0)) -> 1 | P52: =IF(ISBLANK(P50), 0, IF(P$6 = 4, 1, 0)) -> 0 | Q52: =IF(ISBLANK(Q50), 0, IF(Q$6= 4, 1, 0)) -> 0 | R52: =IF(ISBLANK(R50), 0, IF(R$6 = 4, 1, 0)) -> 0 | T52: =IF(ISBLANK(T50), 0, IF(T$6= 4, 1, 0)) -> 0 | U52: =IF(ISBLANK(U50), 0, IF(U$6 = 4, 1, 0)) -> 0 | V52: =IF(ISBLANK(V50), 0, IF(V$6= 4, 1, 0)) -> 0 | W52: =IF(ISBLANK(W50), 0, IF(W$6 = 4, 1, 0)) -> 0 | X52: =IF(ISBLANK(X50), 0, IF(X$6= 4, 1, 0)) -> 0 | Y52: =IF(ISBLANK(Y50), 0, IF(Y$6 = 4, 1, 0)) -> 0 | Z52: =IF(ISBLANK(Z50), 0, IF(Z$6= 4, 1, 0)) -> 1 | AA52: =IF(ISBLANK(AA50), 0, IF(AA$6 = 4, 1, 0)) -> 0 | AC52: =IF(ISBLANK(AC50), 0, IF(AC$6= 4, 1, 0)) -> 0 | AD52: =IF(ISBLANK(AD50), 0, IF(AD$6 = 4, 1, 0)) -> 1 | AE52: =IF(ISBLANK(AE50), 0, IF(AE$6= 4, 1, 0)) -> 0 | AF52: =IF(ISBLANK(AF50), 0, IF(AF$6 = 4, 1, 0)) -> 1 | AH52: =IF(ISBLANK(AH50), 0, IF(AH$6= 4, 1, 0)) -> 0 | AI52: =IF(ISBLANK(AI50), 0, IF(AI$6 = 4, 1, 0)) -> 0 | AK52: =SUM(C52:AI52) -> 10
B53: Prédiciton nb matchs | C53: =IF(C52 = 0, 0, IF(C50 = (C$6+D$6),1,0)) -> 0 | D53: =IF(D52 = 0, 0, IF(D50 = (C$6+D$6),1,0)) -> 0 | E53: =IF(E52 = 0, 0, IF(E50 = (E$6+F$6),1,0)) -> 0 | F53: =IF(F52 = 0, 0, IF(F50 = (E$6+F$6),1,0)) -> 0 | G53: =IF(G52 = 0, 0, IF(G50 = (G$6+H$6),1,0)) -> 1 | H53: =IF(H52 = 0, 0, IF(H50 = (G$6+H$6),1,0)) -> 0 | I53: =IF(I52 = 0, 0, IF(I50 = (I$6+J$6),1,0)) -> 1 | J53: =IF(J52 = 0, 0, IF(J50 = (I$6+J$6),1,0)) -> 0 | K53: =IF(K52 = 0, 0, IF(K50 = (K$6+L$6),1,0)) -> 0 | L53: =IF(L52 = 0, 0, IF(L50 = (K$6+L$6),1,0)) -> 0 | M53: =IF(M52 = 0, 0, IF(M50 = (M$6+N$6),1,0)) -> 1 | N53: =IF(N52 = 0, 0, IF(N50 = (M$6+N$6),1,0)) -> 0 | O53: =IF(O52 = 0, 0, IF(O50 = (O$6+P$6),1,0)) -> 0 | P53: =IF(P52 = 0, 0, IF(P50 = (O$6+P$6),1,0)) -> 0 | Q53: =IF(Q52 = 0, 0, IF(Q50 = (Q$6+R$6),1,0)) -> 0 | R53: =IF(R52 = 0, 0, IF(R50 = (Q$6+R$6),1,0)) -> 0 | T53: =IF(T52 = 0, 0, IF(T50 = (T$6+U$6),1,0)) -> 0 | U53: =IF(U52 = 0, 0, IF(U50 = (T$6+U$6),1,0)) -> 0 | V53: =IF(V52 = 0, 0, IF(V50 = (V$6+W$6),1,0)) -> 0 | W53: =IF(W52 = 0, 0, IF(W50 = (V$6+W$6),1,0)) -> 0 | X53: =IF(X52 = 0, 0, IF(X50 = (X$6+Y$6),1,0)) -> 0 | Y53: =IF(Y52 = 0, 0, IF(Y50 = (X$6+Y$6),1,0)) -> 0 | Z53: =IF(Z52 = 0, 0, IF(Z50 = (Z$6+AA$6),1,0)) -> 0 | AA53: =IF(AA52 = 0, 0, IF(AA50 = (Z$6+AA$6),1,0)) -> 0 | AC53: =IF(AC52 = 0, 0, IF(AC50 = (AC$6+AD$6),1,0)) -> 0 | AD53: =IF(AD52 = 0, 0, IF(AD50 = (AC$6+AD$6),1,0)) -> 0 | AE53: =IF(AE52 = 0, 0, IF(AE50 = (AE$6+AF$6),1,0)) -> 0 | AF53: =IF(AF52 = 0, 0, IF(AF50 = (AE$6+AF$6),1,0)) -> 0 | AH53: =IF(AH52 = 0, 0, IF(AH50 = (AH$6+AI$6),1,0)) -> 0 | AI53: =IF(AI52 = 0, 0, IF(AI50 = (AH$6+AI$6),1,0)) -> 0 | AK53: =SUM(C53:AI53) -> 3
A54: =RANK(AL54,$AL$10:$AL$82,) -> 12 | B54: Daniel Darveau | C54: 6 | E54: 7 | H54: 7 | I54: 6 | K54: 5 | M54: 6 | O54: 7 | Q54: 6 | S54: =SUM(C55:R55) -> 60 | T54: 6 | W54: 7 | X54: 6 | Z54: 6 | AB54: =SUM(T55:AA55) -> 37 | AC54: 6 | AF54: 6 | AG54: =SUM(AC55:AF55) -> 22 | AI54: 6 | AJ54: =AH55 -> 1 | AK54: =MAX($AL$10:$AL$82) - AL54 -> 49 | AL54: =$S54+$AB54+$AG54+$AJ54 -> 120
A55: =RANK(AL55,$AL$10:$AL$82,) -> #N/A | C55: =(IF($C54<>"",($C$6*$O$92)+IF($C$6=4,($O$90)+IF($C54=$C$6+$D$6,$O$91,0),0),0)+IF($D54<>"",($D$6*$O$92)+IF($D$6=4,($O$90)+IF($D54=$C$6+$D$6,$O$91,0),0),0)) -> 9 | E55: =(IF($E54<>"",($E$6*$O$92)+IF($E$6=4,($O$90)+IF($E54=$E$6+$F$6,$O$91,0),0),0)+IF($F54<>"",($F$6*$O$92)+IF($F$6=4,($O$90)+IF($F54=$E$6+$F$6,$O$91,0),0),0)) -> 11 | G55: =(IF($G54<>"",($G$6*$O$92)+IF($G$6=4,($O$90)+IF($G54=$G$6+$H$6,$O$91,0),0),0)+IF($H54<>"",($H$6*$O$92)+IF($H$6=4,($O$90)+IF($H54=$G$6+$H$6,$O$91,0),0),0)) -> 2 | I55: =(IF($I54<>"",($I$6*$O$92)+IF($I$6=4,($O$90)+IF($I54=$I$6+$J$6,$O$91,0),0),0)+IF($J54<>"",($J$6*$O$92)+IF($J$6=4,($O$90)+IF($J54=$I$6+$J$6,$O$91,0),0),0)) -> 11 | K55: =(IF($K54<>"",($K$6*$O$92)+IF($K$6=4,($O$90)+IF($K54=$K$6+$L$6,$O$91,0),0),0)+IF($L54<>"",($L$6*$O$92)+IF($L$6=4,($O$90)+IF($L54=$K$6+$L$6,$O$91,0),0),0)) -> 9 | M55: =(IF($M54<>"",($M$6*$O$92)+IF($M$6=4,($O$90)+IF($M54=$M$6+$N$6,$O$91,0),0),0)+IF($N54<>"",($N$6*$O$92)+IF($N$6=4,($O$90)+IF($N54=$M$6+$N$6,$O$91,0),0),0)) -> 9 | O55: =(IF($O54<>"",($O$6*$O$92)+IF($O$6=4,($O$90)+IF($O54=$O$6+$P$6,$O$91,0),0),0)+IF($P54<>"",($P$6*$O$92)+IF($P$6=4,($O$90)+IF($P54=$O$6+$P$6,$O$91,0),0),0)) -> 9 | Q55: =(IF($Q54<>"",($Q$6*$O$92)+IF($Q$6=4,($O$90)+IF($Q54=$Q$6+$R$6,$O$91,0),0),0)+IF($R54<>"",($R$6*$O$92)+IF($R$6=4,($O$90)+IF($R54=$Q$6+$R$6,$O$91,0),0),0)) -> 0 | T55: =(IF($T54<>"",($T$6*$P$92)+IF($T$6=4,($P$90)+IF($T54=$T$6+$U$6,$P$91,0),0),0)+IF($U54<>"",($U$6*$P$92)+IF($U$6=4,($P$90)+IF($U54=$T$6+$U$6,$P$91,0),0),0)) -> 14 | V55: =(IF($V54<>"",($V$6*$P$92)+IF($V$6=4,($P$90)+IF($V54=$V$6+$W$6,$P$91,0),0),0)+IF($W54<>"",($W$6*$P$92)+IF($W$6=4,($P$90)+IF($W54=$V$6+$W$6,$P$91,0),0),0)) -> 2 | X55: =(IF($X54<>"",($X$6*$P$92)+IF($X$6=4,($P$90)+IF($X54=$X$6+$Y$6,$P$91,0),0),0)+IF($Y54<>"",($Y$6*$P$92)+IF($Y$6=4,($P$90)+IF($Y54=$X$6+$Y$6,$P$91,0),0),0)) -> 3 | Z55: =(IF($Z54<>"",($Z$6*$P$92)+IF($Z$6=4,($P$90)+IF($Z54=$Z$6+$AA$6,$P$91,0),0),0)+IF($AA54<>"",($AA$6*$P$92)+IF($AA$6=4,($P$90)+IF($AA54=$Z$6+$AA$6,$P$91,0),0),0)) -> 18 | AC55: =(IF($AC54<>"",($AC$6*$Q$92)+IF($AC$6=4,($Q$90)+IF($AC54=$AC$6+$AD$6,$Q$91,0),0),0)+IF($AD54<>"",($AD$6*$Q$92)+IF($AD$6=4,($Q$90)+IF($AD54=$AC$6+$AD$6,$Q$91,0),0),0)) -> 3 | AE55: =(IF($AE54<>"",($AE$6*$Q$92)+IF($AE$6=4,($Q$90)+IF($AE54=$AE$6+$AF$6,$Q$91,0),0),0)+IF($AF54<>"",($AF$6*$Q$92)+IF($AF$6=4,($Q$90)+IF($AF54=$AE$6+$AF$6,$Q$91,0),0),0)) -> 19 | AH55: =(IF($AH54<>"",($AH$6*$R$92)+IF($AH$6=4,($R$90)+IF($AH54=$AH$6+$AI$6,$R$91,0),0),0)+IF($AI54<>"",($AI$6*$R$92)+IF($AI$6=4,($R$90)+IF($AI54=$AH$6+$AI$6,$R$91,0),0),0)) -> 1 | AK55: =MAX($AL$10:$AL$82) - AL55 -> 169
B56: Prédiction équipe | C56: =IF(ISBLANK(C54), 0, IF(C$6= 4, 1, 0)) -> 1 | D56: =IF(ISBLANK(D54), 0, IF(D$6 = 4, 1, 0)) -> 0 | E56: =IF(ISBLANK(E54), 0, IF(E$6= 4, 1, 0)) -> 1 | F56: =IF(ISBLANK(F54), 0, IF(F$6 = 4, 1, 0)) -> 0 | G56: =IF(ISBLANK(G54), 0, IF(G$6= 4, 1, 0)) -> 0 | H56: =IF(ISBLANK(H54), 0, IF(H$6 = 4, 1, 0)) -> 0 | I56: =IF(ISBLANK(I54), 0, IF(I$6= 4, 1, 0)) -> 1 | J56: =IF(ISBLANK(J54), 0, IF(J$6 = 4, 1, 0)) -> 0 | K56: =IF(ISBLANK(K54), 0, IF(K$6= 4, 1, 0)) -> 1 | L56: =IF(ISBLANK(L54), 0, IF(L$6 = 4, 1, 0)) -> 0 | M56: =IF(ISBLANK(M54), 0, IF(M$6= 4, 1, 0)) -> 1 | N56: =IF(ISBLANK(N54), 0, IF(N$6 = 4, 1, 0)) -> 0 | O56: =IF(ISBLANK(O54), 0, IF(O$6= 4, 1, 0)) -> 1 | P56: =IF(ISBLANK(P54), 0, IF(P$6 = 4, 1, 0)) -> 0 | Q56: =IF(ISBLANK(Q54), 0, IF(Q$6= 4, 1, 0)) -> 0 | R56: =IF(ISBLANK(R54), 0, IF(R$6 = 4, 1, 0)) -> 0 | T56: =IF(ISBLANK(T54), 0, IF(T$6= 4, 1, 0)) -> 1 | U56: =IF(ISBLANK(U54), 0, IF(U$6 = 4, 1, 0)) -> 0 | V56: =IF(ISBLANK(V54), 0, IF(V$6= 4, 1, 0)) -> 0 | W56: =IF(ISBLANK(W54), 0, IF(W$6 = 4, 1, 0)) -> 0 | X56: =IF(ISBLANK(X54), 0, IF(X$6= 4, 1, 0)) -> 0 | Y56: =IF(ISBLANK(Y54), 0, IF(Y$6 = 4, 1, 0)) -> 0 | Z56: =IF(ISBLANK(Z54), 0, IF(Z$6= 4, 1, 0)) -> 1 | AA56: =IF(ISBLANK(AA54), 0, IF(AA$6 = 4, 1, 0)) -> 0 | AC56: =IF(ISBLANK(AC54), 0, IF(AC$6= 4, 1, 0)) -> 0 | AD56: =IF(ISBLANK(AD54), 0, IF(AD$6 = 4, 1, 0)) -> 0 | AE56: =IF(ISBLANK(AE54), 0, IF(AE$6= 4, 1, 0)) -> 0 | AF56: =IF(ISBLANK(AF54), 0, IF(AF$6 = 4, 1, 0)) -> 1 | AH56: =IF(ISBLANK(AH54), 0, IF(AH$6= 4, 1, 0)) -> 0 | AI56: =IF(ISBLANK(AI54), 0, IF(AI$6 = 4, 1, 0)) -> 0 | AK56: =SUM(C56:AI56) -> 9
B57: Prédiciton nb matchs | C57: =IF(C56 = 0, 0, IF(C54 = (C$6+D$6),1,0)) -> 0 | D57: =IF(D56 = 0, 0, IF(D54 = (C$6+D$6),1,0)) -> 0 | E57: =IF(E56 = 0, 0, IF(E54 = (E$6+F$6),1,0)) -> 1 | F57: =IF(F56 = 0, 0, IF(F54 = (E$6+F$6),1,0)) -> 0 | G57: =IF(G56 = 0, 0, IF(G54 = (G$6+H$6),1,0)) -> 0 | H57: =IF(H56 = 0, 0, IF(H54 = (G$6+H$6),1,0)) -> 0 | I57: =IF(I56 = 0, 0, IF(I54 = (I$6+J$6),1,0)) -> 1 | J57: =IF(J56 = 0, 0, IF(J54 = (I$6+J$6),1,0)) -> 0 | K57: =IF(K56 = 0, 0, IF(K54 = (K$6+L$6),1,0)) -> 0 | L57: =IF(L56 = 0, 0, IF(L54 = (K$6+L$6),1,0)) -> 0 | M57: =IF(M56 = 0, 0, IF(M54 = (M$6+N$6),1,0)) -> 0 | N57: =IF(N56 = 0, 0, IF(N54 = (M$6+N$6),1,0)) -> 0 | O57: =IF(O56 = 0, 0, IF(O54 = (O$6+P$6),1,0)) -> 0 | P57: =IF(P56 = 0, 0, IF(P54 = (O$6+P$6),1,0)) -> 0 | Q57: =IF(Q56 = 0, 0, IF(Q54 = (Q$6+R$6),1,0)) -> 0 | R57: =IF(R56 = 0, 0, IF(R54 = (Q$6+R$6),1,0)) -> 0 | T57: =IF(T56 = 0, 0, IF(T54 = (T$6+U$6),1,0)) -> 0 | U57: =IF(U56 = 0, 0, IF(U54 = (T$6+U$6),1,0)) -> 0 | V57: =IF(V56 = 0, 0, IF(V54 = (V$6+W$6),1,0)) -> 0 | W57: =IF(W56 = 0, 0, IF(W54 = (V$6+W$6),1,0)) -> 0 | X57: =IF(X56 = 0, 0, IF(X54 = (X$6+Y$6),1,0)) -> 0 | Y57: =IF(Y56 = 0, 0, IF(Y54 = (X$6+Y$6),1,0)) -> 0 | Z57: =IF(Z56 = 0, 0, IF(Z54 = (Z$6+AA$6),1,0)) -> 1 | AA57: =IF(AA56 = 0, 0, IF(AA54 = (Z$6+AA$6),1,0)) -> 0 | AC57: =IF(AC56 = 0, 0, IF(AC54 = (AC$6+AD$6),1,0)) -> 0 | AD57: =IF(AD56 = 0, 0, IF(AD54 = (AC$6+AD$6),1,0)) -> 0 | AE57: =IF(AE56 = 0, 0, IF(AE54 = (AE$6+AF$6),1,0)) -> 0 | AF57: =IF(AF56 = 0, 0, IF(AF54 = (AE$6+AF$6),1,0)) -> 0 | AH57: =IF(AH56 = 0, 0, IF(AH54 = (AH$6+AI$6),1,0)) -> 0 | AI57: =IF(AI56 = 0, 0, IF(AI54 = (AH$6+AI$6),1,0)) -> 0 | AK57: =SUM(C57:AI57) -> 3
A58: =RANK(AL58,$AL$10:$AL$82,) -> 13 | B58: Pierre Daoust | C58: 6 | E58: 6 | G58: 7 | I58: 5 | K58: 5 | M58: 5 | P58: 6 | R58: 6 | S58: =SUM(C59:R59) -> 65 | U58: 7 | W58: 7 | X58: 7 | AA58: 7 | AB58: =SUM(T59:AA59) -> 8 | AD58: 6 | AE58: 5 | AG58: =SUM(AC59:AF59) -> 20 | AH58: 6 | AJ58: =AH59 -> 24 | AK58: =MAX($AL$10:$AL$82) - AL58 -> 52 | AL58: =$S58+$AB58+$AG58+$AJ58 -> 117
A59: =RANK(AL59,$AL$10:$AL$82,) -> #N/A | C59: =(IF($C58<>"",($C$6*$O$92)+IF($C$6=4,($O$90)+IF($C58=$C$6+$D$6,$O$91,0),0),0)+IF($D58<>"",($D$6*$O$92)+IF($D$6=4,($O$90)+IF($D58=$C$6+$D$6,$O$91,0),0),0)) -> 9 | E59: =(IF($E58<>"",($E$6*$O$92)+IF($E$6=4,($O$90)+IF($E58=$E$6+$F$6,$O$91,0),0),0)+IF($F58<>"",($F$6*$O$92)+IF($F$6=4,($O$90)+IF($F58=$E$6+$F$6,$O$91,0),0),0)) -> 9 | G59: =(IF($G58<>"",($G$6*$O$92)+IF($G$6=4,($O$90)+IF($G58=$G$6+$H$6,$O$91,0),0),0)+IF($H58<>"",($H$6*$O$92)+IF($H$6=4,($O$90)+IF($H58=$G$6+$H$6,$O$91,0),0),0)) -> 9 | I59: =(IF($I58<>"",($I$6*$O$92)+IF($I$6=4,($O$90)+IF($I58=$I$6+$J$6,$O$91,0),0),0)+IF($J58<>"",($J$6*$O$92)+IF($J$6=4,($O$90)+IF($J58=$I$6+$J$6,$O$91,0),0),0)) -> 9 | K59: =(IF($K58<>"",($K$6*$O$92)+IF($K$6=4,($O$90)+IF($K58=$K$6+$L$6,$O$91,0),0),0)+IF($L58<>"",($L$6*$O$92)+IF($L$6=4,($O$90)+IF($L58=$K$6+$L$6,$O$91,0),0),0)) -> 9 | M59: =(IF($M58<>"",($M$6*$O$92)+IF($M$6=4,($O$90)+IF($M58=$M$6+$N$6,$O$91,0),0),0)+IF($N58<>"",($N$6*$O$92)+IF($N$6=4,($O$90)+IF($N58=$M$6+$N$6,$O$91,0),0),0)) -> 11 | O59: =(IF($O58<>"",($O$6*$O$92)+IF($O$6=4,($O$90)+IF($O58=$O$6+$P$6,$O$91,0),0),0)+IF($P58<>"",($P$6*$O$92)+IF($P$6=4,($O$90)+IF($P58=$O$6+$P$6,$O$91,0),0),0)) -> 0 | Q59: =(IF($Q58<>"",($Q$6*$O$92)+IF($Q$6=4,($O$90)+IF($Q58=$Q$6+$R$6,$O$91,0),0),0)+IF($R58<>"",($R$6*$O$92)+IF($R$6=4,($O$90)+IF($R58=$Q$6+$R$6,$O$91,0),0),0)) -> 9 | T59: =(IF($T58<>"",($T$6*$P$92)+IF($T$6=4,($P$90)+IF($T58=$T$6+$U$6,$P$91,0),0),0)+IF($U58<>"",($U$6*$P$92)+IF($U$6=4,($P$90)+IF($U58=$T$6+$U$6,$P$91,0),0),0)) -> 1 | V59: =(IF($V58<>"",($V$6*$P$92)+IF($V$6=4,($P$90)+IF($V58=$V$6+$W$6,$P$91,0),0),0)+IF($W58<>"",($W$6*$P$92)+IF($W$6=4,($P$90)+IF($W58=$V$6+$W$6,$P$91,0),0),0)) -> 2 | X59: =(IF($X58<>"",($X$6*$P$92)+IF($X$6=4,($P$90)+IF($X58=$X$6+$Y$6,$P$91,0),0),0)+IF($Y58<>"",($Y$6*$P$92)+IF($Y$6=4,($P$90)+IF($Y58=$X$6+$Y$6,$P$91,0),0),0)) -> 3 | Z59: =(IF($Z58<>"",($Z$6*$P$92)+IF($Z$6=4,($P$90)+IF($Z58=$Z$6+$AA$6,$P$91,0),0),0)+IF($AA58<>"",($AA$6*$P$92)+IF($AA$6=4,($P$90)+IF($AA58=$Z$6+$AA$6,$P$91,0),0),0)) -> 2 | AC59: =(IF($AC58<>"",($AC$6*$Q$92)+IF($AC$6=4,($Q$90)+IF($AC58=$AC$6+$AD$6,$Q$91,0),0),0)+IF($AD58<>"",($AD$6*$Q$92)+IF($AD$6=4,($Q$90)+IF($AD58=$AC$6+$AD$6,$Q$91,0),0),0)) -> 19 | AE59: =(IF($AE58<>"",($AE$6*$Q$92)+IF($AE$6=4,($Q$90)+IF($AE58=$AE$6+$AF$6,$Q$91,0),0),0)+IF($AF58<>"",($AF$6*$Q$92)+IF($AF$6=4,($Q$90)+IF($AF58=$AE$6+$AF$6,$Q$91,0),0),0)) -> 1 | AH59: =(IF($AH58<>"",($AH$6*$R$92)+IF($AH$6=4,($R$90)+IF($AH58=$AH$6+$AI$6,$R$91,0),0),0)+IF($AI58<>"",($AI$6*$R$92)+IF($AI$6=4,($R$90)+IF($AI58=$AH$6+$AI$6,$R$91,0),0),0)) -> 24 | AK59: =MAX($AL$10:$AL$82) - AL59 -> 169
B60: Prédiction équipe | C60: =IF(ISBLANK(C58), 0, IF(C$6= 4, 1, 0)) -> 1 | D60: =IF(ISBLANK(D58), 0, IF(D$6 = 4, 1, 0)) -> 0 | E60: =IF(ISBLANK(E58), 0, IF(E$6= 4, 1, 0)) -> 1 | F60: =IF(ISBLANK(F58), 0, IF(F$6 = 4, 1, 0)) -> 0 | G60: =IF(ISBLANK(G58), 0, IF(G$6= 4, 1, 0)) -> 1 | H60: =IF(ISBLANK(H58), 0, IF(H$6 = 4, 1, 0)) -> 0 | I60: =IF(ISBLANK(I58), 0, IF(I$6= 4, 1, 0)) -> 1 | J60: =IF(ISBLANK(J58), 0, IF(J$6 = 4, 1, 0)) -> 0 | K60: =IF(ISBLANK(K58), 0, IF(K$6= 4, 1, 0)) -> 1 | L60: =IF(ISBLANK(L58), 0, IF(L$6 = 4, 1, 0)) -> 0 | M60: =IF(ISBLANK(M58), 0, IF(M$6= 4, 1, 0)) -> 1 | N60: =IF(ISBLANK(N58), 0, IF(N$6 = 4, 1, 0)) -> 0 | O60: =IF(ISBLANK(O58), 0, IF(O$6= 4, 1, 0)) -> 0 | P60: =IF(ISBLANK(P58), 0, IF(P$6 = 4, 1, 0)) -> 0 | Q60: =IF(ISBLANK(Q58), 0, IF(Q$6= 4, 1, 0)) -> 0 | R60: =IF(ISBLANK(R58), 0, IF(R$6 = 4, 1, 0)) -> 1 | T60: =IF(ISBLANK(T58), 0, IF(T$6= 4, 1, 0)) -> 0 | U60: =IF(ISBLANK(U58), 0, IF(U$6 = 4, 1, 0)) -> 0 | V60: =IF(ISBLANK(V58), 0, IF(V$6= 4, 1, 0)) -> 0 | W60: =IF(ISBLANK(W58), 0, IF(W$6 = 4, 1, 0)) -> 0 | X60: =IF(ISBLANK(X58), 0, IF(X$6= 4, 1, 0)) -> 0 | Y60: =IF(ISBLANK(Y58), 0, IF(Y$6 = 4, 1, 0)) -> 0 | Z60: =IF(ISBLANK(Z58), 0, IF(Z$6= 4, 1, 0)) -> 0 | AA60: =IF(ISBLANK(AA58), 0, IF(AA$6 = 4, 1, 0)) -> 0 | AC60: =IF(ISBLANK(AC58), 0, IF(AC$6= 4, 1, 0)) -> 0 | AD60: =IF(ISBLANK(AD58), 0, IF(AD$6 = 4, 1, 0)) -> 1 | AE60: =IF(ISBLANK(AE58), 0, IF(AE$6= 4, 1, 0)) -> 0 | AF60: =IF(ISBLANK(AF58), 0, IF(AF$6 = 4, 1, 0)) -> 0 | AH60: =IF(ISBLANK(AH58), 0, IF(AH$6= 4, 1, 0)) -> 1 | AI60: =IF(ISBLANK(AI58), 0, IF(AI$6 = 4, 1, 0)) -> 0 | AK60: =SUM(C60:AI60) -> 9
B61: Prédiciton nb matchs | C61: =IF(C60 = 0, 0, IF(C58 = (C$6+D$6),1,0)) -> 0 | D61: =IF(D60 = 0, 0, IF(D58 = (C$6+D$6),1,0)) -> 0 | E61: =IF(E60 = 0, 0, IF(E58 = (E$6+F$6),1,0)) -> 0 | F61: =IF(F60 = 0, 0, IF(F58 = (E$6+F$6),1,0)) -> 0 | G61: =IF(G60 = 0, 0, IF(G58 = (G$6+H$6),1,0)) -> 0 | H61: =IF(H60 = 0, 0, IF(H58 = (G$6+H$6),1,0)) -> 0 | I61: =IF(I60 = 0, 0, IF(I58 = (I$6+J$6),1,0)) -> 0 | J61: =IF(J60 = 0, 0, IF(J58 = (I$6+J$6),1,0)) -> 0 | K61: =IF(K60 = 0, 0, IF(K58 = (K$6+L$6),1,0)) -> 0 | L61: =IF(L60 = 0, 0, IF(L58 = (K$6+L$6),1,0)) -> 0 | M61: =IF(M60 = 0, 0, IF(M58 = (M$6+N$6),1,0)) -> 1 | N61: =IF(N60 = 0, 0, IF(N58 = (M$6+N$6),1,0)) -> 0 | O61: =IF(O60 = 0, 0, IF(O58 = (O$6+P$6),1,0)) -> 0 | P61: =IF(P60 = 0, 0, IF(P58 = (O$6+P$6),1,0)) -> 0 | Q61: =IF(Q60 = 0, 0, IF(Q58 = (Q$6+R$6),1,0)) -> 0 | R61: =IF(R60 = 0, 0, IF(R58 = (Q$6+R$6),1,0)) -> 0 | T61: =IF(T60 = 0, 0, IF(T58 = (T$6+U$6),1,0)) -> 0 | U61: =IF(U60 = 0, 0, IF(U58 = (T$6+U$6),1,0)) -> 0 | V61: =IF(V60 = 0, 0, IF(V58 = (V$6+W$6),1,0)) -> 0 | W61: =IF(W60 = 0, 0, IF(W58 = (V$6+W$6),1,0)) -> 0 | X61: =IF(X60 = 0, 0, IF(X58 = (X$6+Y$6),1,0)) -> 0 | Y61: =IF(Y60 = 0, 0, IF(Y58 = (X$6+Y$6),1,0)) -> 0 | Z61: =IF(Z60 = 0, 0, IF(Z58 = (Z$6+AA$6),1,0)) -> 0 | AA61: =IF(AA60 = 0, 0, IF(AA58 = (Z$6+AA$6),1,0)) -> 0 | AC61: =IF(AC60 = 0, 0, IF(AC58 = (AC$6+AD$6),1,0)) -> 0 | AD61: =IF(AD60 = 0, 0, IF(AD58 = (AC$6+AD$6),1,0)) -> 0 | AE61: =IF(AE60 = 0, 0, IF(AE58 = (AE$6+AF$6),1,0)) -> 0 | AF61: =IF(AF60 = 0, 0, IF(AF58 = (AE$6+AF$6),1,0)) -> 0 | AH61: =IF(AH60 = 0, 0, IF(AH58 = (AH$6+AI$6),1,0)) -> 0 | AI61: =IF(AI60 = 0, 0, IF(AI58 = (AH$6+AI$6),1,0)) -> 0 | AK61: =SUM(C61:AI61) -> 1
A62: =RANK(AL62,$AL$10:$AL$82,) -> 14 | B62: Daniel Amyot | C62: 5 | F62: 7 | G62: 6 | I62: 7 | K62: 4 | M62: 6 | P62: 6 | Q62: 6 | S62: =SUM(C63:R63) -> 52 | T62: 6 | W62: 6 | X62: 6 | Z62: 7 | AB62: =SUM(T63:AA63) -> 33 | AC62: 5 | AE62: 6 | AG62: =SUM(AC63:AF63) -> 4 | AH62: 6 | AJ62: =AH63 -> 24 | AK62: =MAX($AL$10:$AL$82) - AL62 -> 56 | AL62: =$S62+$AB62+$AG62+$AJ62 -> 113
A63: =RANK(AL63,$AL$10:$AL$82,) -> #N/A | C63: =(IF($C62<>"",($C$6*$O$92)+IF($C$6=4,($O$90)+IF($C62=$C$6+$D$6,$O$91,0),0),0)+IF($D62<>"",($D$6*$O$92)+IF($D$6=4,($O$90)+IF($D62=$C$6+$D$6,$O$91,0),0),0)) -> 11 | E63: =(IF($E62<>"",($E$6*$O$92)+IF($E$6=4,($O$90)+IF($E62=$E$6+$F$6,$O$91,0),0),0)+IF($F62<>"",($F$6*$O$92)+IF($F$6=4,($O$90)+IF($F62=$E$6+$F$6,$O$91,0),0),0)) -> 3 | G63: =(IF($G62<>"",($G$6*$O$92)+IF($G$6=4,($O$90)+IF($G62=$G$6+$H$6,$O$91,0),0),0)+IF($H62<>"",($H$6*$O$92)+IF($H$6=4,($O$90)+IF($H62=$G$6+$H$6,$O$91,0),0),0)) -> 11 | I63: =(IF($I62<>"",($I$6*$O$92)+IF($I$6=4,($O$90)+IF($I62=$I$6+$J$6,$O$91,0),0),0)+IF($J62<>"",($J$6*$O$92)+IF($J$6=4,($O$90)+IF($J62=$I$6+$J$6,$O$91,0),0),0)) -> 9 | K63: =(IF($K62<>"",($K$6*$O$92)+IF($K$6=4,($O$90)+IF($K62=$K$6+$L$6,$O$91,0),0),0)+IF($L62<>"",($L$6*$O$92)+IF($L$6=4,($O$90)+IF($L62=$K$6+$L$6,$O$91,0),0),0)) -> 9 | M63: =(IF($M62<>"",($M$6*$O$92)+IF($M$6=4,($O$90)+IF($M62=$M$6+$N$6,$O$91,0),0),0)+IF($N62<>"",($N$6*$O$92)+IF($N$6=4,($O$90)+IF($N62=$M$6+$N$6,$O$91,0),0),0)) -> 9 | O63: =(IF($O62<>"",($O$6*$O$92)+IF($O$6=4,($O$90)+IF($O62=$O$6+$P$6,$O$91,0),0),0)+IF($P62<>"",($P$6*$O$92)+IF($P$6=4,($O$90)+IF($P62=$O$6+$P$6,$O$91,0),0),0)) -> 0 | Q63: =(IF($Q62<>"",($Q$6*$O$92)+IF($Q$6=4,($O$90)+IF($Q62=$Q$6+$R$6,$O$91,0),0),0)+IF($R62<>"",($R$6*$O$92)+IF($R$6=4,($O$90)+IF($R62=$Q$6+$R$6,$O$91,0),0),0)) -> 0 | T63: =(IF($T62<>"",($T$6*$P$92)+IF($T$6=4,($P$90)+IF($T62=$T$6+$U$6,$P$91,0),0),0)+IF($U62<>"",($U$6*$P$92)+IF($U$6=4,($P$90)+IF($U62=$T$6+$U$6,$P$91,0),0),0)) -> 14 | V63: =(IF($V62<>"",($V$6*$P$92)+IF($V$6=4,($P$90)+IF($V62=$V$6+$W$6,$P$91,0),0),0)+IF($W62<>"",($W$6*$P$92)+IF($W$6=4,($P$90)+IF($W62=$V$6+$W$6,$P$91,0),0),0)) -> 2 | X63: =(IF($X62<>"",($X$6*$P$92)+IF($X$6=4,($P$90)+IF($X62=$X$6+$Y$6,$P$91,0),0),0)+IF($Y62<>"",($Y$6*$P$92)+IF($Y$6=4,($P$90)+IF($Y62=$X$6+$Y$6,$P$91,0),0),0)) -> 3 | Z63: =(IF($Z62<>"",($Z$6*$P$92)+IF($Z$6=4,($P$90)+IF($Z62=$Z$6+$AA$6,$P$91,0),0),0)+IF($AA62<>"",($AA$6*$P$92)+IF($AA$6=4,($P$90)+IF($AA62=$Z$6+$AA$6,$P$91,0),0),0)) -> 14 | AC63: =(IF($AC62<>"",($AC$6*$Q$92)+IF($AC$6=4,($Q$90)+IF($AC62=$AC$6+$AD$6,$Q$91,0),0),0)+IF($AD62<>"",($AD$6*$Q$92)+IF($AD$6=4,($Q$90)+IF($AD62=$AC$6+$AD$6,$Q$91,0),0),0)) -> 3 | AE63: =(IF($AE62<>"",($AE$6*$Q$92)+IF($AE$6=4,($Q$90)+IF($AE62=$AE$6+$AF$6,$Q$91,0),0),0)+IF($AF62<>"",($AF$6*$Q$92)+IF($AF$6=4,($Q$90)+IF($AF62=$AE$6+$AF$6,$Q$91,0),0),0)) -> 1 | AH63: =(IF($AH62<>"",($AH$6*$R$92)+IF($AH$6=4,($R$90)+IF($AH62=$AH$6+$AI$6,$R$91,0),0),0)+IF($AI62<>"",($AI$6*$R$92)+IF($AI$6=4,($R$90)+IF($AI62=$AH$6+$AI$6,$R$91,0),0),0)) -> 24 | AK63: =MAX($AL$10:$AL$82) - AL63 -> 169
B64: Prédiction équipe | C64: =IF(ISBLANK(C62), 0, IF(C$6= 4, 1, 0)) -> 1 | D64: =IF(ISBLANK(D62), 0, IF(D$6 = 4, 1, 0)) -> 0 | E64: =IF(ISBLANK(E62), 0, IF(E$6= 4, 1, 0)) -> 0 | F64: =IF(ISBLANK(F62), 0, IF(F$6 = 4, 1, 0)) -> 0 | G64: =IF(ISBLANK(G62), 0, IF(G$6= 4, 1, 0)) -> 1 | H64: =IF(ISBLANK(H62), 0, IF(H$6 = 4, 1, 0)) -> 0 | I64: =IF(ISBLANK(I62), 0, IF(I$6= 4, 1, 0)) -> 1 | J64: =IF(ISBLANK(J62), 0, IF(J$6 = 4, 1, 0)) -> 0 | K64: =IF(ISBLANK(K62), 0, IF(K$6= 4, 1, 0)) -> 1 | L64: =IF(ISBLANK(L62), 0, IF(L$6 = 4, 1, 0)) -> 0 | M64: =IF(ISBLANK(M62), 0, IF(M$6= 4, 1, 0)) -> 1 | N64: =IF(ISBLANK(N62), 0, IF(N$6 = 4, 1, 0)) -> 0 | O64: =IF(ISBLANK(O62), 0, IF(O$6= 4, 1, 0)) -> 0 | P64: =IF(ISBLANK(P62), 0, IF(P$6 = 4, 1, 0)) -> 0 | Q64: =IF(ISBLANK(Q62), 0, IF(Q$6= 4, 1, 0)) -> 0 | R64: =IF(ISBLANK(R62), 0, IF(R$6 = 4, 1, 0)) -> 0 | T64: =IF(ISBLANK(T62), 0, IF(T$6= 4, 1, 0)) -> 1 | U64: =IF(ISBLANK(U62), 0, IF(U$6 = 4, 1, 0)) -> 0 | V64: =IF(ISBLANK(V62), 0, IF(V$6= 4, 1, 0)) -> 0 | W64: =IF(ISBLANK(W62), 0, IF(W$6 = 4, 1, 0)) -> 0 | X64: =IF(ISBLANK(X62), 0, IF(X$6= 4, 1, 0)) -> 0 | Y64: =IF(ISBLANK(Y62), 0, IF(Y$6 = 4, 1, 0)) -> 0 | Z64: =IF(ISBLANK(Z62), 0, IF(Z$6= 4, 1, 0)) -> 1 | AA64: =IF(ISBLANK(AA62), 0, IF(AA$6 = 4, 1, 0)) -> 0 | AC64: =IF(ISBLANK(AC62), 0, IF(AC$6= 4, 1, 0)) -> 0 | AD64: =IF(ISBLANK(AD62), 0, IF(AD$6 = 4, 1, 0)) -> 0 | AE64: =IF(ISBLANK(AE62), 0, IF(AE$6= 4, 1, 0)) -> 0 | AF64: =IF(ISBLANK(AF62), 0, IF(AF$6 = 4, 1, 0)) -> 0 | AH64: =IF(ISBLANK(AH62), 0, IF(AH$6= 4, 1, 0)) -> 1 | AI64: =IF(ISBLANK(AI62), 0, IF(AI$6 = 4, 1, 0)) -> 0 | AK64: =SUM(C64:AI64) -> 8
B65: Prédiciton nb matchs | C65: =IF(C64 = 0, 0, IF(C62 = (C$6+D$6),1,0)) -> 1 | D65: =IF(D64 = 0, 0, IF(D62 = (C$6+D$6),1,0)) -> 0 | E65: =IF(E64 = 0, 0, IF(E62 = (E$6+F$6),1,0)) -> 0 | F65: =IF(F64 = 0, 0, IF(F62 = (E$6+F$6),1,0)) -> 0 | G65: =IF(G64 = 0, 0, IF(G62 = (G$6+H$6),1,0)) -> 1 | H65: =IF(H64 = 0, 0, IF(H62 = (G$6+H$6),1,0)) -> 0 | I65: =IF(I64 = 0, 0, IF(I62 = (I$6+J$6),1,0)) -> 0 | J65: =IF(J64 = 0, 0, IF(J62 = (I$6+J$6),1,0)) -> 0 | K65: =IF(K64 = 0, 0, IF(K62 = (K$6+L$6),1,0)) -> 0 | L65: =IF(L64 = 0, 0, IF(L62 = (K$6+L$6),1,0)) -> 0 | M65: =IF(M64 = 0, 0, IF(M62 = (M$6+N$6),1,0)) -> 0 | N65: =IF(N64 = 0, 0, IF(N62 = (M$6+N$6),1,0)) -> 0 | O65: =IF(O64 = 0, 0, IF(O62 = (O$6+P$6),1,0)) -> 0 | P65: =IF(P64 = 0, 0, IF(P62 = (O$6+P$6),1,0)) -> 0 | Q65: =IF(Q64 = 0, 0, IF(Q62 = (Q$6+R$6),1,0)) -> 0 | R65: =IF(R64 = 0, 0, IF(R62 = (Q$6+R$6),1,0)) -> 0 | T65: =IF(T64 = 0, 0, IF(T62 = (T$6+U$6),1,0)) -> 0 | U65: =IF(U64 = 0, 0, IF(U62 = (T$6+U$6),1,0)) -> 0 | V65: =IF(V64 = 0, 0, IF(V62 = (V$6+W$6),1,0)) -> 0 | W65: =IF(W64 = 0, 0, IF(W62 = (V$6+W$6),1,0)) -> 0 | X65: =IF(X64 = 0, 0, IF(X62 = (X$6+Y$6),1,0)) -> 0 | Y65: =IF(Y64 = 0, 0, IF(Y62 = (X$6+Y$6),1,0)) -> 0 | Z65: =IF(Z64 = 0, 0, IF(Z62 = (Z$6+AA$6),1,0)) -> 0 | AA65: =IF(AA64 = 0, 0, IF(AA62 = (Z$6+AA$6),1,0)) -> 0 | AC65: =IF(AC64 = 0, 0, IF(AC62 = (AC$6+AD$6),1,0)) -> 0 | AD65: =IF(AD64 = 0, 0, IF(AD62 = (AC$6+AD$6),1,0)) -> 0 | AE65: =IF(AE64 = 0, 0, IF(AE62 = (AE$6+AF$6),1,0)) -> 0 | AF65: =IF(AF64 = 0, 0, IF(AF62 = (AE$6+AF$6),1,0)) -> 0 | AH65: =IF(AH64 = 0, 0, IF(AH62 = (AH$6+AI$6),1,0)) -> 0 | AI65: =IF(AI64 = 0, 0, IF(AI62 = (AH$6+AI$6),1,0)) -> 0 | AK65: =SUM(C65:AI65) -> 2
A66: =RANK(AL66,$AL$10:$AL$82,) -> 15 | B66: Daniel Boucher | C66: 6 | F66: 7 | G66: 5 | I66: 7 | K66: 6 | M66: 7 | O66: 6 | Q66: 7 | S66: =SUM(C67:R67) -> 59 | T66: 6 | W66: 7 | Y66: 6 | Z66: 6 | AB66: =SUM(T67:AA67) -> 48 | AC66: 6 | AE66: 7 | AG66: =SUM(AC67:AF67) -> 4 | AI66: 6 | AJ66: =AH67 -> 1 | AK66: =MAX($AL$10:$AL$82) - AL66 -> 57 | AL66: =$S66+$AB66+$AG66+$AJ66 -> 112
A67: =RANK(AL67,$AL$10:$AL$82,) -> #N/A | C67: =(IF($C66<>"",($C$6*$O$92)+IF($C$6=4,($O$90)+IF($C66=$C$6+$D$6,$O$91,0),0),0)+IF($D66<>"",($D$6*$O$92)+IF($D$6=4,($O$90)+IF($D66=$C$6+$D$6,$O$91,0),0),0)) -> 9 | E67: =(IF($E66<>"",($E$6*$O$92)+IF($E$6=4,($O$90)+IF($E66=$E$6+$F$6,$O$91,0),0),0)+IF($F66<>"",($F$6*$O$92)+IF($F$6=4,($O$90)+IF($F66=$E$6+$F$6,$O$91,0),0),0)) -> 3 | G67: =(IF($G66<>"",($G$6*$O$92)+IF($G$6=4,($O$90)+IF($G66=$G$6+$H$6,$O$91,0),0),0)+IF($H66<>"",($H$6*$O$92)+IF($H$6=4,($O$90)+IF($H66=$G$6+$H$6,$O$91,0),0),0)) -> 9 | I67: =(IF($I66<>"",($I$6*$O$92)+IF($I$6=4,($O$90)+IF($I66=$I$6+$J$6,$O$91,0),0),0)+IF($J66<>"",($J$6*$O$92)+IF($J$6=4,($O$90)+IF($J66=$I$6+$J$6,$O$91,0),0),0)) -> 9 | K67: =(IF($K66<>"",($K$6*$O$92)+IF($K$6=4,($O$90)+IF($K66=$K$6+$L$6,$O$91,0),0),0)+IF($L66<>"",($L$6*$O$92)+IF($L$6=4,($O$90)+IF($L66=$K$6+$L$6,$O$91,0),0),0)) -> 11 | M67: =(IF($M66<>"",($M$6*$O$92)+IF($M$6=4,($O$90)+IF($M66=$M$6+$N$6,$O$91,0),0),0)+IF($N66<>"",($N$6*$O$92)+IF($N$6=4,($O$90)+IF($N66=$M$6+$N$6,$O$91,0),0),0)) -> 9 | O67: =(IF($O66<>"",($O$6*$O$92)+IF($O$6=4,($O$90)+IF($O66=$O$6+$P$6,$O$91,0),0),0)+IF($P66<>"",($P$6*$O$92)+IF($P$6=4,($O$90)+IF($P66=$O$6+$P$6,$O$91,0),0),0)) -> 9 | Q67: =(IF($Q66<>"",($Q$6*$O$92)+IF($Q$6=4,($O$90)+IF($Q66=$Q$6+$R$6,$O$91,0),0),0)+IF($R66<>"",($R$6*$O$92)+IF($R$6=4,($O$90)+IF($R66=$Q$6+$R$6,$O$91,0),0),0)) -> 0 | T67: =(IF($T66<>"",($T$6*$P$92)+IF($T$6=4,($P$90)+IF($T66=$T$6+$U$6,$P$91,0),0),0)+IF($U66<>"",($U$6*$P$92)+IF($U$6=4,($P$90)+IF($U66=$T$6+$U$6,$P$91,0),0),0)) -> 14 | V67: =(IF($V66<>"",($V$6*$P$92)+IF($V$6=4,($P$90)+IF($V66=$V$6+$W$6,$P$91,0),0),0)+IF($W66<>"",($W$6*$P$92)+IF($W$6=4,($P$90)+IF($W66=$V$6+$W$6,$P$91,0),0),0)) -> 2 | X67: =(IF($X66<>"",($X$6*$P$92)+IF($X$6=4,($P$90)+IF($X66=$X$6+$Y$6,$P$91,0),0),0)+IF($Y66<>"",($Y$6*$P$92)+IF($Y$6=4,($P$90)+IF($Y66=$X$6+$Y$6,$P$91,0),0),0)) -> 14 | Z67: =(IF($Z66<>"",($Z$6*$P$92)+IF($Z$6=4,($P$90)+IF($Z66=$Z$6+$AA$6,$P$91,0),0),0)+IF($AA66<>"",($AA$6*$P$92)+IF($AA$6=4,($P$90)+IF($AA66=$Z$6+$AA$6,$P$91,0),0),0)) -> 18 | AC67: =(IF($AC66<>"",($AC$6*$Q$92)+IF($AC$6=4,($Q$90)+IF($AC66=$AC$6+$AD$6,$Q$91,0),0),0)+IF($AD66<>"",($AD$6*$Q$92)+IF($AD$6=4,($Q$90)+IF($AD66=$AC$6+$AD$6,$Q$91,0),0),0)) -> 3 | AE67: =(IF($AE66<>"",($AE$6*$Q$92)+IF($AE$6=4,($Q$90)+IF($AE66=$AE$6+$AF$6,$Q$91,0),0),0)+IF($AF66<>"",($AF$6*$Q$92)+IF($AF$6=4,($Q$90)+IF($AF66=$AE$6+$AF$6,$Q$91,0),0),0)) -> 1 | AH67: =(IF($AH66<>"",($AH$6*$R$92)+IF($AH$6=4,($R$90)+IF($AH66=$AH$6+$AI$6,$R$91,0),0),0)+IF($AI66<>"",($AI$6*$R$92)+IF($AI$6=4,($R$90)+IF($AI66=$AH$6+$AI$6,$R$91,0),0),0)) -> 1 | AK67: =MAX($AL$10:$AL$82) - AL67 -> 169
B68: Prédiction équipe | C68: =IF(ISBLANK(C66), 0, IF(C$6= 4, 1, 0)) -> 1 | D68: =IF(ISBLANK(D66), 0, IF(D$6 = 4, 1, 0)) -> 0 | E68: =IF(ISBLANK(E66), 0, IF(E$6= 4, 1, 0)) -> 0 | F68: =IF(ISBLANK(F66), 0, IF(F$6 = 4, 1, 0)) -> 0 | G68: =IF(ISBLANK(G66), 0, IF(G$6= 4, 1, 0)) -> 1 | H68: =IF(ISBLANK(H66), 0, IF(H$6 = 4, 1, 0)) -> 0 | I68: =IF(ISBLANK(I66), 0, IF(I$6= 4, 1, 0)) -> 1 | J68: =IF(ISBLANK(J66), 0, IF(J$6 = 4, 1, 0)) -> 0 | K68: =IF(ISBLANK(K66), 0, IF(K$6= 4, 1, 0)) -> 1 | L68: =IF(ISBLANK(L66), 0, IF(L$6 = 4, 1, 0)) -> 0 | M68: =IF(ISBLANK(M66), 0, IF(M$6= 4, 1, 0)) -> 1 | N68: =IF(ISBLANK(N66), 0, IF(N$6 = 4, 1, 0)) -> 0 | O68: =IF(ISBLANK(O66), 0, IF(O$6= 4, 1, 0)) -> 1 | P68: =IF(ISBLANK(P66), 0, IF(P$6 = 4, 1, 0)) -> 0 | Q68: =IF(ISBLANK(Q66), 0, IF(Q$6= 4, 1, 0)) -> 0 | R68: =IF(ISBLANK(R66), 0, IF(R$6 = 4, 1, 0)) -> 0 | T68: =IF(ISBLANK(T66), 0, IF(T$6= 4, 1, 0)) -> 1 | U68: =IF(ISBLANK(U66), 0, IF(U$6 = 4, 1, 0)) -> 0 | V68: =IF(ISBLANK(V66), 0, IF(V$6= 4, 1, 0)) -> 0 | W68: =IF(ISBLANK(W66), 0, IF(W$6 = 4, 1, 0)) -> 0 | X68: =IF(ISBLANK(X66), 0, IF(X$6= 4, 1, 0)) -> 0 | Y68: =IF(ISBLANK(Y66), 0, IF(Y$6 = 4, 1, 0)) -> 1 | Z68: =IF(ISBLANK(Z66), 0, IF(Z$6= 4, 1, 0)) -> 1 | AA68: =IF(ISBLANK(AA66), 0, IF(AA$6 = 4, 1, 0)) -> 0 | AC68: =IF(ISBLANK(AC66), 0, IF(AC$6= 4, 1, 0)) -> 0 | AD68: =IF(ISBLANK(AD66), 0, IF(AD$6 = 4, 1, 0)) -> 0 | AE68: =IF(ISBLANK(AE66), 0, IF(AE$6= 4, 1, 0)) -> 0 | AF68: =IF(ISBLANK(AF66), 0, IF(AF$6 = 4, 1, 0)) -> 0 | AH68: =IF(ISBLANK(AH66), 0, IF(AH$6= 4, 1, 0)) -> 0 | AI68: =IF(ISBLANK(AI66), 0, IF(AI$6 = 4, 1, 0)) -> 0 | AK68: =SUM(C68:AI68) -> 9
B69: Prédiciton nb matchs | C69: =IF(C68 = 0, 0, IF(C66 = (C$6+D$6),1,0)) -> 0 | D69: =IF(D68 = 0, 0, IF(D66 = (C$6+D$6),1,0)) -> 0 | E69: =IF(E68 = 0, 0, IF(E66 = (E$6+F$6),1,0)) -> 0 | F69: =IF(F68 = 0, 0, IF(F66 = (E$6+F$6),1,0)) -> 0 | G69: =IF(G68 = 0, 0, IF(G66 = (G$6+H$6),1,0)) -> 0 | H69: =IF(H68 = 0, 0, IF(H66 = (G$6+H$6),1,0)) -> 0 | I69: =IF(I68 = 0, 0, IF(I66 = (I$6+J$6),1,0)) -> 0 | J69: =IF(J68 = 0, 0, IF(J66 = (I$6+J$6),1,0)) -> 0 | K69: =IF(K68 = 0, 0, IF(K66 = (K$6+L$6),1,0)) -> 1 | L69: =IF(L68 = 0, 0, IF(L66 = (K$6+L$6),1,0)) -> 0 | M69: =IF(M68 = 0, 0, IF(M66 = (M$6+N$6),1,0)) -> 0 | N69: =IF(N68 = 0, 0, IF(N66 = (M$6+N$6),1,0)) -> 0 | O69: =IF(O68 = 0, 0, IF(O66 = (O$6+P$6),1,0)) -> 0 | P69: =IF(P68 = 0, 0, IF(P66 = (O$6+P$6),1,0)) -> 0 | Q69: =IF(Q68 = 0, 0, IF(Q66 = (Q$6+R$6),1,0)) -> 0 | R69: =IF(R68 = 0, 0, IF(R66 = (Q$6+R$6),1,0)) -> 0 | T69: =IF(T68 = 0, 0, IF(T66 = (T$6+U$6),1,0)) -> 0 | U69: =IF(U68 = 0, 0, IF(U66 = (T$6+U$6),1,0)) -> 0 | V69: =IF(V68 = 0, 0, IF(V66 = (V$6+W$6),1,0)) -> 0 | W69: =IF(W68 = 0, 0, IF(W66 = (V$6+W$6),1,0)) -> 0 | X69: =IF(X68 = 0, 0, IF(X66 = (X$6+Y$6),1,0)) -> 0 | Y69: =IF(Y68 = 0, 0, IF(Y66 = (X$6+Y$6),1,0)) -> 0 | Z69: =IF(Z68 = 0, 0, IF(Z66 = (Z$6+AA$6),1,0)) -> 1 | AA69: =IF(AA68 = 0, 0, IF(AA66 = (Z$6+AA$6),1,0)) -> 0 | AC69: =IF(AC68 = 0, 0, IF(AC66 = (AC$6+AD$6),1,0)) -> 0 | AD69: =IF(AD68 = 0, 0, IF(AD66 = (AC$6+AD$6),1,0)) -> 0 | AE69: =IF(AE68 = 0, 0, IF(AE66 = (AE$6+AF$6),1,0)) -> 0 | AF69: =IF(AF68 = 0, 0, IF(AF66 = (AE$6+AF$6),1,0)) -> 0 | AH69: =IF(AH68 = 0, 0, IF(AH66 = (AH$6+AI$6),1,0)) -> 0 | AI69: =IF(AI68 = 0, 0, IF(AI66 = (AH$6+AI$6),1,0)) -> 0 | AK69: =SUM(C69:AI69) -> 2
A70: =RANK(AL70,$AL$10:$AL$82,) -> 16 | B70: France Boileau | C70: 5 | F70: 7 | H70: 6 | I70: 6 | K70: 5 | M70: 5 | P70: 7 | Q70: 6 | S70: =SUM(C71:R71) -> 47 | T70: 6 | W70: 6 | X70: 7 | Z70: 7 | AB70: =SUM(T71:AA71) -> 33 | AC70: 7 | AF70: 6 | AG70: =SUM(AC71:AF71) -> 22 | AI70: 6 | AJ70: =AH71 -> 1 | AK70: =MAX($AL$10:$AL$82) - AL70 -> 66 | AL70: =$S70+$AB70+$AG70+$AJ70 -> 103
A71: =RANK(AL71,$AL$10:$AL$82,) -> #N/A | C71: =(IF($C70<>"",($C$6*$O$92)+IF($C$6=4,($O$90)+IF($C70=$C$6+$D$6,$O$91,0),0),0)+IF($D70<>"",($D$6*$O$92)+IF($D$6=4,($O$90)+IF($D70=$C$6+$D$6,$O$91,0),0),0)) -> 11 | E71: =(IF($E70<>"",($E$6*$O$92)+IF($E$6=4,($O$90)+IF($E70=$E$6+$F$6,$O$91,0),0),0)+IF($F70<>"",($F$6*$O$92)+IF($F$6=4,($O$90)+IF($F70=$E$6+$F$6,$O$91,0),0),0)) -> 3 | G71: =(IF($G70<>"",($G$6*$O$92)+IF($G$6=4,($O$90)+IF($G70=$G$6+$H$6,$O$91,0),0),0)+IF($H70<>"",($H$6*$O$92)+IF($H$6=4,($O$90)+IF($H70=$G$6+$H$6,$O$91,0),0),0)) -> 2 | I71: =(IF($I70<>"",($I$6*$O$92)+IF($I$6=4,($O$90)+IF($I70=$I$6+$J$6,$O$91,0),0),0)+IF($J70<>"",($J$6*$O$92)+IF($J$6=4,($O$90)+IF($J70=$I$6+$J$6,$O$91,0),0),0)) -> 11 | K71: =(IF($K70<>"",($K$6*$O$92)+IF($K$6=4,($O$90)+IF($K70=$K$6+$L$6,$O$91,0),0),0)+IF($L70<>"",($L$6*$O$92)+IF($L$6=4,($O$90)+IF($L70=$K$6+$L$6,$O$91,0),0),0)) -> 9 | M71: =(IF($M70<>"",($M$6*$O$92)+IF($M$6=4,($O$90)+IF($M70=$M$6+$N$6,$O$91,0),0),0)+IF($N70<>"",($N$6*$O$92)+IF($N$6=4,($O$90)+IF($N70=$M$6+$N$6,$O$91,0),0),0)) -> 11 | O71: =(IF($O70<>"",($O$6*$O$92)+IF($O$6=4,($O$90)+IF($O70=$O$6+$P$6,$O$91,0),0),0)+IF($P70<>"",($P$6*$O$92)+IF($P$6=4,($O$90)+IF($P70=$O$6+$P$6,$O$91,0),0),0)) -> 0 | Q71: =(IF($Q70<>"",($Q$6*$O$92)+IF($Q$6=4,($O$90)+IF($Q70=$Q$6+$R$6,$O$91,0),0),0)+IF($R70<>"",($R$6*$O$92)+IF($R$6=4,($O$90)+IF($R70=$Q$6+$R$6,$O$91,0),0),0)) -> 0 | T71: =(IF($T70<>"",($T$6*$P$92)+IF($T$6=4,($P$90)+IF($T70=$T$6+$U$6,$P$91,0),0),0)+IF($U70<>"",($U$6*$P$92)+IF($U$6=4,($P$90)+IF($U70=$T$6+$U$6,$P$91,0),0),0)) -> 14 | V71: =(IF($V70<>"",($V$6*$P$92)+IF($V$6=4,($P$90)+IF($V70=$V$6+$W$6,$P$91,0),0),0)+IF($W70<>"",($W$6*$P$92)+IF($W$6=4,($P$90)+IF($W70=$V$6+$W$6,$P$91,0),0),0)) -> 2 | X71: =(IF($X70<>"",($X$6*$P$92)+IF($X$6=4,($P$90)+IF($X70=$X$6+$Y$6,$P$91,0),0),0)+IF($Y70<>"",($Y$6*$P$92)+IF($Y$6=4,($P$90)+IF($Y70=$X$6+$Y$6,$P$91,0),0),0)) -> 3 | Z71: =(IF($Z70<>"",($Z$6*$P$92)+IF($Z$6=4,($P$90)+IF($Z70=$Z$6+$AA$6,$P$91,0),0),0)+IF($AA70<>"",($AA$6*$P$92)+IF($AA$6=4,($P$90)+IF($AA70=$Z$6+$AA$6,$P$91,0),0),0)) -> 14 | AC71: =(IF($AC70<>"",($AC$6*$Q$92)+IF($AC$6=4,($Q$90)+IF($AC70=$AC$6+$AD$6,$Q$91,0),0),0)+IF($AD70<>"",($AD$6*$Q$92)+IF($AD$6=4,($Q$90)+IF($AD70=$AC$6+$AD$6,$Q$91,0),0),0)) -> 3 | AE71: =(IF($AE70<>"",($AE$6*$Q$92)+IF($AE$6=4,($Q$90)+IF($AE70=$AE$6+$AF$6,$Q$91,0),0),0)+IF($AF70<>"",($AF$6*$Q$92)+IF($AF$6=4,($Q$90)+IF($AF70=$AE$6+$AF$6,$Q$91,0),0),0)) -> 19 | AH71: =(IF($AH70<>"",($AH$6*$R$92)+IF($AH$6=4,($R$90)+IF($AH70=$AH$6+$AI$6,$R$91,0),0),0)+IF($AI70<>"",($AI$6*$R$92)+IF($AI$6=4,($R$90)+IF($AI70=$AH$6+$AI$6,$R$91,0),0),0)) -> 1 | AK71: =MAX($AL$10:$AL$82) - AL71 -> 169
B72: Prédiction équipe | C72: =IF(ISBLANK(C70), 0, IF(C$6= 4, 1, 0)) -> 1 | D72: =IF(ISBLANK(D70), 0, IF(D$6 = 4, 1, 0)) -> 0 | E72: =IF(ISBLANK(E70), 0, IF(E$6= 4, 1, 0)) -> 0 | F72: =IF(ISBLANK(F70), 0, IF(F$6 = 4, 1, 0)) -> 0 | G72: =IF(ISBLANK(G70), 0, IF(G$6= 4, 1, 0)) -> 0 | H72: =IF(ISBLANK(H70), 0, IF(H$6 = 4, 1, 0)) -> 0 | I72: =IF(ISBLANK(I70), 0, IF(I$6= 4, 1, 0)) -> 1 | J72: =IF(ISBLANK(J70), 0, IF(J$6 = 4, 1, 0)) -> 0 | K72: =IF(ISBLANK(K70), 0, IF(K$6= 4, 1, 0)) -> 1 | L72: =IF(ISBLANK(L70), 0, IF(L$6 = 4, 1, 0)) -> 0 | M72: =IF(ISBLANK(M70), 0, IF(M$6= 4, 1, 0)) -> 1 | N72: =IF(ISBLANK(N70), 0, IF(N$6 = 4, 1, 0)) -> 0 | O72: =IF(ISBLANK(O70), 0, IF(O$6= 4, 1, 0)) -> 0 | P72: =IF(ISBLANK(P70), 0, IF(P$6 = 4, 1, 0)) -> 0 | Q72: =IF(ISBLANK(Q70), 0, IF(Q$6= 4, 1, 0)) -> 0 | R72: =IF(ISBLANK(R70), 0, IF(R$6 = 4, 1, 0)) -> 0 | T72: =IF(ISBLANK(T70), 0, IF(T$6= 4, 1, 0)) -> 1 | U72: =IF(ISBLANK(U70), 0, IF(U$6 = 4, 1, 0)) -> 0 | V72: =IF(ISBLANK(V70), 0, IF(V$6= 4, 1, 0)) -> 0 | W72: =IF(ISBLANK(W70), 0, IF(W$6 = 4, 1, 0)) -> 0 | X72: =IF(ISBLANK(X70), 0, IF(X$6= 4, 1, 0)) -> 0 | Y72: =IF(ISBLANK(Y70), 0, IF(Y$6 = 4, 1, 0)) -> 0 | Z72: =IF(ISBLANK(Z70), 0, IF(Z$6= 4, 1, 0)) -> 1 | AA72: =IF(ISBLANK(AA70), 0, IF(AA$6 = 4, 1, 0)) -> 0 | AC72: =IF(ISBLANK(AC70), 0, IF(AC$6= 4, 1, 0)) -> 0 | AD72: =IF(ISBLANK(AD70), 0, IF(AD$6 = 4, 1, 0)) -> 0 | AE72: =IF(ISBLANK(AE70), 0, IF(AE$6= 4, 1, 0)) -> 0 | AF72: =IF(ISBLANK(AF70), 0, IF(AF$6 = 4, 1, 0)) -> 1 | AH72: =IF(ISBLANK(AH70), 0, IF(AH$6= 4, 1, 0)) -> 0 | AI72: =IF(ISBLANK(AI70), 0, IF(AI$6 = 4, 1, 0)) -> 0 | AK72: =SUM(C72:AI72) -> 7
B73: Prédiciton nb matchs | C73: =IF(C72 = 0, 0, IF(C70 = (C$6+D$6),1,0)) -> 1 | D73: =IF(D72 = 0, 0, IF(D70 = (C$6+D$6),1,0)) -> 0 | E73: =IF(E72 = 0, 0, IF(E70 = (E$6+F$6),1,0)) -> 0 | F73: =IF(F72 = 0, 0, IF(F70 = (E$6+F$6),1,0)) -> 0 | G73: =IF(G72 = 0, 0, IF(G70 = (G$6+H$6),1,0)) -> 0 | H73: =IF(H72 = 0, 0, IF(H70 = (G$6+H$6),1,0)) -> 0 | I73: =IF(I72 = 0, 0, IF(I70 = (I$6+J$6),1,0)) -> 1 | J73: =IF(J72 = 0, 0, IF(J70 = (I$6+J$6),1,0)) -> 0 | K73: =IF(K72 = 0, 0, IF(K70 = (K$6+L$6),1,0)) -> 0 | L73: =IF(L72 = 0, 0, IF(L70 = (K$6+L$6),1,0)) -> 0 | M73: =IF(M72 = 0, 0, IF(M70 = (M$6+N$6),1,0)) -> 1 | N73: =IF(N72 = 0, 0, IF(N70 = (M$6+N$6),1,0)) -> 0 | O73: =IF(O72 = 0, 0, IF(O70 = (O$6+P$6),1,0)) -> 0 | P73: =IF(P72 = 0, 0, IF(P70 = (O$6+P$6),1,0)) -> 0 | Q73: =IF(Q72 = 0, 0, IF(Q70 = (Q$6+R$6),1,0)) -> 0 | R73: =IF(R72 = 0, 0, IF(R70 = (Q$6+R$6),1,0)) -> 0 | T73: =IF(T72 = 0, 0, IF(T70 = (T$6+U$6),1,0)) -> 0 | U73: =IF(U72 = 0, 0, IF(U70 = (T$6+U$6),1,0)) -> 0 | V73: =IF(V72 = 0, 0, IF(V70 = (V$6+W$6),1,0)) -> 0 | W73: =IF(W72 = 0, 0, IF(W70 = (V$6+W$6),1,0)) -> 0 | X73: =IF(X72 = 0, 0, IF(X70 = (X$6+Y$6),1,0)) -> 0 | Y73: =IF(Y72 = 0, 0, IF(Y70 = (X$6+Y$6),1,0)) -> 0 | Z73: =IF(Z72 = 0, 0, IF(Z70 = (Z$6+AA$6),1,0)) -> 0 | AA73: =IF(AA72 = 0, 0, IF(AA70 = (Z$6+AA$6),1,0)) -> 0 | AC73: =IF(AC72 = 0, 0, IF(AC70 = (AC$6+AD$6),1,0)) -> 0 | AD73: =IF(AD72 = 0, 0, IF(AD70 = (AC$6+AD$6),1,0)) -> 0 | AE73: =IF(AE72 = 0, 0, IF(AE70 = (AE$6+AF$6),1,0)) -> 0 | AF73: =IF(AF72 = 0, 0, IF(AF70 = (AE$6+AF$6),1,0)) -> 0 | AH73: =IF(AH72 = 0, 0, IF(AH70 = (AH$6+AI$6),1,0)) -> 0 | AI73: =IF(AI72 = 0, 0, IF(AI70 = (AH$6+AI$6),1,0)) -> 0 | AK73: =SUM(C73:AI73) -> 3
A74: =RANK(AL74,$AL$10:$AL$82,) -> 17 | B74: Guylaine Fortin | C74: 5 | F74: 7 | G74: 6 | I74: 5 | K74: 5 | M74: 6 | O74: 6 | R74: 6 | S74: =SUM(C75:R75) -> 70 | T74: 5 | W74: 7 | X74: 7 | AA74: 6 | AB74: =SUM(T75:AA75) -> 25 | AC74: 6 | AE74: 6 | AG74: =SUM(AC75:AF75) -> 4 | AI74: 6 | AJ74: =AH75 -> 1 | AK74: =MAX($AL$10:$AL$82) - AL74 -> 69 | AL74: =$S74+$AB74+$AG74+$AJ74 -> 100
A75: =RANK(AL75,$AL$10:$AL$82,) -> #N/A | C75: =(IF($C74<>"",($C$6*$O$92)+IF($C$6=4,($O$90)+IF($C74=$C$6+$D$6,$O$91,0),0),0)+IF($D74<>"",($D$6*$O$92)+IF($D$6=4,($O$90)+IF($D74=$C$6+$D$6,$O$91,0),0),0)) -> 11 | E75: =(IF($E74<>"",($E$6*$O$92)+IF($E$6=4,($O$90)+IF($E74=$E$6+$F$6,$O$91,0),0),0)+IF($F74<>"",($F$6*$O$92)+IF($F$6=4,($O$90)+IF($F74=$E$6+$F$6,$O$91,0),0),0)) -> 3 | G75: =(IF($G74<>"",($G$6*$O$92)+IF($G$6=4,($O$90)+IF($G74=$G$6+$H$6,$O$91,0),0),0)+IF($H74<>"",($H$6*$O$92)+IF($H$6=4,($O$90)+IF($H74=$G$6+$H$6,$O$91,0),0),0)) -> 11 | I75: =(IF($I74<>"",($I$6*$O$92)+IF($I$6=4,($O$90)+IF($I74=$I$6+$J$6,$O$91,0),0),0)+IF($J74<>"",($J$6*$O$92)+IF($J$6=4,($O$90)+IF($J74=$I$6+$J$6,$O$91,0),0),0)) -> 9 | K75: =(IF($K74<>"",($K$6*$O$92)+IF($K$6=4,($O$90)+IF($K74=$K$6+$L$6,$O$91,0),0),0)+IF($L74<>"",($L$6*$O$92)+IF($L$6=4,($O$90)+IF($L74=$K$6+$L$6,$O$91,0),0),0)) -> 9 | M75: =(IF($M74<>"",($M$6*$O$92)+IF($M$6=4,($O$90)+IF($M74=$M$6+$N$6,$O$91,0),0),0)+IF($N74<>"",($N$6*$O$92)+IF($N$6=4,($O$90)+IF($N74=$M$6+$N$6,$O$91,0),0),0)) -> 9 | O75: =(IF($O74<>"",($O$6*$O$92)+IF($O$6=4,($O$90)+IF($O74=$O$6+$P$6,$O$91,0),0),0)+IF($P74<>"",($P$6*$O$92)+IF($P$6=4,($O$90)+IF($P74=$O$6+$P$6,$O$91,0),0),0)) -> 9 | Q75: =(IF($Q74<>"",($Q$6*$O$92)+IF($Q$6=4,($O$90)+IF($Q74=$Q$6+$R$6,$O$91,0),0),0)+IF($R74<>"",($R$6*$O$92)+IF($R$6=4,($O$90)+IF($R74=$Q$6+$R$6,$O$91,0),0),0)) -> 9 | T75: =(IF($T74<>"",($T$6*$P$92)+IF($T$6=4,($P$90)+IF($T74=$T$6+$U$6,$P$91,0),0),0)+IF($U74<>"",($U$6*$P$92)+IF($U$6=4,($P$90)+IF($U74=$T$6+$U$6,$P$91,0),0),0)) -> 18 | V75: =(IF($V74<>"",($V$6*$P$92)+IF($V$6=4,($P$90)+IF($V74=$V$6+$W$6,$P$91,0),0),0)+IF($W74<>"",($W$6*$P$92)+IF($W$6=4,($P$90)+IF($W74=$V$6+$W$6,$P$91,0),0),0)) -> 2 | X75: =(IF($X74<>"",($X$6*$P$92)+IF($X$6=4,($P$90)+IF($X74=$X$6+$Y$6,$P$91,0),0),0)+IF($Y74<>"",($Y$6*$P$92)+IF($Y$6=4,($P$90)+IF($Y74=$X$6+$Y$6,$P$91,0),0),0)) -> 3 | Z75: =(IF($Z74<>"",($Z$6*$P$92)+IF($Z$6=4,($P$90)+IF($Z74=$Z$6+$AA$6,$P$91,0),0),0)+IF($AA74<>"",($AA$6*$P$92)+IF($AA$6=4,($P$90)+IF($AA74=$Z$6+$AA$6,$P$91,0),0),0)) -> 2 | AC75: =(IF($AC74<>"",($AC$6*$Q$92)+IF($AC$6=4,($Q$90)+IF($AC74=$AC$6+$AD$6,$Q$91,0),0),0)+IF($AD74<>"",($AD$6*$Q$92)+IF($AD$6=4,($Q$90)+IF($AD74=$AC$6+$AD$6,$Q$91,0),0),0)) -> 3 | AE75: =(IF($AE74<>"",($AE$6*$Q$92)+IF($AE$6=4,($Q$90)+IF($AE74=$AE$6+$AF$6,$Q$91,0),0),0)+IF($AF74<>"",($AF$6*$Q$92)+IF($AF$6=4,($Q$90)+IF($AF74=$AE$6+$AF$6,$Q$91,0),0),0)) -> 1 | AH75: =(IF($AH74<>"",($AH$6*$R$92)+IF($AH$6=4,($R$90)+IF($AH74=$AH$6+$AI$6,$R$91,0),0),0)+IF($AI74<>"",($AI$6*$R$92)+IF($AI$6=4,($R$90)+IF($AI74=$AH$6+$AI$6,$R$91,0),0),0)) -> 1 | AK75: =MAX($AL$10:$AL$82) - AL75 -> 169
B76: Prédiction équipe | C76: =IF(ISBLANK(C74), 0, IF(C$6= 4, 1, 0)) -> 1 | D76: =IF(ISBLANK(D74), 0, IF(D$6 = 4, 1, 0)) -> 0 | E76: =IF(ISBLANK(E74), 0, IF(E$6= 4, 1, 0)) -> 0 | F76: =IF(ISBLANK(F74), 0, IF(F$6 = 4, 1, 0)) -> 0 | G76: =IF(ISBLANK(G74), 0, IF(G$6= 4, 1, 0)) -> 1 | H76: =IF(ISBLANK(H74), 0, IF(H$6 = 4, 1, 0)) -> 0 | I76: =IF(ISBLANK(I74), 0, IF(I$6= 4, 1, 0)) -> 1 | J76: =IF(ISBLANK(J74), 0, IF(J$6 = 4, 1, 0)) -> 0 | K76: =IF(ISBLANK(K74), 0, IF(K$6= 4, 1, 0)) -> 1 | L76: =IF(ISBLANK(L74), 0, IF(L$6 = 4, 1, 0)) -> 0 | M76: =IF(ISBLANK(M74), 0, IF(M$6= 4, 1, 0)) -> 1 | N76: =IF(ISBLANK(N74), 0, IF(N$6 = 4, 1, 0)) -> 0 | O76: =IF(ISBLANK(O74), 0, IF(O$6= 4, 1, 0)) -> 1 | P76: =IF(ISBLANK(P74), 0, IF(P$6 = 4, 1, 0)) -> 0 | Q76: =IF(ISBLANK(Q74), 0, IF(Q$6= 4, 1, 0)) -> 0 | R76: =IF(ISBLANK(R74), 0, IF(R$6 = 4, 1, 0)) -> 1 | T76: =IF(ISBLANK(T74), 0, IF(T$6= 4, 1, 0)) -> 1 | U76: =IF(ISBLANK(U74), 0, IF(U$6 = 4, 1, 0)) -> 0 | V76: =IF(ISBLANK(V74), 0, IF(V$6= 4, 1, 0)) -> 0 | W76: =IF(ISBLANK(W74), 0, IF(W$6 = 4, 1, 0)) -> 0 | X76: =IF(ISBLANK(X74), 0, IF(X$6= 4, 1, 0)) -> 0 | Y76: =IF(ISBLANK(Y74), 0, IF(Y$6 = 4, 1, 0)) -> 0 | Z76: =IF(ISBLANK(Z74), 0, IF(Z$6= 4, 1, 0)) -> 0 | AA76: =IF(ISBLANK(AA74), 0, IF(AA$6 = 4, 1, 0)) -> 0 | AC76: =IF(ISBLANK(AC74), 0, IF(AC$6= 4, 1, 0)) -> 0 | AD76: =IF(ISBLANK(AD74), 0, IF(AD$6 = 4, 1, 0)) -> 0 | AE76: =IF(ISBLANK(AE74), 0, IF(AE$6= 4, 1, 0)) -> 0 | AF76: =IF(ISBLANK(AF74), 0, IF(AF$6 = 4, 1, 0)) -> 0 | AH76: =IF(ISBLANK(AH74), 0, IF(AH$6= 4, 1, 0)) -> 0 | AI76: =IF(ISBLANK(AI74), 0, IF(AI$6 = 4, 1, 0)) -> 0 | AK76: =SUM(C76:AI76) -> 8
B77: Prédiciton nb matchs | C77: =IF(C76 = 0, 0, IF(C74 = (C$6+D$6),1,0)) -> 1 | D77: =IF(D76 = 0, 0, IF(D74 = (C$6+D$6),1,0)) -> 0 | E77: =IF(E76 = 0, 0, IF(E74 = (E$6+F$6),1,0)) -> 0 | F77: =IF(F76 = 0, 0, IF(F74 = (E$6+F$6),1,0)) -> 0 | G77: =IF(G76 = 0, 0, IF(G74 = (G$6+H$6),1,0)) -> 1 | H77: =IF(H76 = 0, 0, IF(H74 = (G$6+H$6),1,0)) -> 0 | I77: =IF(I76 = 0, 0, IF(I74 = (I$6+J$6),1,0)) -> 0 | J77: =IF(J76 = 0, 0, IF(J74 = (I$6+J$6),1,0)) -> 0 | K77: =IF(K76 = 0, 0, IF(K74 = (K$6+L$6),1,0)) -> 0 | L77: =IF(L76 = 0, 0, IF(L74 = (K$6+L$6),1,0)) -> 0 | M77: =IF(M76 = 0, 0, IF(M74 = (M$6+N$6),1,0)) -> 0 | N77: =IF(N76 = 0, 0, IF(N74 = (M$6+N$6),1,0)) -> 0 | O77: =IF(O76 = 0, 0, IF(O74 = (O$6+P$6),1,0)) -> 0 | P77: =IF(P76 = 0, 0, IF(P74 = (O$6+P$6),1,0)) -> 0 | Q77: =IF(Q76 = 0, 0, IF(Q74 = (Q$6+R$6),1,0)) -> 0 | R77: =IF(R76 = 0, 0, IF(R74 = (Q$6+R$6),1,0)) -> 0 | T77: =IF(T76 = 0, 0, IF(T74 = (T$6+U$6),1,0)) -> 1 | U77: =IF(U76 = 0, 0, IF(U74 = (T$6+U$6),1,0)) -> 0 | V77: =IF(V76 = 0, 0, IF(V74 = (V$6+W$6),1,0)) -> 0 | W77: =IF(W76 = 0, 0, IF(W74 = (V$6+W$6),1,0)) -> 0 | X77: =IF(X76 = 0, 0, IF(X74 = (X$6+Y$6),1,0)) -> 0 | Y77: =IF(Y76 = 0, 0, IF(Y74 = (X$6+Y$6),1,0)) -> 0 | Z77: =IF(Z76 = 0, 0, IF(Z74 = (Z$6+AA$6),1,0)) -> 0 | AA77: =IF(AA76 = 0, 0, IF(AA74 = (Z$6+AA$6),1,0)) -> 0 | AC77: =IF(AC76 = 0, 0, IF(AC74 = (AC$6+AD$6),1,0)) -> 0 | AD77: =IF(AD76 = 0, 0, IF(AD74 = (AC$6+AD$6),1,0)) -> 0 | AE77: =IF(AE76 = 0, 0, IF(AE74 = (AE$6+AF$6),1,0)) -> 0 | AF77: =IF(AF76 = 0, 0, IF(AF74 = (AE$6+AF$6),1,0)) -> 0 | AH77: =IF(AH76 = 0, 0, IF(AH74 = (AH$6+AI$6),1,0)) -> 0 | AI77: =IF(AI76 = 0, 0, IF(AI74 = (AH$6+AI$6),1,0)) -> 0 | AK77: =SUM(C77:AI77) -> 3
A78: =RANK(AL78,$AL$10:$AL$82,) -> 18 | B78: Michel Boulianne | C78: 5 | F78: 7 | G78: 6 | I78: 6 | K78: 5 | M78: 7 | P78: 7 | Q78: 7 | S78: =SUM(C79:R79) -> 54 | T78: 6 | W78: 6 | X78: 6 | Z78: 6 | AB78: =SUM(T79:AA79) -> 37 | AC78: 6 | AE78: 7 | AG78: =SUM(AC79:AF79) -> 4 | AI78: 5 | AJ78: =AH79 -> 1 | AK78: =MAX($AL$10:$AL$82) - AL78 -> 73 | AL78: =$S78+$AB78+$AG78+$AJ78 -> 96
A79: =RANK(AL79,$AL$10:$AL$82,) -> #N/A | C79: =(IF($C78<>"",($C$6*$O$92)+IF($C$6=4,($O$90)+IF($C78=$C$6+$D$6,$O$91,0),0),0)+IF($D78<>"",($D$6*$O$92)+IF($D$6=4,($O$90)+IF($D78=$C$6+$D$6,$O$91,0),0),0)) -> 11 | E79: =(IF($E78<>"",($E$6*$O$92)+IF($E$6=4,($O$90)+IF($E78=$E$6+$F$6,$O$91,0),0),0)+IF($F78<>"",($F$6*$O$92)+IF($F$6=4,($O$90)+IF($F78=$E$6+$F$6,$O$91,0),0),0)) -> 3 | G79: =(IF($G78<>"",($G$6*$O$92)+IF($G$6=4,($O$90)+IF($G78=$G$6+$H$6,$O$91,0),0),0)+IF($H78<>"",($H$6*$O$92)+IF($H$6=4,($O$90)+IF($H78=$G$6+$H$6,$O$91,0),0),0)) -> 11 | I79: =(IF($I78<>"",($I$6*$O$92)+IF($I$6=4,($O$90)+IF($I78=$I$6+$J$6,$O$91,0),0),0)+IF($J78<>"",($J$6*$O$92)+IF($J$6=4,($O$90)+IF($J78=$I$6+$J$6,$O$91,0),0),0)) -> 11 | K79: =(IF($K78<>"",($K$6*$O$92)+IF($K$6=4,($O$90)+IF($K78=$K$6+$L$6,$O$91,0),0),0)+IF($L78<>"",($L$6*$O$92)+IF($L$6=4,($O$90)+IF($L78=$K$6+$L$6,$O$91,0),0),0)) -> 9 | M79: =(IF($M78<>"",($M$6*$O$92)+IF($M$6=4,($O$90)+IF($M78=$M$6+$N$6,$O$91,0),0),0)+IF($N78<>"",($N$6*$O$92)+IF($N$6=4,($O$90)+IF($N78=$M$6+$N$6,$O$91,0),0),0)) -> 9 | O79: =(IF($O78<>"",($O$6*$O$92)+IF($O$6=4,($O$90)+IF($O78=$O$6+$P$6,$O$91,0),0),0)+IF($P78<>"",($P$6*$O$92)+IF($P$6=4,($O$90)+IF($P78=$O$6+$P$6,$O$91,0),0),0)) -> 0 | Q79: =(IF($Q78<>"",($Q$6*$O$92)+IF($Q$6=4,($O$90)+IF($Q78=$Q$6+$R$6,$O$91,0),0),0)+IF($R78<>"",($R$6*$O$92)+IF($R$6=4,($O$90)+IF($R78=$Q$6+$R$6,$O$91,0),0),0)) -> 0 | T79: =(IF($T78<>"",($T$6*$P$92)+IF($T$6=4,($P$90)+IF($T78=$T$6+$U$6,$P$91,0),0),0)+IF($U78<>"",($U$6*$P$92)+IF($U$6=4,($P$90)+IF($U78=$T$6+$U$6,$P$91,0),0),0)) -> 14 | V79: =(IF($V78<>"",($V$6*$P$92)+IF($V$6=4,($P$90)+IF($V78=$V$6+$W$6,$P$91,0),0),0)+IF($W78<>"",($W$6*$P$92)+IF($W$6=4,($P$90)+IF($W78=$V$6+$W$6,$P$91,0),0),0)) -> 2 | X79: =(IF($X78<>"",($X$6*$P$92)+IF($X$6=4,($P$90)+IF($X78=$X$6+$Y$6,$P$91,0),0),0)+IF($Y78<>"",($Y$6*$P$92)+IF($Y$6=4,($P$90)+IF($Y78=$X$6+$Y$6,$P$91,0),0),0)) -> 3 | Z79: =(IF($Z78<>"",($Z$6*$P$92)+IF($Z$6=4,($P$90)+IF($Z78=$Z$6+$AA$6,$P$91,0),0),0)+IF($AA78<>"",($AA$6*$P$92)+IF($AA$6=4,($P$90)+IF($AA78=$Z$6+$AA$6,$P$91,0),0),0)) -> 18 | AC79: =(IF($AC78<>"",($AC$6*$Q$92)+IF($AC$6=4,($Q$90)+IF($AC78=$AC$6+$AD$6,$Q$91,0),0),0)+IF($AD78<>"",($AD$6*$Q$92)+IF($AD$6=4,($Q$90)+IF($AD78=$AC$6+$AD$6,$Q$91,0),0),0)) -> 3 | AE79: =(IF($AE78<>"",($AE$6*$Q$92)+IF($AE$6=4,($Q$90)+IF($AE78=$AE$6+$AF$6,$Q$91,0),0),0)+IF($AF78<>"",($AF$6*$Q$92)+IF($AF$6=4,($Q$90)+IF($AF78=$AE$6+$AF$6,$Q$91,0),0),0)) -> 1 | AH79: =(IF($AH78<>"",($AH$6*$R$92)+IF($AH$6=4,($R$90)+IF($AH78=$AH$6+$AI$6,$R$91,0),0),0)+IF($AI78<>"",($AI$6*$R$92)+IF($AI$6=4,($R$90)+IF($AI78=$AH$6+$AI$6,$R$91,0),0),0)) -> 1 | AK79: =MAX($AL$10:$AL$82) - AL79 -> 169
B80: Prédiction équipe | C80: =IF(ISBLANK(C78), 0, IF(C$6= 4, 1, 0)) -> 1 | D80: =IF(ISBLANK(D78), 0, IF(D$6 = 4, 1, 0)) -> 0 | E80: =IF(ISBLANK(E78), 0, IF(E$6= 4, 1, 0)) -> 0 | F80: =IF(ISBLANK(F78), 0, IF(F$6 = 4, 1, 0)) -> 0 | G80: =IF(ISBLANK(G78), 0, IF(G$6= 4, 1, 0)) -> 1 | H80: =IF(ISBLANK(H78), 0, IF(H$6 = 4, 1, 0)) -> 0 | I80: =IF(ISBLANK(I78), 0, IF(I$6= 4, 1, 0)) -> 1 | J80: =IF(ISBLANK(J78), 0, IF(J$6 = 4, 1, 0)) -> 0 | K80: =IF(ISBLANK(K78), 0, IF(K$6= 4, 1, 0)) -> 1 | L80: =IF(ISBLANK(L78), 0, IF(L$6 = 4, 1, 0)) -> 0 | M80: =IF(ISBLANK(M78), 0, IF(M$6= 4, 1, 0)) -> 1 | N80: =IF(ISBLANK(N78), 0, IF(N$6 = 4, 1, 0)) -> 0 | O80: =IF(ISBLANK(O78), 0, IF(O$6= 4, 1, 0)) -> 0 | P80: =IF(ISBLANK(P78), 0, IF(P$6 = 4, 1, 0)) -> 0 | Q80: =IF(ISBLANK(Q78), 0, IF(Q$6= 4, 1, 0)) -> 0 | R80: =IF(ISBLANK(R78), 0, IF(R$6 = 4, 1, 0)) -> 0 | T80: =IF(ISBLANK(T78), 0, IF(T$6= 4, 1, 0)) -> 1 | U80: =IF(ISBLANK(U78), 0, IF(U$6 = 4, 1, 0)) -> 0 | V80: =IF(ISBLANK(V78), 0, IF(V$6= 4, 1, 0)) -> 0 | W80: =IF(ISBLANK(W78), 0, IF(W$6 = 4, 1, 0)) -> 0 | X80: =IF(ISBLANK(X78), 0, IF(X$6= 4, 1, 0)) -> 0 | Y80: =IF(ISBLANK(Y78), 0, IF(Y$6 = 4, 1, 0)) -> 0 | Z80: =IF(ISBLANK(Z78), 0, IF(Z$6= 4, 1, 0)) -> 1 | AA80: =IF(ISBLANK(AA78), 0, IF(AA$6 = 4, 1, 0)) -> 0 | AC80: =IF(ISBLANK(AC78), 0, IF(AC$6= 4, 1, 0)) -> 0 | AD80: =IF(ISBLANK(AD78), 0, IF(AD$6 = 4, 1, 0)) -> 0 | AE80: =IF(ISBLANK(AE78), 0, IF(AE$6= 4, 1, 0)) -> 0 | AF80: =IF(ISBLANK(AF78), 0, IF(AF$6 = 4, 1, 0)) -> 0 | AH80: =IF(ISBLANK(AH78), 0, IF(AH$6= 4, 1, 0)) -> 0 | AI80: =IF(ISBLANK(AI78), 0, IF(AI$6 = 4, 1, 0)) -> 0 | AK80: =SUM(C80:AI80) -> 7
B81: Prédiciton nb matchs | C81: =IF(C80 = 0, 0, IF(C78 = (C$6+D$6),1,0)) -> 1 | D81: =IF(D80 = 0, 0, IF(D78 = (C$6+D$6),1,0)) -> 0 | E81: =IF(E80 = 0, 0, IF(E78 = (E$6+F$6),1,0)) -> 0 | F81: =IF(F80 = 0, 0, IF(F78 = (E$6+F$6),1,0)) -> 0 | G81: =IF(G80 = 0, 0, IF(G78 = (G$6+H$6),1,0)) -> 1 | H81: =IF(H80 = 0, 0, IF(H78 = (G$6+H$6),1,0)) -> 0 | I81: =IF(I80 = 0, 0, IF(I78 = (I$6+J$6),1,0)) -> 1 | J81: =IF(J80 = 0, 0, IF(J78 = (I$6+J$6),1,0)) -> 0 | K81: =IF(K80 = 0, 0, IF(K78 = (K$6+L$6),1,0)) -> 0 | L81: =IF(L80 = 0, 0, IF(L78 = (K$6+L$6),1,0)) -> 0 | M81: =IF(M80 = 0, 0, IF(M78 = (M$6+N$6),1,0)) -> 0 | N81: =IF(N80 = 0, 0, IF(N78 = (M$6+N$6),1,0)) -> 0 | O81: =IF(O80 = 0, 0, IF(O78 = (O$6+P$6),1,0)) -> 0 | P81: =IF(P80 = 0, 0, IF(P78 = (O$6+P$6),1,0)) -> 0 | Q81: =IF(Q80 = 0, 0, IF(Q78 = (Q$6+R$6),1,0)) -> 0 | R81: =IF(R80 = 0, 0, IF(R78 = (Q$6+R$6),1,0)) -> 0 | T81: =IF(T80 = 0, 0, IF(T78 = (T$6+U$6),1,0)) -> 0 | U81: =IF(U80 = 0, 0, IF(U78 = (T$6+U$6),1,0)) -> 0 | V81: =IF(V80 = 0, 0, IF(V78 = (V$6+W$6),1,0)) -> 0 | W81: =IF(W80 = 0, 0, IF(W78 = (V$6+W$6),1,0)) -> 0 | X81: =IF(X80 = 0, 0, IF(X78 = (X$6+Y$6),1,0)) -> 0 | Y81: =IF(Y80 = 0, 0, IF(Y78 = (X$6+Y$6),1,0)) -> 0 | Z81: =IF(Z80 = 0, 0, IF(Z78 = (Z$6+AA$6),1,0)) -> 1 | AA81: =IF(AA80 = 0, 0, IF(AA78 = (Z$6+AA$6),1,0)) -> 0 | AC81: =IF(AC80 = 0, 0, IF(AC78 = (AC$6+AD$6),1,0)) -> 0 | AD81: =IF(AD80 = 0, 0, IF(AD78 = (AC$6+AD$6),1,0)) -> 0 | AE81: =IF(AE80 = 0, 0, IF(AE78 = (AE$6+AF$6),1,0)) -> 0 | AF81: =IF(AF80 = 0, 0, IF(AF78 = (AE$6+AF$6),1,0)) -> 0 | AH81: =IF(AH80 = 0, 0, IF(AH78 = (AH$6+AI$6),1,0)) -> 0 | AI81: =IF(AI80 = 0, 0, IF(AI78 = (AH$6+AI$6),1,0)) -> 0 | AK81: =SUM(C81:AI81) -> 4
A82: =RANK(AL82,$AL$10:$AL$82,) -> 19 | B82: Bruno-Pierre Hamel | C82: 6 | F82: 7 | G82: 5 | I82: 5 | K82: 5 | M82: 7 | O82: 7 | R82: 6 | S82: =SUM(C83:R83) -> 66 | U82: 7 | W82: 6 | X82: 7 | Z82: 6 | AB82: =SUM(T83:AA83) -> 24 | AC82: 7 | AE82: 7 | AG82: =SUM(AC83:AF83) -> 4 | AI82: 7 | AJ82: =AH83 -> 1 | AK82: =MAX($AL$10:$AL$82) - AL82 -> 74 | AL82: =$S82+$AB82+$AG82+$AJ82 -> 95
C83: =(IF($C82<>"",($C$6*$O$92)+IF($C$6=4,($O$90)+IF($C82=$C$6+$D$6,$O$91,0),0),0)+IF($D82<>"",($D$6*$O$92)+IF($D$6=4,($O$90)+IF($D82=$C$6+$D$6,$O$91,0),0),0)) -> 9 | E83: =(IF($E82<>"",($E$6*$O$92)+IF($E$6=4,($O$90)+IF($E82=$E$6+$F$6,$O$91,0),0),0)+IF($F82<>"",($F$6*$O$92)+IF($F$6=4,($O$90)+IF($F82=$E$6+$F$6,$O$91,0),0),0)) -> 3 | G83: =(IF($G82<>"",($G$6*$O$92)+IF($G$6=4,($O$90)+IF($G82=$G$6+$H$6,$O$91,0),0),0)+IF($H82<>"",($H$6*$O$92)+IF($H$6=4,($O$90)+IF($H82=$G$6+$H$6,$O$91,0),0),0)) -> 9 | I83: =(IF($I82<>"",($I$6*$O$92)+IF($I$6=4,($O$90)+IF($I82=$I$6+$J$6,$O$91,0),0),0)+IF($J82<>"",($J$6*$O$92)+IF($J$6=4,($O$90)+IF($J82=$I$6+$J$6,$O$91,0),0),0)) -> 9 | K83: =(IF($K82<>"",($K$6*$O$92)+IF($K$6=4,($O$90)+IF($K82=$K$6+$L$6,$O$91,0),0),0)+IF($L82<>"",($L$6*$O$92)+IF($L$6=4,($O$90)+IF($L82=$K$6+$L$6,$O$91,0),0),0)) -> 9 | M83: =(IF($M82<>"",($M$6*$O$92)+IF($M$6=4,($O$90)+IF($M82=$M$6+$N$6,$O$91,0),0),0)+IF($N82<>"",($N$6*$O$92)+IF($N$6=4,($O$90)+IF($N82=$M$6+$N$6,$O$91,0),0),0)) -> 9 | O83: =(IF($O82<>"",($O$6*$O$92)+IF($O$6=4,($O$90)+IF($O82=$O$6+$P$6,$O$91,0),0),0)+IF($P82<>"",($P$6*$O$92)+IF($P$6=4,($O$90)+IF($P82=$O$6+$P$6,$O$91,0),0),0)) -> 9 | Q83: =(IF($Q82<>"",($Q$6*$O$92)+IF($Q$6=4,($O$90)+IF($Q82=$Q$6+$R$6,$O$91,0),0),0)+IF($R82<>"",($R$6*$O$92)+IF($R$6=4,($O$90)+IF($R82=$Q$6+$R$6,$O$91,0),0),0)) -> 9 | T83: =(IF($T82<>"",($T$6*$P$92)+IF($T$6=4,($P$90)+IF($T82=$T$6+$U$6,$P$91,0),0),0)+IF($U82<>"",($U$6*$P$92)+IF($U$6=4,($P$90)+IF($U82=$T$6+$U$6,$P$91,0),0),0)) -> 1 | V83: =(IF($V82<>"",($V$6*$P$92)+IF($V$6=4,($P$90)+IF($V82=$V$6+$W$6,$P$91,0),0),0)+IF($W82<>"",($W$6*$P$92)+IF($W$6=4,($P$90)+IF($W82=$V$6+$W$6,$P$91,0),0),0)) -> 2 | X83: =(IF($X82<>"",($X$6*$P$92)+IF($X$6=4,($P$90)+IF($X82=$X$6+$Y$6,$P$91,0),0),0)+IF($Y82<>"",($Y$6*$P$92)+IF($Y$6=4,($P$90)+IF($Y82=$X$6+$Y$6,$P$91,0),0),0)) -> 3 | Z83: =(IF($Z82<>"",($Z$6*$P$92)+IF($Z$6=4,($P$90)+IF($Z82=$Z$6+$AA$6,$P$91,0),0),0)+IF($AA82<>"",($AA$6*$P$92)+IF($AA$6=4,($P$90)+IF($AA82=$Z$6+$AA$6,$P$91,0),0),0)) -> 18 | AC83: =(IF($AC82<>"",($AC$6*$Q$92)+IF($AC$6=4,($Q$90)+IF($AC82=$AC$6+$AD$6,$Q$91,0),0),0)+IF($AD82<>"",($AD$6*$Q$92)+IF($AD$6=4,($Q$90)+IF($AD82=$AC$6+$AD$6,$Q$91,0),0),0)) -> 3 | AE83: =(IF($AE82<>"",($AE$6*$Q$92)+IF($AE$6=4,($Q$90)+IF($AE82=$AE$6+$AF$6,$Q$91,0),0),0)+IF($AF82<>"",($AF$6*$Q$92)+IF($AF$6=4,($Q$90)+IF($AF82=$AE$6+$AF$6,$Q$91,0),0),0)) -> 1 | AH83: =(IF($AH82<>"",($AH$6*$R$92)+IF($AH$6=4,($R$90)+IF($AH82=$AH$6+$AI$6,$R$91,0),0),0)+IF($AI82<>"",($AI$6*$R$92)+IF($AI$6=4,($R$90)+IF($AI82=$AH$6+$AI$6,$R$91,0),0),0)) -> 1
B84: Prédiction équipe | C84: =IF(ISBLANK(C82), 0, IF(C$6= 4, 1, 0)) -> 1 | D84: =IF(ISBLANK(D82), 0, IF(D$6 = 4, 1, 0)) -> 0 | E84: =IF(ISBLANK(E82), 0, IF(E$6= 4, 1, 0)) -> 0 | F84: =IF(ISBLANK(F82), 0, IF(F$6 = 4, 1, 0)) -> 0 | G84: =IF(ISBLANK(G82), 0, IF(G$6= 4, 1, 0)) -> 1 | H84: =IF(ISBLANK(H82), 0, IF(H$6 = 4, 1, 0)) -> 0 | I84: =IF(ISBLANK(I82), 0, IF(I$6= 4, 1, 0)) -> 1 | J84: =IF(ISBLANK(J82), 0, IF(J$6 = 4, 1, 0)) -> 0 | K84: =IF(ISBLANK(K82), 0, IF(K$6= 4, 1, 0)) -> 1 | L84: =IF(ISBLANK(L82), 0, IF(L$6 = 4, 1, 0)) -> 0 | M84: =IF(ISBLANK(M82), 0, IF(M$6= 4, 1, 0)) -> 1 | N84: =IF(ISBLANK(N82), 0, IF(N$6 = 4, 1, 0)) -> 0 | O84: =IF(ISBLANK(O82), 0, IF(O$6= 4, 1, 0)) -> 1 | P84: =IF(ISBLANK(P82), 0, IF(P$6 = 4, 1, 0)) -> 0 | Q84: =IF(ISBLANK(Q82), 0, IF(Q$6= 4, 1, 0)) -> 0 | R84: =IF(ISBLANK(R82), 0, IF(R$6 = 4, 1, 0)) -> 1 | T84: =IF(ISBLANK(T82), 0, IF(T$6= 4, 1, 0)) -> 0 | U84: =IF(ISBLANK(U82), 0, IF(U$6 = 4, 1, 0)) -> 0 | V84: =IF(ISBLANK(V82), 0, IF(V$6= 4, 1, 0)) -> 0 | W84: =IF(ISBLANK(W82), 0, IF(W$6 = 4, 1, 0)) -> 0 | X84: =IF(ISBLANK(X82), 0, IF(X$6= 4, 1, 0)) -> 0 | Y84: =IF(ISBLANK(Y82), 0, IF(Y$6 = 4, 1, 0)) -> 0 | Z84: =IF(ISBLANK(Z82), 0, IF(Z$6= 4, 1, 0)) -> 1 | AA84: =IF(ISBLANK(AA82), 0, IF(AA$6 = 4, 1, 0)) -> 0 | AC84: =IF(ISBLANK(AC82), 0, IF(AC$6= 4, 1, 0)) -> 0 | AD84: =IF(ISBLANK(AD82), 0, IF(AD$6 = 4, 1, 0)) -> 0 | AE84: =IF(ISBLANK(AE82), 0, IF(AE$6= 4, 1, 0)) -> 0 | AF84: =IF(ISBLANK(AF82), 0, IF(AF$6 = 4, 1, 0)) -> 0 | AH84: =IF(ISBLANK(AH82), 0, IF(AH$6= 4, 1, 0)) -> 0 | AI84: =IF(ISBLANK(AI82), 0, IF(AI$6 = 4, 1, 0)) -> 0 | AK84: =SUM(C84:AI84) -> 8
B85: Prédiciton nb matchs | C85: =IF(C84 = 0, 0, IF(C82 = (C$6+D$6),1,0)) -> 0 | D85: =IF(D84 = 0, 0, IF(D82 = (C$6+D$6),1,0)) -> 0 | E85: =IF(E84 = 0, 0, IF(E82 = (E$6+F$6),1,0)) -> 0 | F85: =IF(F84 = 0, 0, IF(F82 = (E$6+F$6),1,0)) -> 0 | G85: =IF(G84 = 0, 0, IF(G82 = (G$6+H$6),1,0)) -> 0 | H85: =IF(H84 = 0, 0, IF(H82 = (G$6+H$6),1,0)) -> 0 | I85: =IF(I84 = 0, 0, IF(I82 = (I$6+J$6),1,0)) -> 0 | J85: =IF(J84 = 0, 0, IF(J82 = (I$6+J$6),1,0)) -> 0 | K85: =IF(K84 = 0, 0, IF(K82 = (K$6+L$6),1,0)) -> 0 | L85: =IF(L84 = 0, 0, IF(L82 = (K$6+L$6),1,0)) -> 0 | M85: =IF(M84 = 0, 0, IF(M82 = (M$6+N$6),1,0)) -> 0 | N85: =IF(N84 = 0, 0, IF(N82 = (M$6+N$6),1,0)) -> 0 | O85: =IF(O84 = 0, 0, IF(O82 = (O$6+P$6),1,0)) -> 0 | P85: =IF(P84 = 0, 0, IF(P82 = (O$6+P$6),1,0)) -> 0 | Q85: =IF(Q84 = 0, 0, IF(Q82 = (Q$6+R$6),1,0)) -> 0 | R85: =IF(R84 = 0, 0, IF(R82 = (Q$6+R$6),1,0)) -> 0 | T85: =IF(T84 = 0, 0, IF(T82 = (T$6+U$6),1,0)) -> 0 | U85: =IF(U84 = 0, 0, IF(U82 = (T$6+U$6),1,0)) -> 0 | V85: =IF(V84 = 0, 0, IF(V82 = (V$6+W$6),1,0)) -> 0 | W85: =IF(W84 = 0, 0, IF(W82 = (V$6+W$6),1,0)) -> 0 | X85: =IF(X84 = 0, 0, IF(X82 = (X$6+Y$6),1,0)) -> 0 | Y85: =IF(Y84 = 0, 0, IF(Y82 = (X$6+Y$6),1,0)) -> 0 | Z85: =IF(Z84 = 0, 0, IF(Z82 = (Z$6+AA$6),1,0)) -> 1 | AA85: =IF(AA84 = 0, 0, IF(AA82 = (Z$6+AA$6),1,0)) -> 0 | AC85: =IF(AC84 = 0, 0, IF(AC82 = (AC$6+AD$6),1,0)) -> 0 | AD85: =IF(AD84 = 0, 0, IF(AD82 = (AC$6+AD$6),1,0)) -> 0 | AE85: =IF(AE84 = 0, 0, IF(AE82 = (AE$6+AF$6),1,0)) -> 0 | AF85: =IF(AF84 = 0, 0, IF(AF82 = (AE$6+AF$6),1,0)) -> 0 | AH85: =IF(AH84 = 0, 0, IF(AH82 = (AH$6+AI$6),1,0)) -> 0 | AI85: =IF(AI84 = 0, 0, IF(AI82 = (AH$6+AI$6),1,0)) -> 0 | AK85: =SUM(C85:AI85) -> 1
C86: =COUNT(C10,C14,C18,C22,C26,C30,C34, C38, C42,C46,C50,C54,C58,C62,C66,C70,C74,C78,C82) -> 17 | D86: =COUNT(D10,D14,D18,D22,D26,D30,D34, D38, D42,D46,D50,D54,D58,D62,D66,D70,D78,D82) -> 2 | E86: =COUNT(E10,E14,E18,E22,E26,E30,E34, E38, E42,E46,E50,E54,E58,E62,E66,E70,E74,E78,E82) -> 10 | F86: =COUNT(F10,F14,F18,F22,F26,F30,F34, F38, F42,F46,F50,F54,F58,F62,F66,F70,F74,F78,F82) -> 9 | G86: =COUNT(G10,G14,G18,G22,G26,G30,G34, G38, G42,G46,G50,G54,G58,G62,G66,G70,G74,G78,G82) -> 14 | H86: =COUNT(H10,H14,H18,H22,H26,H30,H34, H38, H42,H46,H50,H54,H58,H62,H66,H70,H74,H78,H82) -> 5 | I86: =COUNT(I10,I14,I18,I22,I26,I30,I34, I38, I42,I46,I50,I54,I58,I62,I66,I70,I74,I78,I82) -> 19 | J86: =COUNT(J10,J14,J18,J22,J26,J30,J34, J38, J42,J46,J50,J54,J58,J62,J66,J70,J74,J78,J82) -> 0 | K86: =COUNT(K10,K14,K18,K22,K26,K30,K34, K38, K42,K46,K50,K54,K58,K62,K66,K70,K74,K78,K82) -> 19 | L86: =COUNT(L10,L14,L18,L22,L26,L30,L34, L38, L42,L46,L50,L54,L58,L62,L66,L70,L74,L78,L82) -> 0 | ... R86: =COUNT(R10,R14,R18,R22,R26,R30,R34, R38, R42,R46,R50,R54,R58,R62,R66,R70,R74,R78,R82) -> 8 | T86: =COUNT(T10,T14,T18,T22,T26,T30,T34, T38, T42,T46,T50,T54,T58,T62,T66,T70,T74,T78,T82) -> 14 | U86: =COUNT(U10,U14,U18,U22,U26,U30,U34, U38, U42,U46,U50,U54,U58,U62,U66,U70,U74,U78,U82) -> 5 | V86: =COUNT(V10,V14,V18,V22,V26,V30,V34, V38, V42,V46,V50,V54,V58,V62,V66,V70,V74,V78,V82) -> 4 | W86: =COUNT(W10,W14,W18,W22,W26,W30,W34, W38, W42,W46,W50,W54,W58,W62,W66,W70,W74,W78,W82) -> 15 | X86: =COUNT(X10,X14,X18,X22,X26,X30,X34, X38, X42,X46,X50,X54,X58,X62,X66,X70,X74,X78,X82) -> 11 | Y86: =COUNT(Y10,Y14,Y18,Y22,Y26,Y30,Y34, Y38, Y42,Y46,Y50,Y54,Y58,Y62,Y66,Y70,Y74,Y78,Y82) -> 8 | Z86: =COUNT(Z10,Z14,Z18,Z22,Z26,Z30,Z34, Z38, Z42,Z46,Z50,Z54,Z58,Z62,Z66,Z70,Z74,Z78,Z82) -> 16 | AA86: =COUNT(AA10,AA14,AA18,AA22,AA26,AA30,AA34, AA38, AA42,AA46,AA50,AA54,AA58,AA62,AA66,AA70,AA74,AA78,AA82) -> 3 | AC86: =COUNT(AC10,AC14,AC18,AC22,AC26,AC30,AC34, AC38, AC42,AC46,AC50,AC54,AC58,AC62,AC66,AC70,AC74,AC78,AC82) -> 9 | AD86: =COUNT(AD10,AD14,AD18,AD22,AD26,AD30,AD34, AD38, AD42,AD46,AD50,AD54,AD58,AD62,AD66,AD70,AD74,AD78,AD82) -> 10 | AE86: =COUNT(AE10,AE14,AE18,AE22,AE26,AE30,AE34, AE38, AE42,AE46,AE50,AE54,AE58,AE62,AE66,AE70,AE74,AE78,AE82) -> 12 | AF86: =COUNT(AF10,AF14,AF18,AF22,AF26,AF30,AF34, AF38, AF42,AF46,AF50,AF54,AF58,AF62,AF66,AF70,AF74,AF78,AF82) -> 7 | AH86: =COUNT(AH10,AH14,AH18,AH22,AH26,AH30,AH34, AH38, AH42,AH46,AH50,AH54,AH58,AH62,AH66,AH70,AH74,AH78,AH82) -> 9 | AI86: =COUNT(AI10,AI14,AI18,AI22,AI26,AI30,AI34, AI38, AI42,AI46,AI50,AI54,AI58,AI62,AI66,AI70,AI74,AI78,AI82) -> 10
O88: RONDES
B89: SYSTÈME DE POINTAGE | O89: 1 | P89: 2 | Q89: 3 | R89: 4 | U89: INFORMATIONS | AG89: BOURSES
B90: Points pour les prédictions exactes des équipes | O90: 5 | P90: 10 | Q90: 15 | R90: 20 | U90: Nb. Participants | AB90: 19 | AG90: 1ère place | AK90: 200
B91: Points pour les prédictions exactes du nombre de parties | O91: 2 | P91: 4 | Q91: 6 | R91: 8 | U91: Prix d'inscription | AB91: 20 | AG91: 2e place | AK91: 100
B92: Points pour les victoires | O92: 1 | P92: 1 | Q92: 1 | R92: 1 | U92: Total | AB92: =AB90*AB91 -> 380 | AG92: 3e place | AK92: 50
AG93: 4e place | AK93: 30

Sheet Résultats
A3: M1 | B3: TAMPA BAY | C3: 5 | D3: 5 | E3: 2 | F3: 3 | G3: 3 | J3: =IF(C3>C4,1,0)+IF(D3>D4,1,0)+IF(E3>E4,1,0)+IF(F3>F4,1,0)+IF(G3>G4,1,0)+IF(H3>H4,1,0)+IF(I3>I4,1,0) -> 4
A4: WC | B4: NEW JERSEY | C4: 2 | D4: 3 | E4: 5 | F4: 1 | G4: 1 | J4: =IF(C4>C3,1,0)+IF(D4>D3,1,0)+IF(E4>E3,1,0)+IF(F4>F3,1,0)+IF(G4>G3,1,0)+IF(H4>H3,1,0)+IF(I4>I3,1,0) -> 1
A6: M2 | B6: BOSTON | C6: 5 | D6: 7 | E6: 2 | F6: 3 | G6: 3 | H6: 1 | I6: 7 | J6: =IF(C6>C7,1,0)+IF(D6>D7,1,0)+IF(E6>E7,1,0)+IF(F6>F7,1,0)+IF(G6>G7,1,0)+IF(H6>H7,1,0)+IF(I6>I7,1,0) -> 4 | M6: M1 | N6: TAMPA BAY | O6: 2 | P6: 4 | Q6: 4 | R6: 4 | S6: 3 | V6: =IF(O6>O7,1,0)+IF(P6>P7,1,0)+IF(Q6>Q7,1,0)+IF(R6>R7,1,0)+IF(S6>S7,1,0)+IF(T6>T7,1,0)+IF(U6>U7,1,0) -> 4
A7: M3 | B7: TORONTO | C7: 1 | D7: 3 | E7: 4 | F7: 1 | G7: 4 | H7: 3 | I7: 4 | J7: =IF(C7>C6,1,0)+IF(D7>D6,1,0)+IF(E7>E6,1,0)+IF(F7>F6,1,0)+IF(G7>G6,1,0)+IF(H7>H6,1,0)+IF(I7>I6,1,0) -> 3 | M7: M2 | N7: BOSTON | O7: 6 | P7: 2 | Q7: 1 | R7: 3 | S7: 1 | V7: =IF(O7>O6,1,0)+IF(P7>P6,1,0)+IF(Q7>Q6,1,0)+IF(R7>R6,1,0)+IF(S7>S6,1,0)+IF(T7>T6,1,0)+IF(U7>U6,1,0) -> 1
Y8: M1 | Z8: TAMPA BAY | AA8: 2 | AB8: 2 | AC8: 4 | AD8: 4 | AE8: 3 | AF8: 0 | AG8: 0 | AH8: =IF(AA8>AA9,1,0)+IF(AB8>AB9,1,0)+IF(AC8>AC9,1,0)+IF(AD8>AD9,1,0)+IF(AE8>AE9,1,0)+IF(AF8>AF9,1,0)+IF(AG8>AG9,1,0) -> 3
Y9: A1 | Z9: WASHINGTON | AA9: 4 | AB9: 6 | AC9: 2 | AD9: 2 | AE9: 2 | AF9: 3 | AG9: 4 | AH9: =IF(AA9>AA8,1,0)+IF(AB9>AB8,1,0)+IF(AC9>AC8,1,0)+IF(AD9>AD8,1,0)+IF(AE9>AE8,1,0)+IF(AF9>AF8,1,0)+IF(AG9>AG8,1,0) -> 4
A10: A1 | B10: WASHINGTON | C10: 3 | D10: 4 | E10: 3 | F10: 4 | G10: 4 | H10: 6 | J10: =IF(C10>C11,1,0)+IF(D10>D11,1,0)+IF(E10>E11,1,0)+IF(F10>F11,1,0)+IF(G10>G11,1,0)+IF(H10>H11,1,0)+IF(I10>I11,1,0) -> 4 | M10: A1 | N10: WASHINGTON | O10: 2 | P10: 4 | Q10: 4 | R10: 1 | S10: 6 | T10: 2 | V10: =IF(O10>O11,1,0)+IF(P10>P11,1,0)+IF(Q10>Q11,1,0)+IF(R10>R11,1,0)+IF(S10>S11,1,0)+IF(T10>T11,1,0)+IF(U10>U11,1,0) -> 4
A11: WC | B11: COLOMBUS | C11: 4 | D11: 5 | E11: 2 | F11: 1 | G11: 3 | H11: 3 | J11: =IF(C11>C10,1,0)+IF(D11>D10,1,0)+IF(E11>E10,1,0)+IF(F11>F10,1,0)+IF(G11>G10,1,0)+IF(H11>H10,1,0)+IF(I11>I10,1,0) -> 2 | M11: A2 | N11: PITTSBURGH | O11: 3 | P11: 1 | Q11: 3 | R11: 3 | S11: 3 | T11: 1 | V11: =IF(O11>O10,1,0)+IF(P11>P10,1,0)+IF(Q11>Q10,1,0)+IF(R11>R10,1,0)+IF(S11>S10,1,0)+IF(T11>T10,1,0)+IF(U11>U10,1,0) -> 2
A13: A2 | B13: PITTSBURGH | C13: 7 | D13: 1 | E13: 5 | F13: 5 | G13: 2 | H13: 8 | J13: =IF(C13>C14,1,0)+IF(D13>D14,1,0)+IF(E13>E14,1,0)+IF(F13>F14,1,0)+IF(G13>G14,1,0)+IF(H13>H14,1,0)+IF(I13>I14,1,0) -> 4
A14: A3 | B14: PHILADELPHIE | C14: 0 | D14: 5 | E14: 1 | F14: 0 | G14: 4 | H14: 5 | J14: =IF(C14>C13,1,0)+IF(D14>D13,1,0)+IF(E14>E13,1,0)+IF(F14>F13,1,0)+IF(G14>G13,1,0)+IF(H14>H13,1,0)+IF(I14>I13,1,0) -> 2
Y15: A1 | Z15: WASHINGTON | AA15: 4 | AB15: 3 | AC15: 3 | AD15: 6 | AE15: 4 | AH15: =IF(AA15>AA16,1,0)+IF(AB15>AB16,1,0)+IF(AC15>AC16,1,0)+IF(AD15>AD16,1,0)+IF(AE15>AE16,1,0)+IF(AF15>AF16,1,0)+IF(AG15>AG16,1,0) -> 4
Y16: P1 | Z16: VEGAS | AA16: 6 | AB16: 2 | AC16: 1 | AD16: 2 | AE16: 3 | AH16: =IF(AA16>AA15,1,0)+IF(AB16>AB15,1,0)+IF(AC16>AC15,1,0)+IF(AD16>AD15,1,0)+IF(AE16>AE15,1,0)+IF(AF16>AF15,1,0)+IF(AG16>AG15,1,0) -> 1
A17: C1 | B17: NASHVILLE | C17: 5 | D17: 5 | E17: 3 | F17: 3 | G17: 1 | H17: 5 | J17: =IF(C17>C18,1,0)+IF(D17>D18,1,0)+IF(E17>E18,1,0)+IF(F17>F18,1,0)+IF(G17>G18,1,0)+IF(H17>H18,1,0)+IF(I17>I18,1,0) -> 4
A18: WC | B18: COLORADO | C18: 2 | D18: 4 | E18: 5 | F18: 2 | G18: 2 | H18: 0 | J18: =IF(C18>C17,1,0)+IF(D18>D17,1,0)+IF(E18>E17,1,0)+IF(F18>F17,1,0)+IF(G18>G17,1,0)+IF(H18>H17,1,0)+IF(I18>I17,1,0) -> 2
A20: C2 | B20: WINNIPEG | C20: 3 | D20: 4 | E20: 2 | F20: 2 | G20: 5 | J20: =IF(C20>C21,1,0)+IF(D20>D21,1,0)+IF(E20>E21,1,0)+IF(F20>F21,1,0)+IF(G20>G21,1,0)+IF(H20>H21,1,0)+IF(I20>I21,1,0) -> 4 | M20: C1 | N20: NASHVILLE | O20: 1 | P20: 5 | Q20: 4 | R20: 2 | S20: 2 | T20: 4 | U20: 1 | V20: =IF(O20>O21,1,0)+IF(P20>P21,1,0)+IF(Q20>Q21,1,0)+IF(R20>R21,1,0)+IF(S20>S21,1,0)+IF(T20>T21,1,0)+IF(U20>U21,1,0) -> 3
A21: C3 | B21: MINNESOTA | C21: 2 | D21: 1 | E21: 6 | F21: 0 | G21: 0 | J21: =IF(C21>C20,1,0)+IF(D21>D20,1,0)+IF(E21>E20,1,0)+IF(F21>F20,1,0)+IF(G21>G20,1,0)+IF(H21>H20,1,0)+IF(I21>I20,1,0) -> 1 | M21: C2 | N21: WINNIPEG | O21: 4 | P21: 4 | Q21: 7 | R21: 1 | S21: 6 | T21: 0 | U21: 5 | V21: =IF(O21>O20,1,0)+IF(P21>P20,1,0)+IF(Q21>Q20,1,0)+IF(R21>R20,1,0)+IF(S21>S20,1,0)+IF(T21>T20,1,0)+IF(U21>U20,1,0) -> 4
Y22: C2 | Z22: WINNIPEG | AA22: 4 | AB22: 1 | AC22: 2 | AD22: 2 | AE22: 1 | AH22: =IF(AA22>AA23,1,0)+IF(AB22>AB23,1,0)+IF(AC22>AC23,1,0)+IF(AD22>AD23,1,0)+IF(AE22>AE23,1,0)+IF(AF22>AF23,1,0)+IF(AG22>AG23,1,0) -> 1
Y23: P1 | Z23: VEGAS | AA23: 2 | AB23: 3 | AC23: 4 | AD23: 3 | AE23: 2 | AH23: =IF(AA23>AA22,1,0)+IF(AB23>AB22,1,0)+IF(AC23>AC22,1,0)+IF(AD23>AD22,1,0)+IF(AE23>AE22,1,0)+IF(AF23>AF22,1,0)+IF(AG23>AG22,1,0) -> 4
A24: P1 | B24: VEGAS | C24: 1 | D24: 2 | E24: 3 | F24: 1 | J24: =IF(C24>C25,1,0)+IF(D24>D25,1,0)+IF(E24>E25,1,0)+IF(F24>F25,1,0)+IF(G24>G25,1,0)+IF(H24>H25,1,0)+IF(I24>I25,1,0) -> 4 | M24: P1 | N24: VEGAS | O24: 7 | P24: 3 | Q24: 4 | R24: 0 | S24: 5 | T24: 3 | V24: =IF(O24>O25,1,0)+IF(P24>P25,1,0)+IF(Q24>Q25,1,0)+IF(R24>R25,1,0)+IF(S24>S25,1,0)+IF(T24>T25,1,0)+IF(U24>U25,1,0) -> 4
A25: WC | B25: LOS ANGELES | C25: 0 | D25: 1 | E25: 2 | F25: 0 | J25: =IF(C25>C24,1,0)+IF(D25>D24,1,0)+IF(E25>E24,1,0)+IF(F25>F24,1,0)+IF(G25>G24,1,0)+IF(H25>H24,1,0)+IF(I25>I24,1,0) -> 0 | M25: P3 | N25: SAN JOSE | O25: 0 | P25: 4 | Q25: 3 | R25: 4 | S25: 3 | T25: 0 | V25: =IF(O25>O24,1,0)+IF(P25>P24,1,0)+IF(Q25>Q24,1,0)+IF(R25>R24,1,0)+IF(S25>S24,1,0)+IF(T25>T24,1,0)+IF(U25>U24,1,0) -> 2
A27: P2 | B27: ANAHEIM | C27: 0 | D27: 2 | E27: 1 | F27: 1 | J27: =IF(C27>C28,1,0)+IF(D27>D28,1,0)+IF(E27>E28,1,0)+IF(F27>F28,1,0)+IF(G27>G28,1,0)+IF(H27>H28,1,0)+IF(I27>I28,1,0) -> 0
A28: P3 | B28: SAN JOSE | C28: 3 | D28: 3 | E28: 8 | F28: 2 | J28: =IF(C28>C27,1,0)+IF(D28>D27,1,0)+IF(E28>E27,1,0)+IF(F28>F27,1,0)+IF(G28>G27,1,0)+IF(H28>H27,1,0)+IF(I28>I27,1,0) -> 4
