Workbook
Name PT_PREDICTION_EQUIPE_R1: Pool!$O$103
Name PT_PREDICTION_EQUIPE_R2: Pool!$P$103
Name PT_PREDICTION_EQUIPE_R3: Pool!$Q$103
Name PT_PREDICTION_EQUIPE_R4: Pool!$R$103
Name PT_PREDICTION_NB_PARTIES_R1: Pool!$O$104
Name PT_PREDICTION_NB_PARTIES_R2: Pool!$P$104
Name PT_PREDICTION_NB_PARTIES_R3: Pool!$Q$104
Name PT_PREDICTION_NB_PARTIES_R4: Pool!$R$104
Name PT_VICTOIRE_R1: Pool!$O$105
Name PT_VICTOIRE_R2: Pool!$P$105
Name PT_VICTOIRE_R3: Pool!$Q$105
Name PT_VICTOIRE_R4: Pool!$R$105

Sheet Pool
C2: Résultats complets disponibles à l'adresse suivante : | Q2: https://staker4.github.io/pool/laval.pdf
C3: Bracket : | Q3: https://staker4.github.io/pool/bracket.pdf
C5: RONDE 1 | T5: RONDE 2 | AC5: RONDE 3 | AH5: R4
C6: EST | K6: OUEST | S6: Sous-total - RONDE 1 | T6: EST | X6: OUEST | AB6: Sous-total - RONDE 2 | AC6: EST | AE6: OUEST | AG6: Sous-total - RONDE 3 | AJ6: Sous-total - RONDE 4
C7: =Résultats!$J$3 -> 0 | D7: =Résultats!$J$4 -> 4 | E7: =Résultats!$J$6 -> 4 | F7: =Résultats!$J$7 -> 3 | G7: =Résultats!$J$10 -> 3 | H7: =Résultats!$J$11 -> 4 | I7: =Résultats!$J$13 -> 4 | J7: =Résultats!$J$14 -> 0 | K7: =Résultats!$J$17 -> 1 | L7: =Résultats!$J$18 -> 4 | M7: =Résultats!$J$20 -> 2 | N7: =Résultats!$J$21 -> 4 | O7: =Résultats!$J$24 -> 2 | P7: =Résultats!$J$25 -> 4 | Q7: =Résultats!$J$27 -> 4 | R7: =Résultats!$J$28 -> 3 | T7: =Résultats!$V$6 -> 4 | U7: =Résultats!$V$7 -> 2 | V7: =Résultats!$V$10 -> 0 | W7: =Résultats!$V$11 -> 4 | X7: =Résultats!$V$20 -> 4 | Y7: =Résultats!$V$21 -> 3 | Z7: =Résultats!$V$24 -> 4 | AA7: =Résultats!$V$25 -> 3 | AC7: =Résultats!$AH$8 -> 4 | AD7: =Résultats!$AH$9 -> 0 | AE7: =Résultats!$AH$22 -> 2 | AF7: =Résultats!$AH$23 -> 4 | AH7: =Résultats!$AH$15 -> 3 | AI7: =Résultats!$AH$16 -> 4
C8: =IF(ISBLANK($C11),0,($C$7*PT_VICTOIRE_R1)+IF($C$7=4,PT_PREDICTION_EQUIPE_R1+IF($C11=$C$7+$D$7,PT_PREDICTION_NB_PARTIES_R1,0),0)) +IF(ISBLANK($D11),0,($D$7*PT_VICTOIRE_R1)+IF($D$7=4,PT_PREDICTION_EQUIPE_R1+IF($D11=$C$7+$D$7,PT_PREDICTION_NB_PARTIES_R1,0),0)) -> 0
C9: =Résultats!$B$3 -> TAMPA BAY | D9: =Résultats!$B$4 -> COLUMBUS | E9: =Résultats!$B$6 -> BOSTON | F9: =Résultats!$B$7 -> TORONTO | G9: =Résultats!$B$10 -> WASHINGTON | H9: =Résultats!$B$11 -> CAROLINE | I9: =Résultats!$B$13 -> NEW YORK I. | J9: =Résultats!$B$14 -> PITTSBURGH | K9: =Résultats!$B$17 -> CALGARY | L9: =Résultats!$B$18 -> COLORADO | M9: =Résultats!$B$20 -> WINNIPEG | N9: =Résultats!$B$21 -> ST-LOUIS | O9: =Résultats!$B$24 -> NASHVILLE | P9: =Résultats!$B$25 -> DALLAS | Q9: =Résultats!$B$27 -> SAN JOSE | R9: =Résultats!$B$28 -> VEGAS | T9: =Résultats!$N$6 -> BOSTON | U9: =Résultats!$N$7 -> COLUMBUS | V9: =Résultats!$N$10 -> NEW YORK I. | W9: =Résultats!$N$11 -> CAROLINE | X9: =Résultats!$N$20 -> SAN JOSE | Y9: =Résultats!$N$21 -> COLORADO | Z9: =Résultats!$N$24 -> ST-LOUIS | AA9: =Résultats!$N$25 -> DALLAS | AC9: =Résultats!$Z$8 -> BOSTON | AD9: =Résultats!$Z$9 -> CAROLINE | AE9: =Résultats!$Z$22 -> SAN JOSE | AF9: =Résultats!$Z$23 -> ST-LOUIS | AH9: =Résultats!$Z$15 -> BOSTON | AI9: =Résultats!$Z$16 -> ST-LOUIS
A10: # | B10: NOM | C10: =Résultats!$A$3 -> A1 | D10: =Résultats!$A$4 -> WC2 | E10: =Résultats!$A$6 -> A2 | F10: =Résultats!$A$7 -> A3 | G10: =Résultats!$A$10 -> M1 | H10: =Résultats!$A$11 -> WC1 | I10: =Résultats!$A$13 -> M2 | J10: =Résultats!$A$14 -> M3 | K10: =Résultats!$A$17 -> C1 | L10: =Résultats!$A$18 -> WC2 | M10: =Résultats!$A$20 -> C2 | N10: =Résultats!$A$21 -> C3 | O10: =Résultats!$A$24 -> P1 | P10: =Résultats!$A$25 -> WC1 | Q10: =Résultats!$A$27 -> P2 | R10: =Résultats!$A$28 -> P3 | T10: =Résultats!$M$6 -> A2 | U10: =Résultats!$M$7 -> WC2 | V10: =Résultats!$M$10 -> M2 | W10: =Résultats!$M$11 -> WC1 | X10: =Résultats!$M$20 -> P2 | Y10: =Résultats!$M$21 -> WC2 | Z10: =Résultats!$M$24 -> C3 | AA10: =Résultats!$M$25 -> WC1 | AC10: =Résultats!$Y$8 -> A2 | AD10: =Résultats!$Y$9 -> WC1 | AE10: =Résultats!$Y$22 -> P2 | AF10: =Résultats!$Y$23 -> C3 | AH10: =Résultats!$Y$15 -> A2 | AI10: =Résultats!$Y$16 -> C3 | AK10: ÉCART | AL10: TOTAL
A11: =RANK(AL11,$AL$11:$AL$98,) -> 1 | B11: Julien Belvisi | C11: 5 | E11: 7 | G11: 4 | J11: 6 | K11: 5 | N11: 6 | O11: 7 | Q11: 6 | S11: =SUM(C12:R12) -> 37 | T11: 6 | W11: 6 | X11: 5 | AA11: 7 | AB11: =SUM(T12:AA12) -> 49 | AD11: 6 | AF11: 7 | AG11: =SUM(AC12:AF12) -> 19 | AI11: 7 | AJ11: =AH12 -> 32 | AK11: =MAX($AL$11:$AL$98) - AL11 -> 0 | AL11: =$S11+$AB11+$AG11+$AJ11 -> 137
A12: =RANK(AL12,$AL$11:$AL$98,) -> #N/A | C12: =(IF($C11<>"",($C$7*$O$105)+IF($C$7=4,($O$103)+IF($C11=$C$7+$D$7,$O$104,0),0),0)+IF($D11<>"",($D$7*$O$105)+IF($D$7=4,($O$103)+IF($D11=$C$7+$D$7,$O$104,0),0),0)) -> 0 | E12: =(IF($E11<>"",($E$7*$O$105)+IF($E$7=4,($O$103)+IF($E11=$E$7+$F$7,$O$104,0),0),0)+IF($F11<>"",($F$7*$O$105)+IF($F$7=4,($O$103)+IF($F11=$E$7+$F$7,$O$104,0),0),0)) -> 11 | G12: =(IF($G11<>"",($G$7*$O$105)+IF($G$7=4,($O$103)+IF($G11=$G$7+$H$7,$O$104,0),0),0)+IF($H11<>"",($H$7*$O$105)+IF($H$7=4,($O$103)+IF($H11=$G$7+$H$7,$O$104,0),0),0)) -> 3 | I12: =(IF($I11<>"",($I$7*$O$105)+IF($I$7=4,($O$103)+IF($I11=$I$7+$J$7,$O$104,0),0),0)+IF($J11<>"",($J$7*$O$105)+IF($J$7=4,($O$103)+IF($J11=$I$7+$J$7,$O$104,0),0),0)) -> 0 | K12: =(IF($K11<>"",($K$7*$O$105)+IF($K$7=4,($O$103)+IF($K11=$K$7+$L$7,$O$104,0),0),0)+IF($L11<>"",($L$7*$O$105)+IF($L$7=4,($O$103)+IF($L11=$K$7+$L$7,$O$104,0),0),0)) -> 1 | M12: =(IF($M11<>"",($M$7*$O$105)+IF($M$7=4,($O$103)+IF($M11=$M$7+$N$7,$O$104,0),0),0)+IF($N11<>"",($N$7*$O$105)+IF($N$7=4,($O$103)+IF($N11=$M$7+$N$7,$O$104,0),0),0)) -> 11 | O12: =(IF($O11<>"",($O$7*$O$105)+IF($O$7=4,($O$103)+IF($O11=$O$7+$P$7,$O$104,0),0),0)+IF($P11<>"",($P$7*$O$105)+IF($P$7=4,($O$103)+IF($P11=$O$7+$P$7,$O$104,0),0),0)) -> 2 | Q12: =(IF($Q11<>"",($Q$7*$O$105)+IF($Q$7=4,($O$103)+IF($Q11=$Q$7+$R$7,$O$104,0),0),0)+IF($R11<>"",($R$7*$O$105)+IF($R$7=4,($O$103)+IF($R11=$Q$7+$R$7,$O$104,0),0),0)) -> 9 | T12: =(IF($T11<>"",($T$7*$P$105)+IF($T$7=4,($P$103)+IF($T11=$T$7+$U$7,$P$104,0),0),0)+IF($U11<>"",($U$7*$P$105)+IF($U$7=4,($P$103)+IF($U11=$T$7+$U$7,$P$104,0),0),0)) -> 18 | V12: =(IF($V11<>"",($V$7*$P$105)+IF($V$7=4,($P$103)+IF($V11=$V$7+$W$7,$P$104,0),0),0)+IF($W11<>"",($W$7*$P$105)+IF($W$7=4,($P$103)+IF($W11=$V$7+$W$7,$P$104,0),0),0)) -> 14 | X12: =(IF($X11<>"",($X$7*$P$105)+IF($X$7=4,($P$103)+IF($X11=$X$7+$Y$7,$P$104,0),0),0)+IF($Y11<>"",($Y$7*$P$105)+IF($Y$7=4,($P$103)+IF($Y11=$X$7+$Y$7,$P$104,0),0),0)) -> 14 | Z12: =(IF($Z11<>"",($Z$7*$P$105)+IF($Z$7=4,($P$103)+IF($Z11=$Z$7+$AA$7,$P$104,0),0),0)+IF($AA11<>"",($AA$7*$P$105)+IF($AA$7=4,($P$103)+IF($AA11=$Z$7+$AA$7,$P$104,0),0),0)) -> 3 | AC12: =(IF($AC11<>"",($AC$7*$Q$105)+IF($AC$7=4,($Q$103)+IF($AC11=$AC$7+$AD$7,$Q$104,0),0),0)+IF($AD11<>"",($AD$7*$Q$105)+IF($AD$7=4,($Q$103)+IF($AD11=$AC$7+$AD$7,$Q$104,0),0),0)) -> 0 | AE12: =(IF($AE11<>"",($AE$7*$Q$105)+IF($AE$7=4,($Q$103)+IF($AE11=$AE$7+$AF$7,$Q$104,0),0),0)+IF($AF11<>"",($AF$7*$Q$105)+IF($AF$7=4,($Q$103)+IF($AF11=$AE$7+$AF$7,$Q$104,0),0),0)) -> 19 | AH12: =(IF($AH11<>"",($AH$7*$Q$105)+IF($AH$7=4,($R$103)+IF($AH11=$AH$7+$AI$7,$R$104,0),0),0)+IF($AI11<>"",($AI$7*$R$105)+IF($AI$7=4,($R$103)+IF($AI11=$AH$7+$AI$7,$R$104,0),0),0)) -> 32
B13: Prédiction équipe | C13: =IF(ISBLANK(C11), 0, IF(C$7= 4, 1, 0)) -> 0 | D13: =IF(ISBLANK(D11), 0, IF(D$7 = 4, 1, 0)) -> 0 | E13: =IF(ISBLANK(E11), 0, IF(E$7= 4, 1, 0)) -> 1 | F13: =IF(ISBLANK(F11), 0, IF(F$7 = 4, 1, 0)) -> 0 | G13: =IF(ISBLANK(G11), 0, IF(G$7= 4, 1, 0)) -> 0 | H13: =IF(ISBLANK(H11), 0, IF(H$7 = 4, 1, 0)) -> 0 | I13: =IF(ISBLANK(I11), 0, IF(I$7= 4, 1, 0)) -> 0 | J13: =IF(ISBLANK(J11), 0, IF(J$7 = 4, 1, 0)) -> 0 | K13: =IF(ISBLANK(K11), 0, IF(K$7= 4, 1, 0)) -> 0 | L13: =IF(ISBLANK(L11), 0, IF(L$7 = 4, 1, 0)) -> 0 | M13: =IF(ISBLANK(M11), 0, IF(M$7= 4, 1, 0)) -> 0 | N13: =IF(ISBLANK(N11), 0, IF(N$7 = 4, 1, 0)) -> 1 | O13: =IF(ISBLANK(O11), 0, IF(O$7= 4, 1, 0)) -> 0 | P13: =IF(ISBLANK(P11), 0, IF(P$7 = 4, 1, 0)) -> 0 | Q13: =IF(ISBLANK(Q11), 0, IF(Q$7= 4, 1, 0)) -> 1 | R13: =IF(ISBLANK(R11), 0, IF(R$7 = 4, 1, 0)) -> 0 | T13: =IF(ISBLANK(T11), 0, IF(T$7= 4, 1, 0)) -> 1 | U13: =IF(ISBLANK(U11), 0, IF(U$7 = 4, 1, 0)) -> 0 | V13: =IF(ISBLANK(V11), 0, IF(V$7= 4, 1, 0)) -> 0 | W13: =IF(ISBLANK(W11), 0, IF(W$7 = 4, 1, 0)) -> 1 | X13: =IF(ISBLANK(X11), 0, IF(X$7= 4, 1, 0)) -> 1 | Y13: =IF(ISBLANK(Y11), 0, IF(Y$7 = 4, 1, 0)) -> 0 | Z13: =IF(ISBLANK(Z11), 0, IF(Z$7= 4, 1, 0)) -> 0 | AA13: =IF(ISBLANK(AA11), 0, IF(AA$7 = 4, 1, 0)) -> 0 | AC13: =IF(ISBLANK(AC11), 0, IF(AC$7= 4, 1, 0)) -> 0 | AD13: =IF(ISBLANK(AD11), 0, IF(AD$7 = 4, 1, 0)) -> 0 | AE13: =IF(ISBLANK(AE11), 0, IF(AE$7= 4, 1, 0)) -> 0 | AF13: =IF(ISBLANK(AF11), 0, IF(AF$7 = 4, 1, 0)) -> 1 | AH13: =IF(ISBLANK(AH11), 0, IF(AH$7= 4, 1, 0)) -> 0 | AI13: =IF(ISBLANK(AI11), 0, IF(AI$7 = 4, 1, 0)) -> 1 | AK13: =SUM(C13:AI13) -> 8
B14: Prédiciton nb matchs | C14: =IF(C13 = 0, 0, IF(C11 = (C$7+D$7),1,0)) -> 0 | D14: =IF(D13 = 0, 0, IF(D11 = (C$7+D$7),1,0)) -> 0 | E14: =IF(E13 = 0, 0, IF(E11 = (E$7+F$7),1,0)) -> 1 | F14: =IF(F13 = 0, 0, IF(F11 = (E$7+F$7),1,0)) -> 0 | G14: =IF(G13 = 0, 0, IF(G11 = (G$7+H$7),1,0)) -> 0 | H14: =IF(H13 = 0, 0, IF(H11 = (G$7+H$7),1,0)) -> 0 | I14: =IF(I13 = 0, 0, IF(I11 = (I$7+J$7),1,0)) -> 0 | J14: =IF(J13 = 0, 0, IF(J11 = (I$7+J$7),1,0)) -> 0 | K14: =IF(K13 = 0, 0, IF(K11 = (K$7+L$7),1,0)) -> 0 | L14: =IF(L13 = 0, 0, IF(L11 = (K$7+L$7),1,0)) -> 0 | M14: =IF(M13 = 0, 0, IF(M11 = (M$7+N$7),1,0)) -> 0 | N14: =IF(N13 = 0, 0, IF(N11 = (M$7+N$7),1,0)) -> 1 | O14: =IF(O13 = 0, 0, IF(O11 = (O$7+P$7),1,0)) -> 0 | P14: =IF(P13 = 0, 0, IF(P11 = (O$7+P$7),1,0)) -> 0 | Q14: =IF(Q13 = 0, 0, IF(Q11 = (Q$7+R$7),1,0)) -> 0 | R14: =IF(R13 = 0, 0, IF(R11 = (Q$7+R$7),1,0)) -> 0 | T14: =IF(T13 = 0, 0, IF(T11 = (T$7+U$7),1,0)) -> 1 | U14: =IF(U13 = 0, 0, IF(U11 = (T$7+U$7),1,0)) -> 0 | V14: =IF(V13 = 0, 0, IF(V11 = (V$7+W$7),1,0)) -> 0 | W14: =IF(W13 = 0, 0, IF(W11 = (V$7+W$7),1,0)) -> 0 | X14: =IF(X13 = 0, 0, IF(X11 = (X$7+Y$7),1,0)) -> 0 | Y14: =IF(Y13 = 0, 0, IF(Y11 = (X$7+Y$7),1,0)) -> 0 | Z14: =IF(Z13 = 0, 0, IF(Z11 = (Z$7+AA$7),1,0)) -> 0 | AA14: =IF(AA13 = 0, 0, IF(AA11 = (Z$7+AA$7),1,0)) -> 0 | AC14: =IF(AC13 = 0, 0, IF(AC11 = (AC$7+AD$7),1,0)) -> 0 | AD14: =IF(AD13 = 0, 0, IF(AD11 = (AC$7+AD$7),1,0)) -> 0 | AE14: =IF(AE13 = 0, 0, IF(AE11 = (AE$7+AF$7),1,0)) -> 0 | AF14: =IF(AF13 = 0, 0, IF(AF11 = (AE$7+AF$7),1,0)) -> 0 | AH14: =IF(AH13 = 0, 0, IF(AH11 = (AH$7+AI$7),1,0)) -> 0 | AI14: =IF(AI13 = 0, 0, IF(AI11 = (AH$7+AI$7),1,0)) -> 1 | AK14: =SUM(C14:AI14) -> 4
A15: =RANK(AL15,$AL$11:$AL$98,) -> 2 | B15: Jean-Christophe Pichot | C15: 5 | E15: 5 | G15: 5 | J15: 6 | K15: 5 | N15: 6 | O15: 5 | R15: 6 | S15: =SUM(C16:R16) -> 29 | U15: 6 | V15: 5 | X15: 7 | Z15: 7 | AB15: =SUM(T16:AA16) -> 38 | AC15: 6 | AF15: 6 | AG15: =SUM(AC16:AF16) -> 44 | AI15: 6 | AJ15: =AH16 -> 24 | AK15: =MAX($AL$11:$AL$98) - AL15 -> 2 | AL15: =$S15+$AB15+$AG15+$AJ15 -> 135
A16: =RANK(AL16,$AL$11:$AL$98,) -> #N/A | C16: =(IF($C15<>"",($C$7*$O$105)+IF($C$7=4,($O$103)+IF($C15=$C$7+$D$7,$O$104,0),0),0)+IF($D15<>"",($D$7*$O$105)+IF($D$7=4,($O$103)+IF($D15=$C$7+$D$7,$O$104,0),0),0)) -> 0 | E16: =(IF($E15<>"",($E$7*$O$105)+IF($E$7=4,($O$103)+IF($E15=$E$7+$F$7,$O$104,0),0),0)+IF($F15<>"",($F$7*$O$105)+IF($F$7=4,($O$103)+IF($F15=$E$7+$F$7,$O$104,0),0),0)) -> 9 | G16: =(IF($G15<>"",($G$7*$O$105)+IF($G$7=4,($O$103)+IF($G15=$G$7+$H$7,$O$104,0),0),0)+IF($H15<>"",($H$7*$O$105)+IF($H$7=4,($O$103)+IF($H15=$G$7+$H$7,$O$104,0),0),0)) -> 3 | I16: =(IF($I15<>"",($I$7*$O$105)+IF($I$7=4,($O$103)+IF($I15=$I$7+$J$7,$O$104,0),0),0)+IF($J15<>"",($J$7*$O$105)+IF($J$7=4,($O$103)+IF($J15=$I$7+$J$7,$O$104,0),0),0)) -> 0 | K16: =(IF($K15<>"",($K$7*$O$105)+IF($K$7=4,($O$103)+IF($K15=$K$7+$L$7,$O$104,0),0),0)+IF($L15<>"",($L$7*$O$105)+IF($L$7=4,($O$103)+IF($L15=$K$7+$L$7,$O$104,0),0),0)) -> 1 | M16: =(IF($M15<>"",($M$7*$O$105)+IF($M$7=4,($O$103)+IF($M15=$M$7+$N$7,$O$104,0),0),0)+IF($N15<>"",($N$7*$O$105)+IF($N$7=4,($O$103)+IF($N15=$M$7+$N$7,$O$104,0),0),0)) -> 11 | O16: =(IF($O15<>"",($O$7*$O$105)+IF($O$7=4,($O$103)+IF($O15=$O$7+$P$7,$O$104,0),0),0)+IF($P15<>"",($P$7*$O$105)+IF($P$7=4,($O$103)+IF($P15=$O$7+$P$7,$O$104,0),0),0)) -> 2 | Q16: =(IF($Q15<>"",($Q$7*$O$105)+IF($Q$7=4,($O$103)+IF($Q15=$Q$7+$R$7,$O$104,0),0),0)+IF($R15<>"",($R$7*$O$105)+IF($R$7=4,($O$103)+IF($R15=$Q$7+$R$7,$O$104,0),0),0)) -> 3 | T16: =(IF($T15<>"",($T$7*$P$105)+IF($T$7=4,($P$103)+IF($T15=$T$7+$U$7,$P$104,0),0),0)+IF($U15<>"",($U$7*$P$105)+IF($U$7=4,($P$103)+IF($U15=$T$7+$U$7,$P$104,0),0),0)) -> 2 | V16: =(IF($V15<>"",($V$7*$P$105)+IF($V$7=4,($P$103)+IF($V15=$V$7+$W$7,$P$104,0),0),0)+IF($W15<>"",($W$7*$P$105)+IF($W$7=4,($P$103)+IF($W15=$V$7+$W$7,$P$104,0),0),0)) -> 0 | X16: =(IF($X15<>"",($X$7*$P$105)+IF($X$7=4,($P$103)+IF($X15=$X$7+$Y$7,$P$104,0),0),0)+IF($Y15<>"",($Y$7*$P$105)+IF($Y$7=4,($P$103)+IF($Y15=$X$7+$Y$7,$P$104,0),0),0)) -> 18 | Z16: =(IF($Z15<>"",($Z$7*$P$105)+IF($Z$7=4,($P$103)+IF($Z15=$Z$7+$AA$7,$P$104,0),0),0)+IF($AA15<>"",($AA$7*$P$105)+IF($AA$7=4,($P$103)+IF($AA15=$Z$7+$AA$7,$P$104,0),0),0)) -> 18 | AC16: =(IF($AC15<>"",($AC$7*$Q$105)+IF($AC$7=4,($Q$103)+IF($AC15=$AC$7+$AD$7,$Q$104,0),0),0)+IF($AD15<>"",($AD$7*$Q$105)+IF($AD$7=4,($Q$103)+IF($AD15=$AC$7+$AD$7,$Q$104,0),0),0)) -> 19 | AE16: =(IF($AE15<>"",($AE$7*$Q$105)+IF($AE$7=4,($Q$103)+IF($AE15=$AE$7+$AF$7,$Q$104,0),0),0)+IF($AF15<>"",($AF$7*$Q$105)+IF($AF$7=4,($Q$103)+IF($AF15=$AE$7+$AF$7,$Q$104,0),0),0)) -> 25 | AH16: =(IF($AH15<>"",($AH$7*$Q$105)+IF($AH$7=4,($R$103)+IF($AH15=$AH$7+$AI$7,$R$104,0),0),0)+IF($AI15<>"",($AI$7*$R$105)+IF($AI$7=4,($R$103)+IF($AI15=$AH$7+$AI$7,$R$104,0),0),0)) -> 24 | AK16: =MAX($AL$11:$AL$98) - AL16 -> 137
B17: Prédiction équipe | C17: =IF(ISBLANK(C15), 0, IF(C$7= 4, 1, 0)) -> 0 | D17: =IF(ISBLANK(D15), 0, IF(D$7 = 4, 1, 0)) -> 0 | E17: =IF(ISBLANK(E15), 0, IF(E$7= 4, 1, 0)) -> 1 | F17: =IF(ISBLANK(F15), 0, IF(F$7 = 4, 1, 0)) -> 0 | G17: =IF(ISBLANK(G15), 0, IF(G$7= 4, 1, 0)) -> 0 | H17: =IF(ISBLANK(H15), 0, IF(H$7 = 4, 1, 0)) -> 0 | I17: =IF(ISBLANK(I15), 0, IF(I$7= 4, 1, 0)) -> 0 | J17: =IF(ISBLANK(J15), 0, IF(J$7 = 4, 1, 0)) -> 0 | K17: =IF(ISBLANK(K15), 0, IF(K$7= 4, 1, 0)) -> 0 | L17: =IF(ISBLANK(L15), 0, IF(L$7 = 4, 1, 0)) -> 0 | M17: =IF(ISBLANK(M15), 0, IF(M$7= 4, 1, 0)) -> 0 | N17: =IF(ISBLANK(N15), 0, IF(N$7 = 4, 1, 0)) -> 1 | O17: =IF(ISBLANK(O15), 0, IF(O$7= 4, 1, 0)) -> 0 | P17: =IF(ISBLANK(P15), 0, IF(P$7 = 4, 1, 0)) -> 0 | Q17: =IF(ISBLANK(Q15), 0, IF(Q$7= 4, 1, 0)) -> 0 | R17: =IF(ISBLANK(R15), 0, IF(R$7 = 4, 1, 0)) -> 0 | T17: =IF(ISBLANK(T15), 0, IF(T$7= 4, 1, 0)) -> 0 | U17: =IF(ISBLANK(U15), 0, IF(U$7 = 4, 1, 0)) -> 0 | V17: =IF(ISBLANK(V15), 0, IF(V$7= 4, 1, 0)) -> 0 | W17: =IF(ISBLANK(W15), 0, IF(W$7 = 4, 1, 0)) -> 0 | X17: =IF(ISBLANK(X15), 0, IF(X$7= 4, 1, 0)) -> 1 | Y17: =IF(ISBLANK(Y15), 0, IF(Y$7 = 4, 1, 0)) -> 0 | Z17: =IF(ISBLANK(Z15), 0, IF(Z$7= 4, 1, 0)) -> 1 | AA17: =IF(ISBLANK(AA15), 0, IF(AA$7 = 4, 1, 0)) -> 0 | AC17: =IF(ISBLANK(AC15), 0, IF(AC$7= 4, 1, 0)) -> 1 | AD17: =IF(ISBLANK(AD15), 0, IF(AD$7 = 4, 1, 0)) -> 0 | AE17: =IF(ISBLANK(AE15), 0, IF(AE$7= 4, 1, 0)) -> 0 | AF17: =IF(ISBLANK(AF15), 0, IF(AF$7 = 4, 1, 0)) -> 1 | AH17: =IF(ISBLANK(AH15), 0, IF(AH$7= 4, 1, 0)) -> 0 | AI17: =IF(ISBLANK(AI15), 0, IF(AI$7 = 4, 1, 0)) -> 1 | AK17: =SUM(C17:AI17) -> 7
B18: Prédiciton nb matchs | C18: =IF(C17 = 0, 0, IF(C15 = (C$7+D$7),1,0)) -> 0 | D18: =IF(D17 = 0, 0, IF(D15 = (C$7+D$7),1,0)) -> 0 | E18: =IF(E17 = 0, 0, IF(E15 = (E$7+F$7),1,0)) -> 0 | F18: =IF(F17 = 0, 0, IF(F15 = (E$7+F$7),1,0)) -> 0 | G18: =IF(G17 = 0, 0, IF(G15 = (G$7+H$7),1,0)) -> 0 | H18: =IF(H17 = 0, 0, IF(H15 = (G$7+H$7),1,0)) -> 0 | I18: =IF(I17 = 0, 0, IF(I15 = (I$7+J$7),1,0)) -> 0 | J18: =IF(J17 = 0, 0, IF(J15 = (I$7+J$7),1,0)) -> 0 | K18: =IF(K17 = 0, 0, IF(K15 = (K$7+L$7),1,0)) -> 0 | L18: =IF(L17 = 0, 0, IF(L15 = (K$7+L$7),1,0)) -> 0 | M18: =IF(M17 = 0, 0, IF(M15 = (M$7+N$7),1,0)) -> 0 | N18: =IF(N17 = 0, 0, IF(N15 = (M$7+N$7),1,0)) -> 1 | O18: =IF(O17 = 0, 0, IF(O15 = (O$7+P$7),1,0)) -> 0 | P18: =IF(P17 = 0, 0, IF(P15 = (O$7+P$7),1,0)) -> 0 | Q18: =IF(Q17 = 0, 0, IF(Q15 = (Q$7+R$7),1,0)) -> 0 | R18: =IF(R17 = 0, 0, IF(R15 = (Q$7+R$7),1,0)) -> 0 | T18: =IF(T17 = 0, 0, IF(T15 = (T$7+U$7),1,0)) -> 0 | U18: =IF(U17 = 0, 0, IF(U15 = (T$7+U$7),1,0)) -> 0 | V18: =IF(V17 = 0, 0, IF(V15 = (V$7+W$7),1,0)) -> 0 | W18: =IF(W17 = 0, 0, IF(W15 = (V$7+W$7),1,0)) -> 0 | X18: =IF(X17 = 0, 0, IF(X15 = (X$7+Y$7),1,0)) -> 1 | Y18: =IF(Y17 = 0, 0, IF(Y15 = (X$7+Y$7),1,0)) -> 0 | Z18: =IF(Z17 = 0, 0, IF(Z15 = (Z$7+AA$7),1,0)) -> 1 | AA18: =IF(AA17 = 0, 0, IF(AA15 = (Z$7+AA$7),1,0)) -> 0 | AC18: =IF(AC17 = 0, 0, IF(AC15 = (AC$7+AD$7),1,0)) -> 0 | AD18: =IF(AD17 = 0, 0, IF(AD15 = (AC$7+AD$7),1,0)) -> 0 | AE18: =IF(AE17 = 0, 0, IF(AE15 = (AE$7+AF$7),1,0)) -> 0 | AF18: =IF(AF17 = 0, 0, IF(AF15 = (AE$7+AF$7),1,0)) -> 1 | AH18: =IF(AH17 = 0, 0, IF(AH15 = (AH$7+AI$7),1,0)) -> 0 | AI18: =IF(AI17 = 0, 0, IF(AI15 = (AH$7+AI$7),1,0)) -> 0 | AK18: =SUM(C18:AI18) -> 4
A19: =RANK(AL19,$AL$11:$AL$98,) -> 3 | B19: Alex Levac | C19: 7 | E19: 6 | H19: 6 | J19: 7 | K19: 5 | M19: 7 | O19: 6 | Q19: 6 | S19: =SUM(C20:R20) -> 32 | U19: 7 | W19: 6 | X19: 7 | Z19: 6 | AB19: =SUM(T20:AA20) -> 48 | AC19: 5 | AF19: 6 | AG19: =SUM(AC20:AF20) -> 44 | AH19: 6 | AJ19: =AH20 -> 3 | AK19: =MAX($AL$11:$AL$98) - AL19 -> 10 | AL19: =$S19+$AB19+$AG19+$AJ19 -> 127
A20: =RANK(AL20,$AL$11:$AL$98,) -> #N/A | C20: =(IF($C19<>"",($C$7*$O$105)+IF($C$7=4,($O$103)+IF($C19=$C$7+$D$7,$O$104,0),0),0)+IF($D19<>"",($D$7*$O$105)+IF($D$7=4,($O$103)+IF($D19=$C$7+$D$7,$O$104,0),0),0)) -> 0 | E20: =(IF($E19<>"",($E$7*$O$105)+IF($E$7=4,($O$103)+IF($E19=$E$7+$F$7,$O$104,0),0),0)+IF($F19<>"",($F$7*$O$105)+IF($F$7=4,($O$103)+IF($F19=$E$7+$F$7,$O$104,0),0),0)) -> 9 | G20: =(IF($G19<>"",($G$7*$O$105)+IF($G$7=4,($O$103)+IF($G19=$G$7+$H$7,$O$104,0),0),0)+IF($H19<>"",($H$7*$O$105)+IF($H$7=4,($O$103)+IF($H19=$G$7+$H$7,$O$104,0),0),0)) -> 9 | I20: =(IF($I19<>"",($I$7*$O$105)+IF($I$7=4,($O$103)+IF($I19=$I$7+$J$7,$O$104,0),0),0)+IF($J19<>"",($J$7*$O$105)+IF($J$7=4,($O$103)+IF($J19=$I$7+$J$7,$O$104,0),0),0)) -> 0 | K20: =(IF($K19<>"",($K$7*$O$105)+IF($K$7=4,($O$103)+IF($K19=$K$7+$L$7,$O$104,0),0),0)+IF($L19<>"",($L$7*$O$105)+IF($L$7=4,($O$103)+IF($L19=$K$7+$L$7,$O$104,0),0),0)) -> 1 | M20: =(IF($M19<>"",($M$7*$O$105)+IF($M$7=4,($O$103)+IF($M19=$M$7+$N$7,$O$104,0),0),0)+IF($N19<>"",($N$7*$O$105)+IF($N$7=4,($O$103)+IF($N19=$M$7+$N$7,$O$104,0),0),0)) -> 2 | O20: =(IF($O19<>"",($O$7*$O$105)+IF($O$7=4,($O$103)+IF($O19=$O$7+$P$7,$O$104,0),0),0)+IF($P19<>"",($P$7*$O$105)+IF($P$7=4,($O$103)+IF($P19=$O$7+$P$7,$O$104,0),0),0)) -> 2 | Q20: =(IF($Q19<>"",($Q$7*$O$105)+IF($Q$7=4,($O$103)+IF($Q19=$Q$7+$R$7,$O$104,0),0),0)+IF($R19<>"",($R$7*$O$105)+IF($R$7=4,($O$103)+IF($R19=$Q$7+$R$7,$O$104,0),0),0)) -> 9 | T20: =(IF($T19<>"",($T$7*$P$105)+IF($T$7=4,($P$103)+IF($T19=$T$7+$U$7,$P$104,0),0),0)+IF($U19<>"",($U$7*$P$105)+IF($U$7=4,($P$103)+IF($U19=$T$7+$U$7,$P$104,0),0),0)) -> 2 | V20: =(IF($V19<>"",($V$7*$P$105)+IF($V$7=4,($P$103)+IF($V19=$V$7+$W$7,$P$104,0),0),0)+IF($W19<>"",($W$7*$P$105)+IF($W$7=4,($P$103)+IF($W19=$V$7+$W$7,$P$104,0),0),0)) -> 14 | X20: =(IF($X19<>"",($X$7*$P$105)+IF($X$7=4,($P$103)+IF($X19=$X$7+$Y$7,$P$104,0),0),0)+IF($Y19<>"",($Y$7*$P$105)+IF($Y$7=4,($P$103)+IF($Y19=$X$7+$Y$7,$P$104,0),0),0)) -> 18 | Z20: =(IF($Z19<>"",($Z$7*$P$105)+IF($Z$7=4,($P$103)+IF($Z19=$Z$7+$AA$7,$P$104,0),0),0)+IF($AA19<>"",($AA$7*$P$105)+IF($AA$7=4,($P$103)+IF($AA19=$Z$7+$AA$7,$P$104,0),0),0)) -> 14 | AC20: =(IF($AC19<>"",($AC$7*$Q$105)+IF($AC$7=4,($Q$103)+IF($AC19=$AC$7+$AD$7,$Q$104,0),0),0)+IF($AD19<>"",($AD$7*$Q$105)+IF($AD$7=4,($Q$103)+IF($AD19=$AC$7+$AD$7,$Q$104,0),0),0)) -> 19 | AE20: =(IF($AE19<>"",($AE$7*$Q$105)+IF($AE$7=4,($Q$103)+IF($AE19=$AE$7+$AF$7,$Q$104,0),0),0)+IF($AF19<>"",($AF$7*$Q$105)+IF($AF$7=4,($Q$103)+IF($AF19=$AE$7+$AF$7,$Q$104,0),0),0)) -> 25 | AH20: =(IF($AH19<>"",($AH$7*$Q$105)+IF($AH$7=4,($R$103)+IF($AH19=$AH$7+$AI$7,$R$104,0),0),0)+IF($AI19<>"",($AI$7*$R$105)+IF($AI$7=4,($R$103)+IF($AI19=$AH$7+$AI$7,$R$104,0),0),0)) -> 3 | AK20: =MAX($AL$11:$AL$98) - AL20 -> 137
B21: Prédiction équipe | C21: =IF(ISBLANK(C19), 0, IF(C$7= 4, 1, 0)) -> 0 | D21: =IF(ISBLANK(D19), 0, IF(D$7 = 4, 1, 0)) -> 0 | E21: =IF(ISBLANK(E19), 0, IF(E$7= 4, 1, 0)) -> 1 | F21: =IF(ISBLANK(F19), 0, IF(F$7 = 4, 1, 0)) -> 0 | G21: =IF(ISBLANK(G19), 0, IF(G$7= 4, 1, 0)) -> 0 | H21: =IF(ISBLANK(H19), 0, IF(H$7 = 4, 1, 0)) -> 1 | I21: =IF(ISBLANK(I19), 0, IF(I$7= 4, 1, 0)) -> 0 | J21: =IF(ISBLANK(J19), 0, IF(J$7 = 4, 1, 0)) -> 0 | K21: =IF(ISBLANK(K19), 0, IF(K$7= 4, 1, 0)) -> 0 | L21: =IF(ISBLANK(L19), 0, IF(L$7 = 4, 1, 0)) -> 0 | M21: =IF(ISBLANK(M19), 0, IF(M$7= 4, 1, 0)) -> 0 | N21: =IF(ISBLANK(N19), 0, IF(N$7 = 4, 1, 0)) -> 0 | O21: =IF(ISBLANK(O19), 0, IF(O$7= 4, 1, 0)) -> 0 | P21: =IF(ISBLANK(P19), 0, IF(P$7 = 4, 1, 0)) -> 0 | Q21: =IF(ISBLANK(Q19), 0, IF(Q$7= 4, 1, 0)) -> 1 | R21: =IF(ISBLANK(R19), 0, IF(R$7 = 4, 1, 0)) -> 0 | T21: =IF(ISBLANK(T19), 0, IF(T$7= 4, 1, 0)) -> 0 | U21: =IF(ISBLANK(U19), 0, IF(U$7 = 4, 1, 0)) -> 0 | V21: =IF(ISBLANK(V19), 0, IF(V$7= 4, 1, 0)) -> 0 | W21: =IF(ISBLANK(W19), 0, IF(W$7 = 4, 1, 0)) -> 1 | X21: =IF(ISBLANK(X19), 0, IF(X$7= 4, 1, 0)) -> 1 | Y21: =IF(ISBLANK(Y19), 0, IF(Y$7 = 4, 1, 0)) -> 0 | Z21: =IF(ISBLANK(Z19), 0, IF(Z$7= 4, 1, 0)) -> 1 | AA21: =IF(ISBLANK(AA19), 0, IF(AA$7 = 4, 1, 0)) -> 0 | AC21: =IF(ISBLANK(AC19), 0, IF(AC$7= 4, 1, 0)) -> 1 | AD21: =IF(ISBLANK(AD19), 0, IF(AD$7 = 4, 1, 0)) -> 0 | AE21: =IF(ISBLANK(AE19), 0, IF(AE$7= 4, 1, 0)) -> 0 | AF21: =IF(ISBLANK(AF19), 0, IF(AF$7 = 4, 1, 0)) -> 1 | AH21: =IF(ISBLANK(AH19), 0, IF(AH$7= 4, 1, 0)) -> 0 | AI21: =IF(ISBLANK(AI19), 0, IF(AI$7 = 4, 1, 0)) -> 0 | AK21: =SUM(C21:AI21) -> 8
B22: Prédiciton nb matchs | C22: =IF(C21 = 0, 0, IF(C19 = (C$7+D$7),1,0)) -> 0 | D22: =IF(D21 = 0, 0, IF(D19 = (C$7+D$7),1,0)) -> 0 | E22: =IF(E21 = 0, 0, IF(E19 = (E$7+F$7),1,0)) -> 0 | F22: =IF(F21 = 0, 0, IF(F19 = (E$7+F$7),1,0)) -> 0 | G22: =IF(G21 = 0, 0, IF(G19 = (G$7+H$7),1,0)) -> 0 | H22: =IF(H21 = 0, 0, IF(H19 = (G$7+H$7),1,0)) -> 0 | I22: =IF(I21 = 0, 0, IF(I19 = (I$7+J$7),1,0)) -> 0 | J22: =IF(J21 = 0, 0, IF(J19 = (I$7+J$7),1,0)) -> 0 | K22: =IF(K21 = 0, 0, IF(K19 = (K$7+L$7),1,0)) -> 0 | L22: =IF(L21 = 0, 0, IF(L19 = (K$7+L$7),1,0)) -> 0 | M22: =IF(M21 = 0, 0, IF(M19 = (M$7+N$7),1,0)) -> 0 | N22: =IF(N21 = 0, 0, IF(N19 = (M$7+N$7),1,0)) -> 0 | O22: =IF(O21 = 0, 0, IF(O19 = (O$7+P$7),1,0)) -> 0 | P22: =IF(P21 = 0, 0, IF(P19 = (O$7+P$7),1,0)) -> 0 | Q22: =IF(Q21 = 0, 0, IF(Q19 = (Q$7+R$7),1,0)) -> 0 | R22: =IF(R21 = 0, 0, IF(R19 = (Q$7+R$7),1,0)) -> 0 | T22: =IF(T21 = 0, 0, IF(T19 = (T$7+U$7),1,0)) -> 0 | U22: =IF(U21 = 0, 0, IF(U19 = (T$7+U$7),1,0)) -> 0 | V22: =IF(V21 = 0, 0, IF(V19 = (V$7+W$7),1,0)) -> 0 | W22: =IF(W21 = 0, 0, IF(W19 = (V$7+W$7),1,0)) -> 0 | X22: =IF(X21 = 0, 0, IF(X19 = (X$7+Y$7),1,0)) -> 1 | Y22: =IF(Y21 = 0, 0, IF(Y19 = (X$7+Y$7),1,0)) -> 0 | Z22: =IF(Z21 = 0, 0, IF(Z19 = (Z$7+AA$7),1,0)) -> 0 | AA22: =IF(AA21 = 0, 0, IF(AA19 = (Z$7+AA$7),1,0)) -> 0 | AC22: =IF(AC21 = 0, 0, IF(AC19 = (AC$7+AD$7),1,0)) -> 0 | AD22: =IF(AD21 = 0, 0, IF(AD19 = (AC$7+AD$7),1,0)) -> 0 | AE22: =IF(AE21 = 0, 0, IF(AE19 = (AE$7+AF$7),1,0)) -> 0 | AF22: =IF(AF21 = 0, 0, IF(AF19 = (AE$7+AF$7),1,0)) -> 1 | AH22: =IF(AH21 = 0, 0, IF(AH19 = (AH$7+AI$7),1,0)) -> 0 | AI22: =IF(AI21 = 0, 0, IF(AI19 = (AH$7+AI$7),1,0)) -> 0 | AK22: =SUM(C22:AI22) -> 2
A23: =RANK(AL23,$AL$11:$AL$98,) -> 4 | B23: Pierre Daoust | C23: 5 | E23: 6 | H23: 7 | J23: 6 | K23: 5 | N23: 7 | O23: 5 | R23: 6 | S23: =SUM(C24:R24) -> 35 | U23: 7 | W23: 7 | X23: 6 | Z23: 6 | AB23: =SUM(T24:AA24) -> 44 | AC23: 7 | AF23: 7 | AG23: =SUM(AC24:AF24) -> 38 | AH23: 6 | AJ23: =AH24 -> 3 | AK23: =MAX($AL$11:$AL$98) - AL23 -> 17 | AL23: =$S23+$AB23+$AG23+$AJ23 -> 120
A24: =RANK(AL24,$AL$11:$AL$98,) -> #N/A | C24: =(IF($C23<>"",($C$7*$O$105)+IF($C$7=4,($O$103)+IF($C23=$C$7+$D$7,$O$104,0),0),0)+IF($D23<>"",($D$7*$O$105)+IF($D$7=4,($O$103)+IF($D23=$C$7+$D$7,$O$104,0),0),0)) -> 0 | E24: =(IF($E23<>"",($E$7*$O$105)+IF($E$7=4,($O$103)+IF($E23=$E$7+$F$7,$O$104,0),0),0)+IF($F23<>"",($F$7*$O$105)+IF($F$7=4,($O$103)+IF($F23=$E$7+$F$7,$O$104,0),0),0)) -> 9 | G24: =(IF($G23<>"",($G$7*$O$105)+IF($G$7=4,($O$103)+IF($G23=$G$7+$H$7,$O$104,0),0),0)+IF($H23<>"",($H$7*$O$105)+IF($H$7=4,($O$103)+IF($H23=$G$7+$H$7,$O$104,0),0),0)) -> 11 | I24: =(IF($I23<>"",($I$7*$O$105)+IF($I$7=4,($O$103)+IF($I23=$I$7+$J$7,$O$104,0),0),0)+IF($J23<>"",($J$7*$O$105)+IF($J$7=4,($O$103)+IF($J23=$I$7+$J$7,$O$104,0),0),0)) -> 0 | K24: =(IF($K23<>"",($K$7*$O$105)+IF($K$7=4,($O$103)+IF($K23=$K$7+$L$7,$O$104,0),0),0)+IF($L23<>"",($L$7*$O$105)+IF($L$7=4,($O$103)+IF($L23=$K$7+$L$7,$O$104,0),0),0)) -> 1 | M24: =(IF($M23<>"",($M$7*$O$105)+IF($M$7=4,($O$103)+IF($M23=$M$7+$N$7,$O$104,0),0),0)+IF($N23<>"",($N$7*$O$105)+IF($N$7=4,($O$103)+IF($N23=$M$7+$N$7,$O$104,0),0),0)) -> 9 | O24: =(IF($O23<>"",($O$7*$O$105)+IF($O$7=4,($O$103)+IF($O23=$O$7+$P$7,$O$104,0),0),0)+IF($P23<>"",($P$7*$O$105)+IF($P$7=4,($O$103)+IF($P23=$O$7+$P$7,$O$104,0),0),0)) -> 2 | Q24: =(IF($Q23<>"",($Q$7*$O$105)+IF($Q$7=4,($O$103)+IF($Q23=$Q$7+$R$7,$O$104,0),0),0)+IF($R23<>"",($R$7*$O$105)+IF($R$7=4,($O$103)+IF($R23=$Q$7+$R$7,$O$104,0),0),0)) -> 3 | T24: =(IF($T23<>"",($T$7*$P$105)+IF($T$7=4,($P$103)+IF($T23=$T$7+$U$7,$P$104,0),0),0)+IF($U23<>"",($U$7*$P$105)+IF($U$7=4,($P$103)+IF($U23=$T$7+$U$7,$P$104,0),0),0)) -> 2 | V24: =(IF($V23<>"",($V$7*$P$105)+IF($V$7=4,($P$103)+IF($V23=$V$7+$W$7,$P$104,0),0),0)+IF($W23<>"",($W$7*$P$105)+IF($W$7=4,($P$103)+IF($W23=$V$7+$W$7,$P$104,0),0),0)) -> 14 | X24: =(IF($X23<>"",($X$7*$P$105)+IF($X$7=4,($P$103)+IF($X23=$X$7+$Y$7,$P$104,0),0),0)+IF($Y23<>"",($Y$7*$P$105)+IF($Y$7=4,($P$103)+IF($Y23=$X$7+$Y$7,$P$104,0),0),0)) -> 14 | Z24: =(IF($Z23<>"",($Z$7*$P$105)+IF($Z$7=4,($P$103)+IF($Z23=$Z$7+$AA$7,$P$104,0),0),0)+IF($AA23<>"",($AA$7*$P$105)+IF($AA$7=4,($P$103)+IF($AA23=$Z$7+$AA$7,$P$104,0),0),0)) -> 14 | AC24: =(IF($AC23<>"",($AC$7*$Q$105)+IF($AC$7=4,($Q$103)+IF($AC23=$AC$7+$AD$7,$Q$104,0),0),0)+IF($AD23<>"",($AD$7*$Q$105)+IF($AD$7=4,($Q$103)+IF($AD23=$AC$7+$AD$7,$Q$104,0),0),0)) -> 19 | AE24: =(IF($AE23<>"",($AE$7*$Q$105)+IF($AE$7=4,($Q$103)+IF($AE23=$AE$7+$AF$7,$Q$104,0),0),0)+IF($AF23<>"",($AF$7*$Q$105)+IF($AF$7=4,($Q$103)+IF($AF23=$AE$7+$AF$7,$Q$104,0),0),0)) -> 19 | AH24: =(IF($AH23<>"",($AH$7*$Q$105)+IF($AH$7=4,($R$103)+IF($AH23=$AH$7+$AI$7,$R$104,0),0),0)+IF($AI23<>"",($AI$7*$R$105)+IF($AI$7=4,($R$103)+IF($AI23=$AH$7+$AI$7,$R$104,0),0),0)) -> 3 | AK24: =MAX($AL$11:$AL$98) - AL24 -> 137
B25: Prédiction équipe | C25: =IF(ISBLANK(C23), 0, IF(C$7= 4, 1, 0)) -> 0 | D25: =IF(ISBLANK(D23), 0, IF(D$7 = 4, 1, 0)) -> 0 | E25: =IF(ISBLANK(E23), 0, IF(E$7= 4, 1, 0)) -> 1 | F25: =IF(ISBLANK(F23), 0, IF(F$7 = 4, 1, 0)) -> 0 | G25: =IF(ISBLANK(G23), 0, IF(G$7= 4, 1, 0)) -> 0 | H25: =IF(ISBLANK(H23), 0, IF(H$7 = 4, 1, 0)) -> 1 | I25: =IF(ISBLANK(I23), 0, IF(I$7= 4, 1, 0)) -> 0 | J25: =IF(ISBLANK(J23), 0, IF(J$7 = 4, 1, 0)) -> 0 | K25: =IF(ISBLANK(K23), 0, IF(K$7= 4, 1, 0)) -> 0 | L25: =IF(ISBLANK(L23), 0, IF(L$7 = 4, 1, 0)) -> 0 | M25: =IF(ISBLANK(M23), 0, IF(M$7= 4, 1, 0)) -> 0 | N25: =IF(ISBLANK(N23), 0, IF(N$7 = 4, 1, 0)) -> 1 | O25: =IF(ISBLANK(O23), 0, IF(O$7= 4, 1, 0)) -> 0 | P25: =IF(ISBLANK(P23), 0, IF(P$7 = 4, 1, 0)) -> 0 | Q25: =IF(ISBLANK(Q23), 0, IF(Q$7= 4, 1, 0)) -> 0 | R25: =IF(ISBLANK(R23), 0, IF(R$7 = 4, 1, 0)) -> 0 | T25: =IF(ISBLANK(T23), 0, IF(T$7= 4, 1, 0)) -> 0 | U25: =IF(ISBLANK(U23), 0, IF(U$7 = 4, 1, 0)) -> 0 | V25: =IF(ISBLANK(V23), 0, IF(V$7= 4, 1, 0)) -> 0 | W25: =IF(ISBLANK(W23), 0, IF(W$7 = 4, 1, 0)) -> 1 | X25: =IF(ISBLANK(X23), 0, IF(X$7= 4, 1, 0)) -> 1 | Y25: =IF(ISBLANK(Y23), 0, IF(Y$7 = 4, 1, 0)) -> 0 | Z25: =IF(ISBLANK(Z23), 0, IF(Z$7= 4, 1, 0)) -> 1 | AA25: =IF(ISBLANK(AA23), 0, IF(AA$7 = 4, 1, 0)) -> 0 | AC25: =IF(ISBLANK(AC23), 0, IF(AC$7= 4, 1, 0)) -> 1 | AD25: =IF(ISBLANK(AD23), 0, IF(AD$7 = 4, 1, 0)) -> 0 | AE25: =IF(ISBLANK(AE23), 0, IF(AE$7= 4, 1, 0)) -> 0 | AF25: =IF(ISBLANK(AF23), 0, IF(AF$7 = 4, 1, 0)) -> 1 | AH25: =IF(ISBLANK(AH23), 0, IF(AH$7= 4, 1, 0)) -> 0 | AI25: =IF(ISBLANK(AI23), 0, IF(AI$7 = 4, 1, 0)) -> 0 | AK25: =SUM(C25:AI25) -> 8
B26: Prédiciton nb matchs | C26: =IF(C25 = 0, 0, IF(C23 = (C$7+D$7),1,0)) -> 0 | D26: =IF(D25 = 0, 0, IF(D23 = (C$7+D$7),1,0)) -> 0 | E26: =IF(E25 = 0, 0, IF(E23 = (E$7+F$7),1,0)) -> 0 | F26: =IF(F25 = 0, 0, IF(F23 = (E$7+F$7),1,0)) -> 0 | G26: =IF(G25 = 0, 0, IF(G23 = (G$7+H$7),1,0)) -> 0 | H26: =IF(H25 = 0, 0, IF(H23 = (G$7+H$7),1,0)) -> 1 | I26: =IF(I25 = 0, 0, IF(I23 = (I$7+J$7),1,0)) -> 0 | J26: =IF(J25 = 0, 0, IF(J23 = (I$7+J$7),1,0)) -> 0 | K26: =IF(K25 = 0, 0, IF(K23 = (K$7+L$7),1,0)) -> 0 | L26: =IF(L25 = 0, 0, IF(L23 = (K$7+L$7),1,0)) -> 0 | M26: =IF(M25 = 0, 0, IF(M23 = (M$7+N$7),1,0)) -> 0 | N26: =IF(N25 = 0, 0, IF(N23 = (M$7+N$7),1,0)) -> 0 | O26: =IF(O25 = 0, 0, IF(O23 = (O$7+P$7),1,0)) -> 0 | P26: =IF(P25 = 0, 0, IF(P23 = (O$7+P$7),1,0)) -> 0 | Q26: =IF(Q25 = 0, 0, IF(Q23 = (Q$7+R$7),1,0)) -> 0 | R26: =IF(R25 = 0, 0, IF(R23 = (Q$7+R$7),1,0)) -> 0 | T26: =IF(T25 = 0, 0, IF(T23 = (T$7+U$7),1,0)) -> 0 | U26: =IF(U25 = 0, 0, IF(U23 = (T$7+U$7),1,0)) -> 0 | V26: =IF(V25 = 0, 0, IF(V23 = (V$7+W$7),1,0)) -> 0 | W26: =IF(W25 = 0, 0, IF(W23 = (V$7+W$7),1,0)) -> 0 | X26: =IF(X25 = 0, 0, IF(X23 = (X$7+Y$7),1,0)) -> 0 | Y26: =IF(Y25 = 0, 0, IF(Y23 = (X$7+Y$7),1,0)) -> 0 | Z26: =IF(Z25 = 0, 0, IF(Z23 = (Z$7+AA$7),1,0)) -> 0 | AA26: =IF(AA25 = 0, 0, IF(AA23 = (Z$7+AA$7),1,0)) -> 0 | AC26: =IF(AC25 = 0, 0, IF(AC23 = (AC$7+AD$7),1,0)) -> 0 | AD26: =IF(AD25 = 0, 0, IF(AD23 = (AC$7+AD$7),1,0)) -> 0 | AE26: =IF(AE25 = 0, 0, IF(AE23 = (AE$7+AF$7),1,0)) -> 0 | AF26: =IF(AF25 = 0, 0, IF(AF23 = (AE$7+AF$7),1,0)) -> 0 | AH26: =IF(AH25 = 0, 0, IF(AH23 = (AH$7+AI$7),1,0)) -> 0 | AI26: =IF(AI25 = 0, 0, IF(AI23 = (AH$7+AI$7),1,0)) -> 0 | AK26: =SUM(C26:AI26) -> 1
A27: =RANK(AL27,$AL$11:$AL$98,) -> 5 | B27: Pierre Trépanier | C27: 5 | E27: 6 | G27: 6 | J27: 7 | K27: 5 | N27: 6 | O27: 7 | R27: 6 | S27: =SUM(C28:R28) -> 29 | U27: 6 | V27: 5 | Y27: 5 | Z27: 6 | AB27: =SUM(T28:AA28) -> 19 | AC27: 6 | AF27: 6 | AG27: =SUM(AC28:AF28) -> 44 | AI27: 5 | AJ27: =AH28 -> 24 | AK27: =MAX($AL$11:$AL$98) - AL27 -> 21 | AL27: =$S27+$AB27+$AG27+$AJ27 -> 116
A28: =RANK(AL28,$AL$11:$AL$98,) -> #N/A | C28: =(IF($C27<>"",($C$7*$O$105)+IF($C$7=4,($O$103)+IF($C27=$C$7+$D$7,$O$104,0),0),0)+IF($D27<>"",($D$7*$O$105)+IF($D$7=4,($O$103)+IF($D27=$C$7+$D$7,$O$104,0),0),0)) -> 0 | E28: =(IF($E27<>"",($E$7*$O$105)+IF($E$7=4,($O$103)+IF($E27=$E$7+$F$7,$O$104,0),0),0)+IF($F27<>"",($F$7*$O$105)+IF($F$7=4,($O$103)+IF($F27=$E$7+$F$7,$O$104,0),0),0)) -> 9 | G28: =(IF($G27<>"",($G$7*$O$105)+IF($G$7=4,($O$103)+IF($G27=$G$7+$H$7,$O$104,0),0),0)+IF($H27<>"",($H$7*$O$105)+IF($H$7=4,($O$103)+IF($H27=$G$7+$H$7,$O$104,0),0),0)) -> 3 | I28: =(IF($I27<>"",($I$7*$O$105)+IF($I$7=4,($O$103)+IF($I27=$I$7+$J$7,$O$104,0),0),0)+IF($J27<>"",($J$7*$O$105)+IF($J$7=4,($O$103)+IF($J27=$I$7+$J$7,$O$104,0),0),0)) -> 0 | K28: =(IF($K27<>"",($K$7*$O$105)+IF($K$7=4,($O$103)+IF($K27=$K$7+$L$7,$O$104,0),0),0)+IF($L27<>"",($L$7*$O$105)+IF($L$7=4,($O$103)+IF($L27=$K$7+$L$7,$O$104,0),0),0)) -> 1 | M28: =(IF($M27<>"",($M$7*$O$105)+IF($M$7=4,($O$103)+IF($M27=$M$7+$N$7,$O$104,0),0),0)+IF($N27<>"",($N$7*$O$105)+IF($N$7=4,($O$103)+IF($N27=$M$7+$N$7,$O$104,0),0),0)) -> 11 | O28: =(IF($O27<>"",($O$7*$O$105)+IF($O$7=4,($O$103)+IF($O27=$O$7+$P$7,$O$104,0),0),0)+IF($P27<>"",($P$7*$O$105)+IF($P$7=4,($O$103)+IF($P27=$O$7+$P$7,$O$104,0),0),0)) -> 2 | Q28: =(IF($Q27<>"",($Q$7*$O$105)+IF($Q$7=4,($O$103)+IF($Q27=$Q$7+$R$7,$O$104,0),0),0)+IF($R27<>"",($R$7*$O$105)+IF($R$7=4,($O$103)+IF($R27=$Q$7+$R$7,$O$104,0),0),0)) -> 3 | T28: =(IF($T27<>"",($T$7*$P$105)+IF($T$7=4,($P$103)+IF($T27=$T$7+$U$7,$P$104,0),0),0)+IF($U27<>"",($U$7*$P$105)+IF($U$7=4,($P$103)+IF($U27=$T$7+$U$7,$P$104,0),0),0)) -> 2 | V28: =(IF($V27<>"",($V$7*$P$105)+IF($V$7=4,($P$103)+IF($V27=$V$7+$W$7,$P$104,0),0),0)+IF($W27<>"",($W$7*$P$105)+IF($W$7=4,($P$103)+IF($W27=$V$7+$W$7,$P$104,0),0),0)) -> 0 | X28: =(IF($X27<>"",($X$7*$P$105)+IF($X$7=4,($P$103)+IF($X27=$X$7+$Y$7,$P$104,0),0),0)+IF($Y27<>"",($Y$7*$P$105)+IF($Y$7=4,($P$103)+IF($Y27=$X$7+$Y$7,$P$104,0),0),0)) -> 3 | Z28: =(IF($Z27<>"",($Z$7*$P$105)+IF($Z$7=4,($P$103)+IF($Z27=$Z$7+$AA$7,$P$104,0),0),0)+IF($AA27<>"",($AA$7*$P$105)+IF($AA$7=4,($P$103)+IF($AA27=$Z$7+$AA$7,$P$104,0),0),0)) -> 14 | AC28: =(IF($AC27<>"",($AC$7*$Q$105)+IF($AC$7=4,($Q$103)+IF($AC27=$AC$7+$AD$7,$Q$104,0),0),0)+IF($AD27<>"",($AD$7*$Q$105)+IF($AD$7=4,($Q$103)+IF($AD27=$AC$7+$AD$7,$Q$104,0),0),0)) -> 19 | AE28: =(IF($AE27<>"",($AE$7*$Q$105)+IF($AE$7=4,($Q$103)+IF($AE27=$AE$7+$AF$7,$Q$104,0),0),0)+IF($AF27<>"",($AF$7*$Q$105)+IF($AF$7=4,($Q$103)+IF($AF27=$AE$7+$AF$7,$Q$104,0),0),0)) -> 25 | AH28: =(IF($AH27<>"",($AH$7*$Q$105)+IF($AH$7=4,($R$103)+IF($AH27=$AH$7+$AI$7,$R$104,0),0),0)+IF($AI27<>"",($AI$7*$R$105)+IF($AI$7=4,($R$103)+IF($AI27=$AH$7+$AI$7,$R$104,0),0),0)) -> 24 | AK28: =MAX($AL$11:$AL$98) - AL28 -> 137
B29: Prédiction équipe | C29: =IF(ISBLANK(C27), 0, IF(C$7= 4, 1, 0)) -> 0 | D29: =IF(ISBLANK(D27), 0, IF(D$7 = 4, 1, 0)) -> 0 | E29: =IF(ISBLANK(E27), 0, IF(E$7= 4, 1, 0)) -> 1 | F29: =IF(ISBLANK(F27), 0, IF(F$7 = 4, 1, 0)) -> 0 | G29: =IF(ISBLANK(G27), 0, IF(G$7= 4, 1, 0)) -> 0 | H29: =IF(ISBLANK(H27), 0, IF(H$7 = 4, 1, 0)) -> 0 | I29: =IF(ISBLANK(I27), 0, IF(I$7= 4, 1, 0)) -> 0 | J29: =IF(ISBLANK(J27), 0, IF(J$7 = 4, 1, 0)) -> 0 | K29: =IF(ISBLANK(K27), 0, IF(K$7= 4, 1, 0)) -> 0 | L29: =IF(ISBLANK(L27), 0, IF(L$7 = 4, 1, 0)) -> 0 | M29: =IF(ISBLANK(M27), 0, IF(M$7= 4, 1, 0)) -> 0 | N29: =IF(ISBLANK(N27), 0, IF(N$7 = 4, 1, 0)) -> 1 | O29: =IF(ISBLANK(O27), 0, IF(O$7= 4, 1, 0)) -> 0 | P29: =IF(ISBLANK(P27), 0, IF(P$7 = 4, 1, 0)) -> 0 | Q29: =IF(ISBLANK(Q27), 0, IF(Q$7= 4, 1, 0)) -> 0 | R29: =IF(ISBLANK(R27), 0, IF(R$7 = 4, 1, 0)) -> 0 | T29: =IF(ISBLANK(T27), 0, IF(T$7= 4, 1, 0)) -> 0 | U29: =IF(ISBLANK(U27), 0, IF(U$7 = 4, 1, 0)) -> 0 | V29: =IF(ISBLANK(V27), 0, IF(V$7= 4, 1, 0)) -> 0 | W29: =IF(ISBLANK(W27), 0, IF(W$7 = 4, 1, 0)) -> 0 | X29: =IF(ISBLANK(X27), 0, IF(X$7= 4, 1, 0)) -> 0 | Y29: =IF(ISBLANK(Y27), 0, IF(Y$7 = 4, 1, 0)) -> 0 | Z29: =IF(ISBLANK(Z27), 0, IF(Z$7= 4, 1, 0)) -> 1 | AA29: =IF(ISBLANK(AA27), 0, IF(AA$7 = 4, 1, 0)) -> 0 | AC29: =IF(ISBLANK(AC27), 0, IF(AC$7= 4, 1, 0)) -> 1 | AD29: =IF(ISBLANK(AD27), 0, IF(AD$7 = 4, 1, 0)) -> 0 | AE29: =IF(ISBLANK(AE27), 0, IF(AE$7= 4, 1, 0)) -> 0 | AF29: =IF(ISBLANK(AF27), 0, IF(AF$7 = 4, 1, 0)) -> 1 | AH29: =IF(ISBLANK(AH27), 0, IF(AH$7= 4, 1, 0)) -> 0 | AI29: =IF(ISBLANK(AI27), 0, IF(AI$7 = 4, 1, 0)) -> 1 | AK29: =SUM(C29:AI29) -> 6
B30: Prédiciton nb matchs | C30: =IF(C29 = 0, 0, IF(C27 = (C$7+D$7),1,0)) -> 0 | D30: =IF(D29 = 0, 0, IF(D27 = (C$7+D$7),1,0)) -> 0 | E30: =IF(E29 = 0, 0, IF(E27 = (E$7+F$7),1,0)) -> 0 | F30: =IF(F29 = 0, 0, IF(F27 = (E$7+F$7),1,0)) -> 0 | G30: =IF(G29 = 0, 0, IF(G27 = (G$7+H$7),1,0)) -> 0 | H30: =IF(H29 = 0, 0, IF(H27 = (G$7+H$7),1,0)) -> 0 | I30: =IF(I29 = 0, 0, IF(I27 = (I$7+J$7),1,0)) -> 0 | J30: =IF(J29 = 0, 0, IF(J27 = (I$7+J$7),1,0)) -> 0 | K30: =IF(K29 = 0, 0, IF(K27 = (K$7+L$7),1,0)) -> 0 | L30: =IF(L29 = 0, 0, IF(L27 = (K$7+L$7),1,0)) -> 0 | M30: =IF(M29 = 0, 0, IF(M27 = (M$7+N$7),1,0)) -> 0 | N30: =IF(N29 = 0, 0, IF(N27 = (M$7+N$7),1,0)) -> 1 | O30: =IF(O29 = 0, 0, IF(O27 = (O$7+P$7),1,0)) -> 0 | P30: =IF(P29 = 0, 0, IF(P27 = (O$7+P$7),1,0)) -> 0 | Q30: =IF(Q29 = 0, 0, IF(Q27 = (Q$7+R$7),1,0)) -> 0 | R30: =IF(R29 = 0, 0, IF(R27 = (Q$7+R$7),1,0)) -> 0 | T30: =IF(T29 = 0, 0, IF(T27 = (T$7+U$7),1,0)) -> 0 | U30: =IF(U29 = 0, 0, IF(U27 = (T$7+U$7),1,0)) -> 0 | V30: =IF(V29 = 0, 0, IF(V27 = (V$7+W$7),1,0)) -> 0 | W30: =IF(W29 = 0, 0, IF(W27 = (V$7+W$7),1,0)) -> 0 | X30: =IF(X29 = 0, 0, IF(X27 = (X$7+Y$7),1,0)) -> 0 | Y30: =IF(Y29 = 0, 0, IF(Y27 = (X$7+Y$7),1,0)) -> 0 | Z30: =IF(Z29 = 0, 0, IF(Z27 = (Z$7+AA$7),1,0)) -> 0 | AA30: =IF(AA29 = 0, 0, IF(AA27 = (Z$7+AA$7),1,0)) -> 0 | AC30: =IF(AC29 = 0, 0, IF(AC27 = (AC$7+AD$7),1,0)) -> 0 | AD30: =IF(AD29 = 0, 0, IF(AD27 = (AC$7+AD$7),1,0)) -> 0 | AE30: =IF(AE29 = 0, 0, IF(AE27 = (AE$7+AF$7),1,0)) -> 0 | AF30: =IF(AF29 = 0, 0, IF(AF27 = (AE$7+AF$7),1,0)) -> 1 | AH30: =IF(AH29 = 0, 0, IF(AH27 = (AH$7+AI$7),1,0)) -> 0 | AI30: =IF(AI29 = 0, 0, IF(AI27 = (AH$7+AI$7),1,0)) -> 0 | AK30: =SUM(C30:AI30) -> 2
A31: =RANK(AL31,$AL$11:$AL$98,) -> 6 | B31: Daniel Amyot | C31: 5 | E31: 6 | H31: 7 | J31: 6 | K31: 5 | N31: 6 | O31: 6 | Q31: 6 | S31: =SUM(C32:R32) -> 43 | U31: 6 | V31: 6 | X31: 5 | AA31: 7 | AB31: =SUM(T32:AA32) -> 19 | AC31: 6 | AE31: 6 | AG31: =SUM(AC32:AF32) -> 21 | AI31: 7 | AJ31: =AH32 -> 32 | AK31: =MAX($AL$11:$AL$98) - AL31 -> 22 | AL31: =$S31+$AB31+$AG31+$AJ31 -> 115
A32: =RANK(AL32,$AL$11:$AL$98,) -> #N/A | C32: =(IF($C31<>"",($C$7*$O$105)+IF($C$7=4,($O$103)+IF($C31=$C$7+$D$7,$O$104,0),0),0)+IF($D31<>"",($D$7*$O$105)+IF($D$7=4,($O$103)+IF($D31=$C$7+$D$7,$O$104,0),0),0)) -> 0 | E32: =(IF($E31<>"",($E$7*$O$105)+IF($E$7=4,($O$103)+IF($E31=$E$7+$F$7,$O$104,0),0),0)+IF($F31<>"",($F$7*$O$105)+IF($F$7=4,($O$103)+IF($F31=$E$7+$F$7,$O$104,0),0),0)) -> 9 | G32: =(IF($G31<>"",($G$7*$O$105)+IF($G$7=4,($O$103)+IF($G31=$G$7+$H$7,$O$104,0),0),0)+IF($H31<>"",($H$7*$O$105)+IF($H$7=4,($O$103)+IF($H31=$G$7+$H$7,$O$104,0),0),0)) -> 11 | I32: =(IF($I31<>"",($I$7*$O$105)+IF($I$7=4,($O$103)+IF($I31=$I$7+$J$7,$O$104,0),0),0)+IF($J31<>"",($J$7*$O$105)+IF($J$7=4,($O$103)+IF($J31=$I$7+$J$7,$O$104,0),0),0)) -> 0 | K32: =(IF($K31<>"",($K$7*$O$105)+IF($K$7=4,($O$103)+IF($K31=$K$7+$L$7,$O$104,0),0),0)+IF($L31<>"",($L$7*$O$105)+IF($L$7=4,($O$103)+IF($L31=$K$7+$L$7,$O$104,0),0),0)) -> 1 | M32: =(IF($M31<>"",($M$7*$O$105)+IF($M$7=4,($O$103)+IF($M31=$M$7+$N$7,$O$104,0),0),0)+IF($N31<>"",($N$7*$O$105)+IF($N$7=4,($O$103)+IF($N31=$M$7+$N$7,$O$104,0),0),0)) -> 11 | O32: =(IF($O31<>"",($O$7*$O$105)+IF($O$7=4,($O$103)+IF($O31=$O$7+$P$7,$O$104,0),0),0)+IF($P31<>"",($P$7*$O$105)+IF($P$7=4,($O$103)+IF($P31=$O$7+$P$7,$O$104,0),0),0)) -> 2 | Q32: =(IF($Q31<>"",($Q$7*$O$105)+IF($Q$7=4,($O$103)+IF($Q31=$Q$7+$R$7,$O$104,0),0),0)+IF($R31<>"",($R$7*$O$105)+IF($R$7=4,($O$103)+IF($R31=$Q$7+$R$7,$O$104,0),0),0)) -> 9 | T32: =(IF($T31<>"",($T$7*$P$105)+IF($T$7=4,($P$103)+IF($T31=$T$7+$U$7,$P$104,0),0),0)+IF($U31<>"",($U$7*$P$105)+IF($U$7=4,($P$103)+IF($U31=$T$7+$U$7,$P$104,0),0),0)) -> 2 | V32: =(IF($V31<>"",($V$7*$P$105)+IF($V$7=4,($P$103)+IF($V31=$V$7+$W$7,$P$104,0),0),0)+IF($W31<>"",($W$7*$P$105)+IF($W$7=4,($P$103)+IF($W31=$V$7+$W$7,$P$104,0),0),0)) -> 0 | X32: =(IF($X31<>"",($X$7*$P$105)+IF($X$7=4,($P$103)+IF($X31=$X$7+$Y$7,$P$104,0),0),0)+IF($Y31<>"",($Y$7*$P$105)+IF($Y$7=4,($P$103)+IF($Y31=$X$7+$Y$7,$P$104,0),0),0)) -> 14 | Z32: =(IF($Z31<>"",($Z$7*$P$105)+IF($Z$7=4,($P$103)+IF($Z31=$Z$7+$AA$7,$P$104,0),0),0)+IF($AA31<>"",($AA$7*$P$105)+IF($AA$7=4,($P$103)+IF($AA31=$Z$7+$AA$7,$P$104,0),0),0)) -> 3 | AC32: =(IF($AC31<>"",($AC$7*$Q$105)+IF($AC$7=4,($Q$103)+IF($AC31=$AC$7+$AD$7,$Q$104,0),0),0)+IF($AD31<>"",($AD$7*$Q$105)+IF($AD$7=4,($Q$103)+IF($AD31=$AC$7+$AD$7,$Q$104,0),0),0)) -> 19 | AE32: =(IF($AE31<>"",($AE$7*$Q$105)+IF($AE$7=4,($Q$103)+IF($AE31=$AE$7+$AF$7,$Q$104,0),0),0)+IF($AF31<>"",($AF$7*$Q$105)+IF($AF$7=4,($Q$103)+IF($AF31=$AE$7+$AF$7,$Q$104,0),0),0)) -> 2 | AH32: =(IF($AH31<>"",($AH$7*$Q$105)+IF($AH$7=4,($R$103)+IF($AH31=$AH$7+$AI$7,$R$104,0),0),0)+IF($AI31<>"",($AI$7*$R$105)+IF($AI$7=4,($R$103)+IF($AI31=$AH$7+$AI$7,$R$104,0),0),0)) -> 32 | AK32: =MAX($AL$11:$AL$98) - AL32 -> 137
B33: Prédiction équipe | C33: =IF(ISBLANK(C31), 0, IF(C$7= 4, 1, 0)) -> 0 | D33: =IF(ISBLANK(D31), 0, IF(D$7 = 4, 1, 0)) -> 0 | E33: =IF(ISBLANK(E31), 0, IF(E$7= 4, 1, 0)) -> 1 | F33: =IF(ISBLANK(F31), 0, IF(F$7 = 4, 1, 0)) -> 0 | G33: =IF(ISBLANK(G31), 0, IF(G$7= 4, 1, 0)) -> 0 | H33: =IF(ISBLANK(H31), 0, IF(H$7 = 4, 1, 0)) -> 1 | I33: =IF(ISBLANK(I31), 0, IF(I$7= 4, 1, 0)) -> 0 | J33: =IF(ISBLANK(J31), 0, IF(J$7 = 4, 1, 0)) -> 0 | K33: =IF(ISBLANK(K31), 0, IF(K$7= 4, 1, 0)) -> 0 | L33: =IF(ISBLANK(L31), 0, IF(L$7 = 4, 1, 0)) -> 0 | M33: =IF(ISBLANK(M31), 0, IF(M$7= 4, 1, 0)) -> 0 | N33: =IF(ISBLANK(N31), 0, IF(N$7 = 4, 1, 0)) -> 1 | O33: =IF(ISBLANK(O31), 0, IF(O$7= 4, 1, 0)) -> 0 | P33: =IF(ISBLANK(P31), 0, IF(P$7 = 4, 1, 0)) -> 0 | Q33: =IF(ISBLANK(Q31), 0, IF(Q$7= 4, 1, 0)) -> 1 | R33: =IF(ISBLANK(R31), 0, IF(R$7 = 4, 1, 0)) -> 0 | T33: =IF(ISBLANK(T31), 0, IF(T$7= 4, 1, 0)) -> 0 | U33: =IF(ISBLANK(U31), 0, IF(U$7 = 4, 1, 0)) -> 0 | V33: =IF(ISBLANK(V31), 0, IF(V$7= 4, 1, 0)) -> 0 | W33: =IF(ISBLANK(W31), 0, IF(W$7 = 4, 1, 0)) -> 0 | X33: =IF(ISBLANK(X31), 0, IF(X$7= 4, 1, 0)) -> 1 | Y33: =IF(ISBLANK(Y31), 0, IF(Y$7 = 4, 1, 0)) -> 0 | Z33: =IF(ISBLANK(Z31), 0, IF(Z$7= 4, 1, 0)) -> 0 | AA33: =IF(ISBLANK(AA31), 0, IF(AA$7 = 4, 1, 0)) -> 0 | AC33: =IF(ISBLANK(AC31), 0, IF(AC$7= 4, 1, 0)) -> 1 | AD33: =IF(ISBLANK(AD31), 0, IF(AD$7 = 4, 1, 0)) -> 0 | AE33: =IF(ISBLANK(AE31), 0, IF(AE$7= 4, 1, 0)) -> 0 | AF33: =IF(ISBLANK(AF31), 0, IF(AF$7 = 4, 1, 0)) -> 0 | AH33: =IF(ISBLANK(AH31), 0, IF(AH$7= 4, 1, 0)) -> 0 | AI33: =IF(ISBLANK(AI31), 0, IF(AI$7 = 4, 1, 0)) -> 1 | AK33: =SUM(C33:AI33) -> 7
B34: Prédiciton nb matchs | C34: =IF(C33 = 0, 0, IF(C31 = (C$7+D$7),1,0)) -> 0 | D34: =IF(D33 = 0, 0, IF(D31 = (C$7+D$7),1,0)) -> 0 | E34: =IF(E33 = 0, 0, IF(E31 = (E$7+F$7),1,0)) -> 0 | F34: =IF(F33 = 0, 0, IF(F31 = (E$7+F$7),1,0)) -> 0 | G34: =IF(G33 = 0, 0, IF(G31 = (G$7+H$7),1,0)) -> 0 | H34: =IF(H33 = 0, 0, IF(H31 = (G$7+H$7),1,0)) -> 1 | I34: =IF(I33 = 0, 0, IF(I31 = (I$7+J$7),1,0)) -> 0 | J34: =IF(J33 = 0, 0, IF(J31 = (I$7+J$7),1,0)) -> 0 | K34: =IF(K33 = 0, 0, IF(K31 = (K$7+L$7),1,0)) -> 0 | L34: =IF(L33 = 0, 0, IF(L31 = (K$7+L$7),1,0)) -> 0 | M34: =IF(M33 = 0, 0, IF(M31 = (M$7+N$7),1,0)) -> 0 | N34: =IF(N33 = 0, 0, IF(N31 = (M$7+N$7),1,0)) -> 1 | O34: =IF(O33 = 0, 0, IF(O31 = (O$7+P$7),1,0)) -> 0 | P34: =IF(P33 = 0, 0, IF(P31 = (O$7+P$7),1,0)) -> 0 | Q34: =IF(Q33 = 0, 0, IF(Q31 = (Q$7+R$7),1,0)) -> 0 | R34: =IF(R33 = 0, 0, IF(R31 = (Q$7+R$7),1,0)) -> 0 | T34: =IF(T33 = 0, 0, IF(T31 = (T$7+U$7),1,0)) -> 0 | U34: =IF(U33 = 0, 0, IF(U31 = (T$7+U$7),1,0)) -> 0 | V34: =IF(V33 = 0, 0, IF(V31 = (V$7+W$7),1,0)) -> 0 | W34: =IF(W33 = 0, 0, IF(W31 = (V$7+W$7),1,0)) -> 0 | X34: =IF(X33 = 0, 0, IF(X31 = (X$7+Y$7),1,0)) -> 0 | Y34: =IF(Y33 = 0, 0, IF(Y31 = (X$7+Y$7),1,0)) -> 0 | Z34: =IF(Z33 = 0, 0, IF(Z31 = (Z$7+AA$7),1,0)) -> 0 | AA34: =IF(AA33 = 0, 0, IF(AA31 = (Z$7+AA$7),1,0)) -> 0 | AC34: =IF(AC33 = 0, 0, IF(AC31 = (AC$7+AD$7),1,0)) -> 0 | AD34: =IF(AD33 = 0, 0, IF(AD31 = (AC$7+AD$7),1,0)) -> 0 | AE34: =IF(AE33 = 0, 0, IF(AE31 = (AE$7+AF$7),1,0)) -> 0 | AF34: =IF(AF33 = 0, 0, IF(AF31 = (AE$7+AF$7),1,0)) -> 0 | AH34: =IF(AH33 = 0, 0, IF(AH31 = (AH$7+AI$7),1,0)) -> 0 | AI34: =IF(AI33 = 0, 0, IF(AI31 = (AH$7+AI$7),1,0)) -> 1 | AK34: =SUM(C34:AI34) -> 3
A35: =RANK(AL35,$AL$11:$AL$98,) -> 6 | B35: Daniel Darveau | C35: 4 | E35: 4 | G35: 6 | J35: 6 | K35: 6 | M35: 5 | O35: 6 | R35: 6 | S35: =SUM(C36:R36) -> 20 | U35: 6 | W35: 7 | Y35: 7 | Z35: 6 | AB35: =SUM(T36:AA36) -> 33 | AC35: 7 | AF35: 7 | AG35: =SUM(AC36:AF36) -> 38 | AI35: 6 | AJ35: =AH36 -> 24 | AK35: =MAX($AL$11:$AL$98) - AL35 -> 22 | AL35: =$S35+$AB35+$AG35+$AJ35 -> 115
A36: =RANK(AL36,$AL$11:$AL$98,) -> #N/A | C36: =(IF($C35<>"",($C$7*$O$105)+IF($C$7=4,($O$103)+IF($C35=$C$7+$D$7,$O$104,0),0),0)+IF($D35<>"",($D$7*$O$105)+IF($D$7=4,($O$103)+IF($D35=$C$7+$D$7,$O$104,0),0),0)) -> 0 | E36: =(IF($E35<>"",($E$7*$O$105)+IF($E$7=4,($O$103)+IF($E35=$E$7+$F$7,$O$104,0),0),0)+IF($F35<>"",($F$7*$O$105)+IF($F$7=4,($O$103)+IF($F35=$E$7+$F$7,$O$104,0),0),0)) -> 9 | G36: =(IF($G35<>"",($G$7*$O$105)+IF($G$7=4,($O$103)+IF($G35=$G$7+$H$7,$O$104,0),0),0)+IF($H35<>"",($H$7*$O$105)+IF($H$7=4,($O$103)+IF($H35=$G$7+$H$7,$O$104,0),0),0)) -> 3 | I36: =(IF($I35<>"",($I$7*$O$105)+IF($I$7=4,($O$103)+IF($I35=$I$7+$J$7,$O$104,0),0),0)+IF($J35<>"",($J$7*$O$105)+IF($J$7=4,($O$103)+IF($J35=$I$7+$J$7,$O$104,0),0),0)) -> 0 | K36: =(IF($K35<>"",($K$7*$O$105)+IF($K$7=4,($O$103)+IF($K35=$K$7+$L$7,$O$104,0),0),0)+IF($L35<>"",($L$7*$O$105)+IF($L$7=4,($O$103)+IF($L35=$K$7+$L$7,$O$104,0),0),0)) -> 1 | M36: =(IF($M35<>"",($M$7*$O$105)+IF($M$7=4,($O$103)+IF($M35=$M$7+$N$7,$O$104,0),0),0)+IF($N35<>"",($N$7*$O$105)+IF($N$7=4,($O$103)+IF($N35=$M$7+$N$7,$O$104,0),0),0)) -> 2 | O36: =(IF($O35<>"",($O$7*$O$105)+IF($O$7=4,($O$103)+IF($O35=$O$7+$P$7,$O$104,0),0),0)+IF($P35<>"",($P$7*$O$105)+IF($P$7=4,($O$103)+IF($P35=$O$7+$P$7,$O$104,0),0),0)) -> 2 | Q36: =(IF($Q35<>"",($Q$7*$O$105)+IF($Q$7=4,($O$103)+IF($Q35=$Q$7+$R$7,$O$104,0),0),0)+IF($R35<>"",($R$7*$O$105)+IF($R$7=4,($O$103)+IF($R35=$Q$7+$R$7,$O$104,0),0),0)) -> 3 | T36: =(IF($T35<>"",($T$7*$P$105)+IF($T$7=4,($P$103)+IF($T35=$T$7+$U$7,$P$104,0),0),0)+IF($U35<>"",($U$7*$P$105)+IF($U$7=4,($P$103)+IF($U35=$T$7+$U$7,$P$104,0),0),0)) -> 2 | V36: =(IF($V35<>"",($V$7*$P$105)+IF($V$7=4,($P$103)+IF($V35=$V$7+$W$7,$P$104,0),0),0)+IF($W35<>"",($W$7*$P$105)+IF($W$7=4,($P$103)+IF($W35=$V$7+$W$7,$P$104,0),0),0)) -> 14 | X36: =(IF($X35<>"",($X$7*$P$105)+IF($X$7=4,($P$103)+IF($X35=$X$7+$Y$7,$P$104,0),0),0)+IF($Y35<>"",($Y$7*$P$105)+IF($Y$7=4,($P$103)+IF($Y35=$X$7+$Y$7,$P$104,0),0),0)) -> 3 | Z36: =(IF($Z35<>"",($Z$7*$P$105)+IF($Z$7=4,($P$103)+IF($Z35=$Z$7+$AA$7,$P$104,0),0),0)+IF($AA35<>"",($AA$7*$P$105)+IF($AA$7=4,($P$103)+IF($AA35=$Z$7+$AA$7,$P$104,0),0),0)) -> 14 | AC36: =(IF($AC35<>"",($AC$7*$Q$105)+IF($AC$7=4,($Q$103)+IF($AC35=$AC$7+$AD$7,$Q$104,0),0),0)+IF($AD35<>"",($AD$7*$Q$105)+IF($AD$7=4,($Q$103)+IF($AD35=$AC$7+$AD$7,$Q$104,0),0),0)) -> 19 | AE36: =(IF($AE35<>"",($AE$7*$Q$105)+IF($AE$7=4,($Q$103)+IF($AE35=$AE$7+$AF$7,$Q$104,0),0),0)+IF($AF35<>"",($AF$7*$Q$105)+IF($AF$7=4,($Q$103)+IF($AF35=$AE$7+$AF$7,$Q$104,0),0),0)) -> 19 | AH36: =(IF($AH35<>"",($AH$7*$Q$105)+IF($AH$7=4,($R$103)+IF($AH35=$AH$7+$AI$7,$R$104,0),0),0)+IF($AI35<>"",($AI$7*$R$105)+IF($AI$7=4,($R$103)+IF($AI35=$AH$7+$AI$7,$R$104,0),0),0)) -> 24 | AK36: =MAX($AL$11:$AL$98) - AL36 -> 137
B37: Prédiction équipe | C37: =IF(ISBLANK(C35), 0, IF(C$7= 4, 1, 0)) -> 0 | D37: =IF(ISBLANK(D35), 0, IF(D$7 = 4, 1, 0)) -> 0 | E37: =IF(ISBLANK(E35), 0, IF(E$7= 4, 1, 0)) -> 1 | F37: =IF(ISBLANK(F35), 0, IF(F$7 = 4, 1, 0)) -> 0 | G37: =IF(ISBLANK(G35), 0, IF(G$7= 4, 1, 0)) -> 0 | H37: =IF(ISBLANK(H35), 0, IF(H$7 = 4, 1, 0)) -> 0 | I37: =IF(ISBLANK(I35), 0, IF(I$7= 4, 1, 0)) -> 0 | J37: =IF(ISBLANK(J35), 0, IF(J$7 = 4, 1, 0)) -> 0 | K37: =IF(ISBLANK(K35), 0, IF(K$7= 4, 1, 0)) -> 0 | L37: =IF(ISBLANK(L35), 0, IF(L$7 = 4, 1, 0)) -> 0 | M37: =IF(ISBLANK(M35), 0, IF(M$7= 4, 1, 0)) -> 0 | N37: =IF(ISBLANK(N35), 0, IF(N$7 = 4, 1, 0)) -> 0 | O37: =IF(ISBLANK(O35), 0, IF(O$7= 4, 1, 0)) -> 0 | P37: =IF(ISBLANK(P35), 0, IF(P$7 = 4, 1, 0)) -> 0 | Q37: =IF(ISBLANK(Q35), 0, IF(Q$7= 4, 1, 0)) -> 0 | R37: =IF(ISBLANK(R35), 0, IF(R$7 = 4, 1, 0)) -> 0 | T37: =IF(ISBLANK(T35), 0, IF(T$7= 4, 1, 0)) -> 0 | U37: =IF(ISBLANK(U35), 0, IF(U$7 = 4, 1, 0)) -> 0 | V37: =IF(ISBLANK(V35), 0, IF(V$7= 4, 1, 0)) -> 0 | W37: =IF(ISBLANK(W35), 0, IF(W$7 = 4, 1, 0)) -> 1 | X37: =IF(ISBLANK(X35), 0, IF(X$7= 4, 1, 0)) -> 0 | Y37: =IF(ISBLANK(Y35), 0, IF(Y$7 = 4, 1, 0)) -> 0 | Z37: =IF(ISBLANK(Z35), 0, IF(Z$7= 4, 1, 0)) -> 1 | AA37: =IF(ISBLANK(AA35), 0, IF(AA$7 = 4, 1, 0)) -> 0 | AC37: =IF(ISBLANK(AC35), 0, IF(AC$7= 4, 1, 0)) -> 1 | AD37: =IF(ISBLANK(AD35), 0, IF(AD$7 = 4, 1, 0)) -> 0 | AE37: =IF(ISBLANK(AE35), 0, IF(AE$7= 4, 1, 0)) -> 0 | AF37: =IF(ISBLANK(AF35), 0, IF(AF$7 = 4, 1, 0)) -> 1 | AH37: =IF(ISBLANK(AH35), 0, IF(AH$7= 4, 1, 0)) -> 0 | AI37: =IF(ISBLANK(AI35), 0, IF(AI$7 = 4, 1, 0)) -> 1 | AK37: =SUM(C37:AI37) -> 6
B38: Prédiciton nb matchs | C38: =IF(C37 = 0, 0, IF(C35 = (C$7+D$7),1,0)) -> 0 | D38: =IF(D37 = 0, 0, IF(D35 = (C$7+D$7),1,0)) -> 0 | E38: =IF(E37 = 0, 0, IF(E35 = (E$7+F$7),1,0)) -> 0 | F38: =IF(F37 = 0, 0, IF(F35 = (E$7+F$7),1,0)) -> 0 | G38: =IF(G37 = 0, 0, IF(G35 = (G$7+H$7),1,0)) -> 0 | H38: =IF(H37 = 0, 0, IF(H35 = (G$7+H$7),1,0)) -> 0 | I38: =IF(I37 = 0, 0, IF(I35 = (I$7+J$7),1,0)) -> 0 | J38: =IF(J37 = 0, 0, IF(J35 = (I$7+J$7),1,0)) -> 0 | K38: =IF(K37 = 0, 0, IF(K35 = (K$7+L$7),1,0)) -> 0 | L38: =IF(L37 = 0, 0, IF(L35 = (K$7+L$7),1,0)) -> 0 | M38: =IF(M37 = 0, 0, IF(M35 = (M$7+N$7),1,0)) -> 0 | N38: =IF(N37 = 0, 0, IF(N35 = (M$7+N$7),1,0)) -> 0 | O38: =IF(O37 = 0, 0, IF(O35 = (O$7+P$7),1,0)) -> 0 | P38: =IF(P37 = 0, 0, IF(P35 = (O$7+P$7),1,0)) -> 0 | Q38: =IF(Q37 = 0, 0, IF(Q35 = (Q$7+R$7),1,0)) -> 0 | R38: =IF(R37 = 0, 0, IF(R35 = (Q$7+R$7),1,0)) -> 0 | T38: =IF(T37 = 0, 0, IF(T35 = (T$7+U$7),1,0)) -> 0 | U38: =IF(U37 = 0, 0, IF(U35 = (T$7+U$7),1,0)) -> 0 | V38: =IF(V37 = 0, 0, IF(V35 = (V$7+W$7),1,0)) -> 0 | W38: =IF(W37 = 0, 0, IF(W35 = (V$7+W$7),1,0)) -> 0 | X38: =IF(X37 = 0, 0, IF(X35 = (X$7+Y$7),1,0)) -> 0 | Y38: =IF(Y37 = 0, 0, IF(Y35 = (X$7+Y$7),1,0)) -> 0 | Z38: =IF(Z37 = 0, 0, IF(Z35 = (Z$7+AA$7),1,0)) -> 0 | AA38: =IF(AA37 = 0, 0, IF(AA35 = (Z$7+AA$7),1,0)) -> 0 | AC38: =IF(AC37 = 0, 0, IF(AC35 = (AC$7+AD$7),1,0)) -> 0 | AD38: =IF(AD37 = 0, 0, IF(AD35 = (AC$7+AD$7),1,0)) -> 0 | AE38: =IF(AE37 = 0, 0, IF(AE35 = (AE$7+AF$7),1,0)) -> 0 | AF38: =IF(AF37 = 0, 0, IF(AF35 = (AE$7+AF$7),1,0)) -> 0 | AH38: =IF(AH37 = 0, 0, IF(AH35 = (AH$7+AI$7),1,0)) -> 0 | AI38: =IF(AI37 = 0, 0, IF(AI35 = (AH$7+AI$7),1,0)) -> 0 | AK38: =SUM(C38:AI38) -> 0
A39: =RANK(AL39,$AL$11:$AL$98,) -> 8 | B39: Thanh Vinh Nguyen | C39: 6 | E39: 7 | G39: 6 | J39: 7 | K39: 7 | M39: 6 | O39: 6 | R39: 7 | S39: =SUM(C40:R40) -> 22 | U39: 7 | W39: 7 | X39: 7 | Z39: 7 | AB39: =SUM(T40:AA40) -> 52 | AD39: 6 | AE39: 7 | AG39: =SUM(AC40:AF40) -> 2 | AI39: 7 | AJ39: =AH40 -> 32 | AK39: =MAX($AL$11:$AL$98) - AL39 -> 29 | AL39: =$S39+$AB39+$AG39+$AJ39 -> 108
A40: =RANK(AL40,$AL$11:$AL$98,) -> #N/A | C40: =(IF($C39<>"",($C$7*$O$105)+IF($C$7=4,($O$103)+IF($C39=$C$7+$D$7,$O$104,0),0),0)+IF($D39<>"",($D$7*$O$105)+IF($D$7=4,($O$103)+IF($D39=$C$7+$D$7,$O$104,0),0),0)) -> 0 | E40: =(IF($E39<>"",($E$7*$O$105)+IF($E$7=4,($O$103)+IF($E39=$E$7+$F$7,$O$104,0),0),0)+IF($F39<>"",($F$7*$O$105)+IF($F$7=4,($O$103)+IF($F39=$E$7+$F$7,$O$104,0),0),0)) -> 11 | G40: =(IF($G39<>"",($G$7*$O$105)+IF($G$7=4,($O$103)+IF($G39=$G$7+$H$7,$O$104,0),0),0)+IF($H39<>"",($H$7*$O$105)+IF($H$7=4,($O$103)+IF($H39=$G$7+$H$7,$O$104,0),0),0)) -> 3 | I40: =(IF($I39<>"",($I$7*$O$105)+IF($I$7=4,($O$103)+IF($I39=$I$7+$J$7,$O$104,0),0),0)+IF($J39<>"",($J$7*$O$105)+IF($J$7=4,($O$103)+IF($J39=$I$7+$J$7,$O$104,0),0),0)) -> 0 | K40: =(IF($K39<>"",($K$7*$O$105)+IF($K$7=4,($O$103)+IF($K39=$K$7+$L$7,$O$104,0),0),0)+IF($L39<>"",($L$7*$O$105)+IF($L$7=4,($O$103)+IF($L39=$K$7+$L$7,$O$104,0),0),0)) -> 1 | M40: =(IF($M39<>"",($M$7*$O$105)+IF($M$7=4,($O$103)+IF($M39=$M$7+$N$7,$O$104,0),0),0)+IF($N39<>"",($N$7*$O$105)+IF($N$7=4,($O$103)+IF($N39=$M$7+$N$7,$O$104,0),0),0)) -> 2 | O40: =(IF($O39<>"",($O$7*$O$105)+IF($O$7=4,($O$103)+IF($O39=$O$7+$P$7,$O$104,0),0),0)+IF($P39<>"",($P$7*$O$105)+IF($P$7=4,($O$103)+IF($P39=$O$7+$P$7,$O$104,0),0),0)) -> 2 | Q40: =(IF($Q39<>"",($Q$7*$O$105)+IF($Q$7=4,($O$103)+IF($Q39=$Q$7+$R$7,$O$104,0),0),0)+IF($R39<>"",($R$7*$O$105)+IF($R$7=4,($O$103)+IF($R39=$Q$7+$R$7,$O$104,0),0),0)) -> 3 | T40: =(IF($T39<>"",($T$7*$P$105)+IF($T$7=4,($P$103)+IF($T39=$T$7+$U$7,$P$104,0),0),0)+IF($U39<>"",($U$7*$P$105)+IF($U$7=4,($P$103)+IF($U39=$T$7+$U$7,$P$104,0),0),0)) -> 2 | V40: =(IF($V39<>"",($V$7*$P$105)+IF($V$7=4,($P$103)+IF($V39=$V$7+$W$7,$P$104,0),0),0)+IF($W39<>"",($W$7*$P$105)+IF($W$7=4,($P$103)+IF($W39=$V$7+$W$7,$P$104,0),0),0)) -> 14 | X40: =(IF($X39<>"",($X$7*$P$105)+IF($X$7=4,($P$103)+IF($X39=$X$7+$Y$7,$P$104,0),0),0)+IF($Y39<>"",($Y$7*$P$105)+IF($Y$7=4,($P$103)+IF($Y39=$X$7+$Y$7,$P$104,0),0),0)) -> 18 | Z40: =(IF($Z39<>"",($Z$7*$P$105)+IF($Z$7=4,($P$103)+IF($Z39=$Z$7+$AA$7,$P$104,0),0),0)+IF($AA39<>"",($AA$7*$P$105)+IF($AA$7=4,($P$103)+IF($AA39=$Z$7+$AA$7,$P$104,0),0),0)) -> 18 | AC40: =(IF($AC39<>"",($AC$7*$Q$105)+IF($AC$7=4,($Q$103)+IF($AC39=$AC$7+$AD$7,$Q$104,0),0),0)+IF($AD39<>"",($AD$7*$Q$105)+IF($AD$7=4,($Q$103)+IF($AD39=$AC$7+$AD$7,$Q$104,0),0),0)) -> 0 | AE40: =(IF($AE39<>"",($AE$7*$Q$105)+IF($AE$7=4,($Q$103)+IF($AE39=$AE$7+$AF$7,$Q$104,0),0),0)+IF($AF39<>"",($AF$7*$Q$105)+IF($AF$7=4,($Q$103)+IF($AF39=$AE$7+$AF$7,$Q$104,0),0),0)) -> 2 | AH40: =(IF($AH39<>"",($AH$7*$Q$105)+IF($AH$7=4,($R$103)+IF($AH39=$AH$7+$AI$7,$R$104,0),0),0)+IF($AI39<>"",($AI$7*$R$105)+IF($AI$7=4,($R$103)+IF($AI39=$AH$7+$AI$7,$R$104,0),0),0)) -> 32 | AK40: =MAX($AL$11:$AL$98) - AL40 -> 137
B41: Prédiction équipe | C41: =IF(ISBLANK(C39), 0, IF(C$7= 4, 1, 0)) -> 0 | D41: =IF(ISBLANK(D39), 0, IF(D$7 = 4, 1, 0)) -> 0 | E41: =IF(ISBLANK(E39), 0, IF(E$7= 4, 1, 0)) -> 1 | F41: =IF(ISBLANK(F39), 0, IF(F$7 = 4, 1, 0)) -> 0 | G41: =IF(ISBLANK(G39), 0, IF(G$7= 4, 1, 0)) -> 0 | H41: =IF(ISBLANK(H39), 0, IF(H$7 = 4, 1, 0)) -> 0 | I41: =IF(ISBLANK(I39), 0, IF(I$7= 4, 1, 0)) -> 0 | J41: =IF(ISBLANK(J39), 0, IF(J$7 = 4, 1, 0)) -> 0 | K41: =IF(ISBLANK(K39), 0, IF(K$7= 4, 1, 0)) -> 0 | L41: =IF(ISBLANK(L39), 0, IF(L$7 = 4, 1, 0)) -> 0 | M41: =IF(ISBLANK(M39), 0, IF(M$7= 4, 1, 0)) -> 0 | N41: =IF(ISBLANK(N39), 0, IF(N$7 = 4, 1, 0)) -> 0 | O41: =IF(ISBLANK(O39), 0, IF(O$7= 4, 1, 0)) -> 0 | P41: =IF(ISBLANK(P39), 0, IF(P$7 = 4, 1, 0)) -> 0 | Q41: =IF(ISBLANK(Q39), 0, IF(Q$7= 4, 1, 0)) -> 0 | R41: =IF(ISBLANK(R39), 0, IF(R$7 = 4, 1, 0)) -> 0 | T41: =IF(ISBLANK(T39), 0, IF(T$7= 4, 1, 0)) -> 0 | U41: =IF(ISBLANK(U39), 0, IF(U$7 = 4, 1, 0)) -> 0 | V41: =IF(ISBLANK(V39), 0, IF(V$7= 4, 1, 0)) -> 0 | W41: =IF(ISBLANK(W39), 0, IF(W$7 = 4, 1, 0)) -> 1 | X41: =IF(ISBLANK(X39), 0, IF(X$7= 4, 1, 0)) -> 1 | Y41: =IF(ISBLANK(Y39), 0, IF(Y$7 = 4, 1, 0)) -> 0 | Z41: =IF(ISBLANK(Z39), 0, IF(Z$7= 4, 1, 0)) -> 1 | AA41: =IF(ISBLANK(AA39), 0, IF(AA$7 = 4, 1, 0)) -> 0 | AC41: =IF(ISBLANK(AC39), 0, IF(AC$7= 4, 1, 0)) -> 0 | AD41: =IF(ISBLANK(AD39), 0, IF(AD$7 = 4, 1, 0)) -> 0 | AE41: =IF(ISBLANK(AE39), 0, IF(AE$7= 4, 1, 0)) -> 0 | AF41: =IF(ISBLANK(AF39), 0, IF(AF$7 = 4, 1, 0)) -> 0 | AH41: =IF(ISBLANK(AH39), 0, IF(AH$7= 4, 1, 0)) -> 0 | AI41: =IF(ISBLANK(AI39), 0, IF(AI$7 = 4, 1, 0)) -> 1 | AK41: =SUM(C41:AI41) -> 5
B42: Prédiciton nb matchs | C42: =IF(C41 = 0, 0, IF(C39 = (C$7+D$7),1,0)) -> 0 | D42: =IF(D41 = 0, 0, IF(D39 = (C$7+D$7),1,0)) -> 0 | E42: =IF(E41 = 0, 0, IF(E39 = (E$7+F$7),1,0)) -> 1 | F42: =IF(F41 = 0, 0, IF(F39 = (E$7+F$7),1,0)) -> 0 | G42: =IF(G41 = 0, 0, IF(G39 = (G$7+H$7),1,0)) -> 0 | H42: =IF(H41 = 0, 0, IF(H39 = (G$7+H$7),1,0)) -> 0 | I42: =IF(I41 = 0, 0, IF(I39 = (I$7+J$7),1,0)) -> 0 | J42: =IF(J41 = 0, 0, IF(J39 = (I$7+J$7),1,0)) -> 0 | K42: =IF(K41 = 0, 0, IF(K39 = (K$7+L$7),1,0)) -> 0 | L42: =IF(L41 = 0, 0, IF(L39 = (K$7+L$7),1,0)) -> 0 | M42: =IF(M41 = 0, 0, IF(M39 = (M$7+N$7),1,0)) -> 0 | N42: =IF(N41 = 0, 0, IF(N39 = (M$7+N$7),1,0)) -> 0 | O42: =IF(O41 = 0, 0, IF(O39 = (O$7+P$7),1,0)) -> 0 | P42: =IF(P41 = 0, 0, IF(P39 = (O$7+P$7),1,0)) -> 0 | Q42: =IF(Q41 = 0, 0, IF(Q39 = (Q$7+R$7),1,0)) -> 0 | R42: =IF(R41 = 0, 0, IF(R39 = (Q$7+R$7),1,0)) -> 0 | T42: =IF(T41 = 0, 0, IF(T39 = (T$7+U$7),1,0)) -> 0 | U42: =IF(U41 = 0, 0, IF(U39 = (T$7+U$7),1,0)) -> 0 | V42: =IF(V41 = 0, 0, IF(V39 = (V$7+W$7),1,0)) -> 0 | W42: =IF(W41 = 0, 0, IF(W39 = (V$7+W$7),1,0)) -> 0 | X42: =IF(X41 = 0, 0, IF(X39 = (X$7+Y$7),1,0)) -> 1 | Y42: =IF(Y41 = 0, 0, IF(Y39 = (X$7+Y$7),1,0)) -> 0 | Z42: =IF(Z41 = 0, 0, IF(Z39 = (Z$7+AA$7),1,0)) -> 1 | AA42: =IF(AA41 = 0, 0, IF(AA39 = (Z$7+AA$7),1,0)) -> 0 | AC42: =IF(AC41 = 0, 0, IF(AC39 = (AC$7+AD$7),1,0)) -> 0 | AD42: =IF(AD41 = 0, 0, IF(AD39 = (AC$7+AD$7),1,0)) -> 0 | AE42: =IF(AE41 = 0, 0, IF(AE39 = (AE$7+AF$7),1,0)) -> 0 | AF42: =IF(AF41 = 0, 0, IF(AF39 = (AE$7+AF$7),1,0)) -> 0 | AH42: =IF(AH41 = 0, 0, IF(AH39 = (AH$7+AI$7),1,0)) -> 0 | AI42: =IF(AI41 = 0, 0, IF(AI39 = (AH$7+AI$7),1,0)) -> 1 | AK42: =SUM(C42:AI42) -> 4
A43: =RANK(AL43,$AL$11:$AL$98,) -> 9 | B43: Audry Darveau | C43: 4 | E43: 4 | G43: 6 | I43: 6 | K43: 7 | M43: 5 | O43: 4 | R43: 6 | S43: =SUM(C44:R44) -> 29 | T43: 6 | V43: 5 | Y43: 7 | Z43: 6 | AB43: =SUM(T44:AA44) -> 35 | AC43: 6 | AF43: 7 | AG43: =SUM(AC44:AF44) -> 38 | AH43: 4 | AJ43: =AH44 -> 3 | AK43: =MAX($AL$11:$AL$98) - AL43 -> 32 | AL43: =$S43+$AB43+$AG43+$AJ43 -> 105
A44: =RANK(AL44,$AL$11:$AL$98,) -> #N/A | C44: =(IF($C43<>"",($C$7*$O$105)+IF($C$7=4,($O$103)+IF($C43=$C$7+$D$7,$O$104,0),0),0)+IF($D43<>"",($D$7*$O$105)+IF($D$7=4,($O$103)+IF($D43=$C$7+$D$7,$O$104,0),0),0)) -> 0 | E44: =(IF($E43<>"",($E$7*$O$105)+IF($E$7=4,($O$103)+IF($E43=$E$7+$F$7,$O$104,0),0),0)+IF($F43<>"",($F$7*$O$105)+IF($F$7=4,($O$103)+IF($F43=$E$7+$F$7,$O$104,0),0),0)) -> 9 | G44: =(IF($G43<>"",($G$7*$O$105)+IF($G$7=4,($O$103)+IF($G43=$G$7+$H$7,$O$104,0),0),0)+IF($H43<>"",($H$7*$O$105)+IF($H$7=4,($O$103)+IF($H43=$G$7+$H$7,$O$104,0),0),0)) -> 3 | I44: =(IF($I43<>"",($I$7*$O$105)+IF($I$7=4,($O$103)+IF($I43=$I$7+$J$7,$O$104,0),0),0)+IF($J43<>"",($J$7*$O$105)+IF($J$7=4,($O$103)+IF($J43=$I$7+$J$7,$O$104,0),0),0)) -> 9 | K44: =(IF($K43<>"",($K$7*$O$105)+IF($K$7=4,($O$103)+IF($K43=$K$7+$L$7,$O$104,0),0),0)+IF($L43<>"",($L$7*$O$105)+IF($L$7=4,($O$103)+IF($L43=$K$7+$L$7,$O$104,0),0),0)) -> 1 | M44: =(IF($M43<>"",($M$7*$O$105)+IF($M$7=4,($O$103)+IF($M43=$M$7+$N$7,$O$104,0),0),0)+IF($N43<>"",($N$7*$O$105)+IF($N$7=4,($O$103)+IF($N43=$M$7+$N$7,$O$104,0),0),0)) -> 2 | O44: =(IF($O43<>"",($O$7*$O$105)+IF($O$7=4,($O$103)+IF($O43=$O$7+$P$7,$O$104,0),0),0)+IF($P43<>"",($P$7*$O$105)+IF($P$7=4,($O$103)+IF($P43=$O$7+$P$7,$O$104,0),0),0)) -> 2 | Q44: =(IF($Q43<>"",($Q$7*$O$105)+IF($Q$7=4,($O$103)+IF($Q43=$Q$7+$R$7,$O$104,0),0),0)+IF($R43<>"",($R$7*$O$105)+IF($R$7=4,($O$103)+IF($R43=$Q$7+$R$7,$O$104,0),0),0)) -> 3 | T44: =(IF($T43<>"",($T$7*$P$105)+IF($T$7=4,($P$103)+IF($T43=$T$7+$U$7,$P$104,0),0),0)+IF($U43<>"",($U$7*$P$105)+IF($U$7=4,($P$103)+IF($U43=$T$7+$U$7,$P$104,0),0),0)) -> 18 | V44: =(IF($V43<>"",($V$7*$P$105)+IF($V$7=4,($P$103)+IF($V43=$V$7+$W$7,$P$104,0),0),0)+IF($W43<>"",($W$7*$P$105)+IF($W$7=4,($P$103)+IF($W43=$V$7+$W$7,$P$104,0),0),0)) -> 0 | X44: =(IF($X43<>"",($X$7*$P$105)+IF($X$7=4,($P$103)+IF($X43=$X$7+$Y$7,$P$104,0),0),0)+IF($Y43<>"",($Y$7*$P$105)+IF($Y$7=4,($P$103)+IF($Y43=$X$7+$Y$7,$P$104,0),0),0)) -> 3 | Z44: =(IF($Z43<>"",($Z$7*$P$105)+IF($Z$7=4,($P$103)+IF($Z43=$Z$7+$AA$7,$P$104,0),0),0)+IF($AA43<>"",($AA$7*$P$105)+IF($AA$7=4,($P$103)+IF($AA43=$Z$7+$AA$7,$P$104,0),0),0)) -> 14 | AC44: =(IF($AC43<>"",($AC$7*$Q$105)+IF($AC$7=4,($Q$103)+IF($AC43=$AC$7+$AD$7,$Q$104,0),0),0)+IF($AD43<>"",($AD$7*$Q$105)+IF($AD$7=4,($Q$103)+IF($AD43=$AC$7+$AD$7,$Q$104,0),0),0)) -> 19 | AE44: =(IF($AE43<>"",($AE$7*$Q$105)+IF($AE$7=4,($Q$103)+IF($AE43=$AE$7+$AF$7,$Q$104,0),0),0)+IF($AF43<>"",($AF$7*$Q$105)+IF($AF$7=4,($Q$103)+IF($AF43=$AE$7+$AF$7,$Q$104,0),0),0)) -> 19 | AH44: =(IF($AH43<>"",($AH$7*$Q$105)+IF($AH$7=4,($R$103)+IF($AH43=$AH$7+$AI$7,$R$104,0),0),0)+IF($AI43<>"",($AI$7*$R$105)+IF($AI$7=4,($R$103)+IF($AI43=$AH$7+$AI$7,$R$104,0),0),0)) -> 3 | AK44: =MAX($AL$11:$AL$98) - AL44 -> 137
B45: Prédiction équipe | C45: =IF(ISBLANK(C43), 0, IF(C$7= 4, 1, 0)) -> 0 | D45: =IF(ISBLANK(D43), 0, IF(D$7 = 4, 1, 0)) -> 0 | E45: =IF(ISBLANK(E43), 0, IF(E$7= 4, 1, 0)) -> 1 | F45: =IF(ISBLANK(F43), 0, IF(F$7 = 4, 1, 0)) -> 0 | G45: =IF(ISBLANK(G43), 0, IF(G$7= 4, 1, 0)) -> 0 | H45: =IF(ISBLANK(H43), 0, IF(H$7 = 4, 1, 0)) -> 0 | I45: =IF(ISBLANK(I43), 0, IF(I$7= 4, 1, 0)) -> 1 | J45: =IF(ISBLANK(J43), 0, IF(J$7 = 4, 1, 0)) -> 0 | K45: =IF(ISBLANK(K43), 0, IF(K$7= 4, 1, 0)) -> 0 | L45: =IF(ISBLANK(L43), 0, IF(L$7 = 4, 1, 0)) -> 0 | M45: =IF(ISBLANK(M43), 0, IF(M$7= 4, 1, 0)) -> 0 | N45: =IF(ISBLANK(N43), 0, IF(N$7 = 4, 1, 0)) -> 0 | O45: =IF(ISBLANK(O43), 0, IF(O$7= 4, 1, 0)) -> 0 | P45: =IF(ISBLANK(P43), 0, IF(P$7 = 4, 1, 0)) -> 0 | Q45: =IF(ISBLANK(Q43), 0, IF(Q$7= 4, 1, 0)) -> 0 | R45: =IF(ISBLANK(R43), 0, IF(R$7 = 4, 1, 0)) -> 0 | T45: =IF(ISBLANK(T43), 0, IF(T$7= 4, 1, 0)) -> 1 | U45: =IF(ISBLANK(U43), 0, IF(U$7 = 4, 1, 0)) -> 0 | V45: =IF(ISBLANK(V43), 0, IF(V$7= 4, 1, 0)) -> 0 | W45: =IF(ISBLANK(W43), 0, IF(W$7 = 4, 1, 0)) -> 0 | X45: =IF(ISBLANK(X43), 0, IF(X$7= 4, 1, 0)) -> 0 | Y45: =IF(ISBLANK(Y43), 0, IF(Y$7 = 4, 1, 0)) -> 0 | Z45: =IF(ISBLANK(Z43), 0, IF(Z$7= 4, 1, 0)) -> 1 | AA45: =IF(ISBLANK(AA43), 0, IF(AA$7 = 4, 1, 0)) -> 0 | AC45: =IF(ISBLANK(AC43), 0, IF(AC$7= 4, 1, 0)) -> 1 | AD45: =IF(ISBLANK(AD43), 0, IF(AD$7 = 4, 1, 0)) -> 0 | AE45: =IF(ISBLANK(AE43), 0, IF(AE$7= 4, 1, 0)) -> 0 | AF45: =IF(ISBLANK(AF43), 0, IF(AF$7 = 4, 1, 0)) -> 1 | AH45: =IF(ISBLANK(AH43), 0, IF(AH$7= 4, 1, 0)) -> 0 | AI45: =IF(ISBLANK(AI43), 0, IF(AI$7 = 4, 1, 0)) -> 0 | AK45: =SUM(C45:AI45) -> 6
B46: Prédiciton nb matchs | C46: =IF(C45 = 0, 0, IF(C43 = (C$7+D$7),1,0)) -> 0 | D46: =IF(D45 = 0, 0, IF(D43 = (C$7+D$7),1,0)) -> 0 | E46: =IF(E45 = 0, 0, IF(E43 = (E$7+F$7),1,0)) -> 0 | F46: =IF(F45 = 0, 0, IF(F43 = (E$7+F$7),1,0)) -> 0 | G46: =IF(G45 = 0, 0, IF(G43 = (G$7+H$7),1,0)) -> 0 | H46: =IF(H45 = 0, 0, IF(H43 = (G$7+H$7),1,0)) -> 0 | I46: =IF(I45 = 0, 0, IF(I43 = (I$7+J$7),1,0)) -> 0 | J46: =IF(J45 = 0, 0, IF(J43 = (I$7+J$7),1,0)) -> 0 | K46: =IF(K45 = 0, 0, IF(K43 = (K$7+L$7),1,0)) -> 0 | L46: =IF(L45 = 0, 0, IF(L43 = (K$7+L$7),1,0)) -> 0 | M46: =IF(M45 = 0, 0, IF(M43 = (M$7+N$7),1,0)) -> 0 | N46: =IF(N45 = 0, 0, IF(N43 = (M$7+N$7),1,0)) -> 0 | O46: =IF(O45 = 0, 0, IF(O43 = (O$7+P$7),1,0)) -> 0 | P46: =IF(P45 = 0, 0, IF(P43 = (O$7+P$7),1,0)) -> 0 | Q46: =IF(Q45 = 0, 0, IF(Q43 = (Q$7+R$7),1,0)) -> 0 | R46: =IF(R45 = 0, 0, IF(R43 = (Q$7+R$7),1,0)) -> 0 | T46: =IF(T45 = 0, 0, IF(T43 = (T$7+U$7),1,0)) -> 1 | U46: =IF(U45 = 0, 0, IF(U43 = (T$7+U$7),1,0)) -> 0 | V46: =IF(V45 = 0, 0, IF(V43 = (V$7+W$7),1,0)) -> 0 | W46: =IF(W45 = 0, 0, IF(W43 = (V$7+W$7),1,0)) -> 0 | X46: =IF(X45 = 0, 0, IF(X43 = (X$7+Y$7),1,0)) -> 0 | Y46: =IF(Y45 = 0, 0, IF(Y43 = (X$7+Y$7),1,0)) -> 0 | Z46: =IF(Z45 = 0, 0, IF(Z43 = (Z$7+AA$7),1,0)) -> 0 | AA46: =IF(AA45 = 0, 0, IF(AA43 = (Z$7+AA$7),1,0)) -> 0 | AC46: =IF(AC45 = 0, 0, IF(AC43 = (AC$7+AD$7),1,0)) -> 0 | AD46: =IF(AD45 = 0, 0, IF(AD43 = (AC$7+AD$7),1,0)) -> 0 | AE46: =IF(AE45 = 0, 0, IF(AE43 = (AE$7+AF$7),1,0)) -> 0 | AF46: =IF(AF45 = 0, 0, IF(AF43 = (AE$7+AF$7),1,0)) -> 0 | AH46: =IF(AH45 = 0, 0, IF(AH43 = (AH$7+AI$7),1,0)) -> 0 | AI46: =IF(AI45 = 0, 0, IF(AI43 = (AH$7+AI$7),1,0)) -> 0 | AK46: =SUM(C46:AI46) -> 1
A47: =RANK(AL47,$AL$11:$AL$98,) -> 10 | B47: Michel Guérin | C47: 6 | E47: 5 | G47: 7 | J47: 6 | K47: 6 | N47: 7 | O47: 6 | Q47: 7 | S47: =SUM(C48:R48) -> 35 | U47: 7 | V47: 6 | Y47: 7 | Z47: 6 | AB47: =SUM(T48:AA48) -> 19 | AD47: 7 | AF47: 7 | AG47: =SUM(AC48:AF48) -> 19 | AI47: 6 | AJ47: =AH48 -> 24 | AK47: =MAX($AL$11:$AL$98) - AL47 -> 40 | AL47: =$S47+$AB47+$AG47+$AJ47 -> 97
A48: =RANK(AL48,$AL$11:$AL$98,) -> #N/A | C48: =(IF($C47<>"",($C$7*$O$105)+IF($C$7=4,($O$103)+IF($C47=$C$7+$D$7,$O$104,0),0),0)+IF($D47<>"",($D$7*$O$105)+IF($D$7=4,($O$103)+IF($D47=$C$7+$D$7,$O$104,0),0),0)) -> 0 | E48: =(IF($E47<>"",($E$7*$O$105)+IF($E$7=4,($O$103)+IF($E47=$E$7+$F$7,$O$104,0),0),0)+IF($F47<>"",($F$7*$O$105)+IF($F$7=4,($O$103)+IF($F47=$E$7+$F$7,$O$104,0),0),0)) -> 9 | G48: =(IF($G47<>"",($G$7*$O$105)+IF($G$7=4,($O$103)+IF($G47=$G$7+$H$7,$O$104,0),0),0)+IF($H47<>"",($H$7*$O$105)+IF($H$7=4,($O$103)+IF($H47=$G$7+$H$7,$O$104,0),0),0)) -> 3 | I48: =(IF($I47<>"",($I$7*$O$105)+IF($I$7=4,($O$103)+IF($I47=$I$7+$J$7,$O$104,0),0),0)+IF($J47<>"",($J$7*$O$105)+IF($J$7=4,($O$103)+IF($J47=$I$7+$J$7,$O$104,0),0),0)) -> 0 | K48: =(IF($K47<>"",($K$7*$O$105)+IF($K$7=4,($O$103)+IF($K47=$K$7+$L$7,$O$104,0),0),0)+IF($L47<>"",($L$7*$O$105)+IF($L$7=4,($O$103)+IF($L47=$K$7+$L$7,$O$104,0),0),0)) -> 1 | M48: =(IF($M47<>"",($M$7*$O$105)+IF($M$7=4,($O$103)+IF($M47=$M$7+$N$7,$O$104,0),0),0)+IF($N47<>"",($N$7*$O$105)+IF($N$7=4,($O$103)+IF($N47=$M$7+$N$7,$O$104,0),0),0)) -> 9 | O48: =(IF($O47<>"",($O$7*$O$105)+IF($O$7=4,($O$103)+IF($O47=$O$7+$P$7,$O$104,0),0),0)+IF($P47<>"",($P$7*$O$105)+IF($P$7=4,($O$103)+IF($P47=$O$7+$P$7,$O$104,0),0),0)) -> 2 | Q48: =(IF($Q47<>"",($Q$7*$O$105)+IF($Q$7=4,($O$103)+IF($Q47=$Q$7+$R$7,$O$104,0),0),0)+IF($R47<>"",($R$7*$O$105)+IF($R$7=4,($O$103)+IF($R47=$Q$7+$R$7,$O$104,0),0),0)) -> 11 | T48: =(IF($T47<>"",($T$7*$P$105)+IF($T$7=4,($P$103)+IF($T47=$T$7+$U$7,$P$104,0),0),0)+IF($U47<>"",($U$7*$P$105)+IF($U$7=4,($P$103)+IF($U47=$T$7+$U$7,$P$104,0),0),0)) -> 2 | V48: =(IF($V47<>"",($V$7*$P$105)+IF($V$7=4,($P$103)+IF($V47=$V$7+$W$7,$P$104,0),0),0)+IF($W47<>"",($W$7*$P$105)+IF($W$7=4,($P$103)+IF($W47=$V$7+$W$7,$P$104,0),0),0)) -> 0 | X48: =(IF($X47<>"",($X$7*$P$105)+IF($X$7=4,($P$103)+IF($X47=$X$7+$Y$7,$P$104,0),0),0)+IF($Y47<>"",($Y$7*$P$105)+IF($Y$7=4,($P$103)+IF($Y47=$X$7+$Y$7,$P$104,0),0),0)) -> 3 | Z48: =(IF($Z47<>"",($Z$7*$P$105)+IF($Z$7=4,($P$103)+IF($Z47=$Z$7+$AA$7,$P$104,0),0),0)+IF($AA47<>"",($AA$7*$P$105)+IF($AA$7=4,($P$103)+IF($AA47=$Z$7+$AA$7,$P$104,0),0),0)) -> 14 | AC48: =(IF($AC47<>"",($AC$7*$Q$105)+IF($AC$7=4,($Q$103)+IF($AC47=$AC$7+$AD$7,$Q$104,0),0),0)+IF($AD47<>"",($AD$7*$Q$105)+IF($AD$7=4,($Q$103)+IF($AD47=$AC$7+$AD$7,$Q$104,0),0),0)) -> 0 | AE48: =(IF($AE47<>"",($AE$7*$Q$105)+IF($AE$7=4,($Q$103)+IF($AE47=$AE$7+$AF$7,$Q$104,0),0),0)+IF($AF47<>"",($AF$7*$Q$105)+IF($AF$7=4,($Q$103)+IF($AF47=$AE$7+$AF$7,$Q$104,0),0),0)) -> 19 | AH48: =(IF($AH47<>"",($AH$7*$Q$105)+IF($AH$7=4,($R$103)+IF($AH47=$AH$7+$AI$7,$R$104,0),0),0)+IF($AI47<>"",($AI$7*$R$105)+IF($AI$7=4,($R$103)+IF($AI47=$AH$7+$AI$7,$R$104,0),0),0)) -> 24 | AK48: =MAX($AL$11:$AL$98) - AL48 -> 137
B49: Prédiction équipe | C49: =IF(ISBLANK(C47), 0, IF(C$7= 4, 1, 0)) -> 0 | D49: =IF(ISBLANK(D47), 0, IF(D$7 = 4, 1, 0)) -> 0 | E49: =IF(ISBLANK(E47), 0, IF(E$7= 4, 1, 0)) -> 1 | F49: =IF(ISBLANK(F47), 0, IF(F$7 = 4, 1, 0)) -> 0 | G49: =IF(ISBLANK(G47), 0, IF(G$7= 4, 1, 0)) -> 0 | H49: =IF(ISBLANK(H47), 0, IF(H$7 = 4, 1, 0)) -> 0 | I49: =IF(ISBLANK(I47), 0, IF(I$7= 4, 1, 0)) -> 0 | J49: =IF(ISBLANK(J47), 0, IF(J$7 = 4, 1, 0)) -> 0 | K49: =IF(ISBLANK(K47), 0, IF(K$7= 4, 1, 0)) -> 0 | L49: =IF(ISBLANK(L47), 0, IF(L$7 = 4, 1, 0)) -> 0 | M49: =IF(ISBLANK(M47), 0, IF(M$7= 4, 1, 0)) -> 0 | N49: =IF(ISBLANK(N47), 0, IF(N$7 = 4, 1, 0)) -> 1 | O49: =IF(ISBLANK(O47), 0, IF(O$7= 4, 1, 0)) -> 0 | P49: =IF(ISBLANK(P47), 0, IF(P$7 = 4, 1, 0)) -> 0 | Q49: =IF(ISBLANK(Q47), 0, IF(Q$7= 4, 1, 0)) -> 1 | R49: =IF(ISBLANK(R47), 0, IF(R$7 = 4, 1, 0)) -> 0 | T49: =IF(ISBLANK(T47), 0, IF(T$7= 4, 1, 0)) -> 0 | U49: =IF(ISBLANK(U47), 0, IF(U$7 = 4, 1, 0)) -> 0 | V49: =IF(ISBLANK(V47), 0, IF(V$7= 4, 1, 0)) -> 0 | W49: =IF(ISBLANK(W47), 0, IF(W$7 = 4, 1, 0)) -> 0 | X49: =IF(ISBLANK(X47), 0, IF(X$7= 4, 1, 0)) -> 0 | Y49: =IF(ISBLANK(Y47), 0, IF(Y$7 = 4, 1, 0)) -> 0 | Z49: =IF(ISBLANK(Z47), 0, IF(Z$7= 4, 1, 0)) -> 1 | AA49: =IF(ISBLANK(AA47), 0, IF(AA$7 = 4, 1, 0)) -> 0 | AC49: =IF(ISBLANK(AC47), 0, IF(AC$7= 4, 1, 0)) -> 0 | AD49: =IF(ISBLANK(AD47), 0, IF(AD$7 = 4, 1, 0)) -> 0 | AE49: =IF(ISBLANK(AE47), 0, IF(AE$7= 4, 1, 0)) -> 0 | AF49: =IF(ISBLANK(AF47), 0, IF(AF$7 = 4, 1, 0)) -> 1 | AH49: =IF(ISBLANK(AH47), 0, IF(AH$7= 4, 1, 0)) -> 0 | AI49: =IF(ISBLANK(AI47), 0, IF(AI$7 = 4, 1, 0)) -> 1 | AK49: =SUM(C49:AI49) -> 6
B50: Prédiciton nb matchs | C50: =IF(C49 = 0, 0, IF(C47 = (C$7+D$7),1,0)) -> 0 | D50: =IF(D49 = 0, 0, IF(D47 = (C$7+D$7),1,0)) -> 0 | E50: =IF(E49 = 0, 0, IF(E47 = (E$7+F$7),1,0)) -> 0 | F50: =IF(F49 = 0, 0, IF(F47 = (E$7+F$7),1,0)) -> 0 | G50: =IF(G49 = 0, 0, IF(G47 = (G$7+H$7),1,0)) -> 0 | H50: =IF(H49 = 0, 0, IF(H47 = (G$7+H$7),1,0)) -> 0 | I50: =IF(I49 = 0, 0, IF(I47 = (I$7+J$7),1,0)) -> 0 | J50: =IF(J49 = 0, 0, IF(J47 = (I$7+J$7),1,0)) -> 0 | K50: =IF(K49 = 0, 0, IF(K47 = (K$7+L$7),1,0)) -> 0 | L50: =IF(L49 = 0, 0, IF(L47 = (K$7+L$7),1,0)) -> 0 | M50: =IF(M49 = 0, 0, IF(M47 = (M$7+N$7),1,0)) -> 0 | N50: =IF(N49 = 0, 0, IF(N47 = (M$7+N$7),1,0)) -> 0 | O50: =IF(O49 = 0, 0, IF(O47 = (O$7+P$7),1,0)) -> 0 | P50: =IF(P49 = 0, 0, IF(P47 = (O$7+P$7),1,0)) -> 0 | Q50: =IF(Q49 = 0, 0, IF(Q47 = (Q$7+R$7),1,0)) -> 1 | R50: =IF(R49 = 0, 0, IF(R47 = (Q$7+R$7),1,0)) -> 0 | T50: =IF(T49 = 0, 0, IF(T47 = (T$7+U$7),1,0)) -> 0 | U50: =IF(U49 = 0, 0, IF(U47 = (T$7+U$7),1,0)) -> 0 | V50: =IF(V49 = 0, 0, IF(V47 = (V$7+W$7),1,0)) -> 0 | W50: =IF(W49 = 0, 0, IF(W47 = (V$7+W$7),1,0)) -> 0 | X50: =IF(X49 = 0, 0, IF(X47 = (X$7+Y$7),1,0)) -> 0 | Y50: =IF(Y49 = 0, 0, IF(Y47 = (X$7+Y$7),1,0)) -> 0 | Z50: =IF(Z49 = 0, 0, IF(Z47 = (Z$7+AA$7),1,0)) -> 0 | AA50: =IF(AA49 = 0, 0, IF(AA47 = (Z$7+AA$7),1,0)) -> 0 | AC50: =IF(AC49 = 0, 0, IF(AC47 = (AC$7+AD$7),1,0)) -> 0 | AD50: =IF(AD49 = 0, 0, IF(AD47 = (AC$7+AD$7),1,0)) -> 0 | AE50: =IF(AE49 = 0, 0, IF(AE47 = (AE$7+AF$7),1,0)) -> 0 | AF50: =IF(AF49 = 0, 0, IF(AF47 = (AE$7+AF$7),1,0)) -> 0 | AH50: =IF(AH49 = 0, 0, IF(AH47 = (AH$7+AI$7),1,0)) -> 0 | AI50: =IF(AI49 = 0, 0, IF(AI47 = (AH$7+AI$7),1,0)) -> 0 | AK50: =SUM(C50:AI50) -> 1
A51: =RANK(AL51,$AL$11:$AL$98,) -> 11 | B51: Matias Fajardo | C51: 6 | F51: 7 | G51: 6 | J51: 6 | L51: 6 | N51: 6 | O51: 5 | R51: 6 | S51: =SUM(C52:R52) -> 31 | U51: 5 | V51: 6 | X51: 6 | AA51: 6 | AB51: =SUM(T52:AA52) -> 19 | AC51: 6 | AE51: 5 | AG51: =SUM(AC52:AF52) -> 21 | AI51: 4 | AJ51: =AH52 -> 24 | AK51: =MAX($AL$11:$AL$98) - AL51 -> 42 | AL51: =$S51+$AB51+$AG51+$AJ51 -> 95
A52: =RANK(AL52,$AL$11:$AL$98,) -> #N/A | C52: =(IF($C51<>"",($C$7*$O$105)+IF($C$7=4,($O$103)+IF($C51=$C$7+$D$7,$O$104,0),0),0)+IF($D51<>"",($D$7*$O$105)+IF($D$7=4,($O$103)+IF($D51=$C$7+$D$7,$O$104,0),0),0)) -> 0 | E52: =(IF($E51<>"",($E$7*$O$105)+IF($E$7=4,($O$103)+IF($E51=$E$7+$F$7,$O$104,0),0),0)+IF($F51<>"",($F$7*$O$105)+IF($F$7=4,($O$103)+IF($F51=$E$7+$F$7,$O$104,0),0),0)) -> 3 | G52: =(IF($G51<>"",($G$7*$O$105)+IF($G$7=4,($O$103)+IF($G51=$G$7+$H$7,$O$104,0),0),0)+IF($H51<>"",($H$7*$O$105)+IF($H$7=4,($O$103)+IF($H51=$G$7+$H$7,$O$104,0),0),0)) -> 3 | I52: =(IF($I51<>"",($I$7*$O$105)+IF($I$7=4,($O$103)+IF($I51=$I$7+$J$7,$O$104,0),0),0)+IF($J51<>"",($J$7*$O$105)+IF($J$7=4,($O$103)+IF($J51=$I$7+$J$7,$O$104,0),0),0)) -> 0 | K52: =(IF($K51<>"",($K$7*$O$105)+IF($K$7=4,($O$103)+IF($K51=$K$7+$L$7,$O$104,0),0),0)+IF($L51<>"",($L$7*$O$105)+IF($L$7=4,($O$103)+IF($L51=$K$7+$L$7,$O$104,0),0),0)) -> 9 | M52: =(IF($M51<>"",($M$7*$O$105)+IF($M$7=4,($O$103)+IF($M51=$M$7+$N$7,$O$104,0),0),0)+IF($N51<>"",($N$7*$O$105)+IF($N$7=4,($O$103)+IF($N51=$M$7+$N$7,$O$104,0),0),0)) -> 11 | O52: =(IF($O51<>"",($O$7*$O$105)+IF($O$7=4,($O$103)+IF($O51=$O$7+$P$7,$O$104,0),0),0)+IF($P51<>"",($P$7*$O$105)+IF($P$7=4,($O$103)+IF($P51=$O$7+$P$7,$O$104,0),0),0)) -> 2 | Q52: =(IF($Q51<>"",($Q$7*$O$105)+IF($Q$7=4,($O$103)+IF($Q51=$Q$7+$R$7,$O$104,0),0),0)+IF($R51<>"",($R$7*$O$105)+IF($R$7=4,($O$103)+IF($R51=$Q$7+$R$7,$O$104,0),0),0)) -> 3 | T52: =(IF($T51<>"",($T$7*$P$105)+IF($T$7=4,($P$103)+IF($T51=$T$7+$U$7,$P$104,0),0),0)+IF($U51<>"",($U$7*$P$105)+IF($U$7=4,($P$103)+IF($U51=$T$7+$U$7,$P$104,0),0),0)) -> 2 | V52: =(IF($V51<>"",($V$7*$P$105)+IF($V$7=4,($P$103)+IF($V51=$V$7+$W$7,$P$104,0),0),0)+IF($W51<>"",($W$7*$P$105)+IF($W$7=4,($P$103)+IF($W51=$V$7+$W$7,$P$104,0),0),0)) -> 0 | X52: =(IF($X51<>"",($X$7*$P$105)+IF($X$7=4,($P$103)+IF($X51=$X$7+$Y$7,$P$104,0),0),0)+IF($Y51<>"",($Y$7*$P$105)+IF($Y$7=4,($P$103)+IF($Y51=$X$7+$Y$7,$P$104,0),0),0)) -> 14 | Z52: =(IF($Z51<>"",($Z$7*$P$105)+IF($Z$7=4,($P$103)+IF($Z51=$Z$7+$AA$7,$P$104,0),0),0)+IF($AA51<>"",($AA$7*$P$105)+IF($AA$7=4,($P$103)+IF($AA51=$Z$7+$AA$7,$P$104,0),0),0)) -> 3 | AC52: =(IF($AC51<>"",($AC$7*$Q$105)+IF($AC$7=4,($Q$103)+IF($AC51=$AC$7+$AD$7,$Q$104,0),0),0)+IF($AD51<>"",($AD$7*$Q$105)+IF($AD$7=4,($Q$103)+IF($AD51=$AC$7+$AD$7,$Q$104,0),0),0)) -> 19 | AE52: =(IF($AE51<>"",($AE$7*$Q$105)+IF($AE$7=4,($Q$103)+IF($AE51=$AE$7+$AF$7,$Q$104,0),0),0)+IF($AF51<>"",($AF$7*$Q$105)+IF($AF$7=4,($Q$103)+IF($AF51=$AE$7+$AF$7,$Q$104,0),0),0)) -> 2 | AH52: =(IF($AH51<>"",($AH$7*$Q$105)+IF($AH$7=4,($R$103)+IF($AH51=$AH$7+$AI$7,$R$104,0),0),0)+IF($AI51<>"",($AI$7*$R$105)+IF($AI$7=4,($R$103)+IF($AI51=$AH$7+$AI$7,$R$104,0),0),0)) -> 24
B53: Prédiction équipe | C53: =IF(ISBLANK(C51), 0, IF(C$7= 4, 1, 0)) -> 0 | D53: =IF(ISBLANK(D51), 0, IF(D$7 = 4, 1, 0)) -> 0 | E53: =IF(ISBLANK(E51), 0, IF(E$7= 4, 1, 0)) -> 0 | F53: =IF(ISBLANK(F51), 0, IF(F$7 = 4, 1, 0)) -> 0 | G53: =IF(ISBLANK(G51), 0, IF(G$7= 4, 1, 0)) -> 0 | H53: =IF(ISBLANK(H51), 0, IF(H$7 = 4, 1, 0)) -> 0 | I53: =IF(ISBLANK(I51), 0, IF(I$7= 4, 1, 0)) -> 0 | J53: =IF(ISBLANK(J51), 0, IF(J$7 = 4, 1, 0)) -> 0 | K53: =IF(ISBLANK(K51), 0, IF(K$7= 4, 1, 0)) -> 0 | L53: =IF(ISBLANK(L51), 0, IF(L$7 = 4, 1, 0)) -> 1 | M53: =IF(ISBLANK(M51), 0, IF(M$7= 4, 1, 0)) -> 0 | N53: =IF(ISBLANK(N51), 0, IF(N$7 = 4, 1, 0)) -> 1 | O53: =IF(ISBLANK(O51), 0, IF(O$7= 4, 1, 0)) -> 0 | P53: =IF(ISBLANK(P51), 0, IF(P$7 = 4, 1, 0)) -> 0 | Q53: =IF(ISBLANK(Q51), 0, IF(Q$7= 4, 1, 0)) -> 0 | R53: =IF(ISBLANK(R51), 0, IF(R$7 = 4, 1, 0)) -> 0 | T53: =IF(ISBLANK(T51), 0, IF(T$7= 4, 1, 0)) -> 0 | U53: =IF(ISBLANK(U51), 0, IF(U$7 = 4, 1, 0)) -> 0 | V53: =IF(ISBLANK(V51), 0, IF(V$7= 4, 1, 0)) -> 0 | W53: =IF(ISBLANK(W51), 0, IF(W$7 = 4, 1, 0)) -> 0 | X53: =IF(ISBLANK(X51), 0, IF(X$7= 4, 1, 0)) -> 1 | Y53: =IF(ISBLANK(Y51), 0, IF(Y$7 = 4, 1, 0)) -> 0 | Z53: =IF(ISBLANK(Z51), 0, IF(Z$7= 4, 1, 0)) -> 0 | AA53: =IF(ISBLANK(AA51), 0, IF(AA$7 = 4, 1, 0)) -> 0 | AC53: =IF(ISBLANK(AC51), 0, IF(AC$7= 4, 1, 0)) -> 1 | AD53: =IF(ISBLANK(AD51), 0, IF(AD$7 = 4, 1, 0)) -> 0 | AE53: =IF(ISBLANK(AE51), 0, IF(AE$7= 4, 1, 0)) -> 0 | AF53: =IF(ISBLANK(AF51), 0, IF(AF$7 = 4, 1, 0)) -> 0 | AH53: =IF(ISBLANK(AH51), 0, IF(AH$7= 4, 1, 0)) -> 0 | AI53: =IF(ISBLANK(AI51), 0, IF(AI$7 = 4, 1, 0)) -> 1 | AK53: =SUM(C53:AI53) -> 5
B54: Prédiciton nb matchs | C54: =IF(C53 = 0, 0, IF(C51 = (C$7+D$7),1,0)) -> 0 | D54: =IF(D53 = 0, 0, IF(D51 = (C$7+D$7),1,0)) -> 0 | E54: =IF(E53 = 0, 0, IF(E51 = (E$7+F$7),1,0)) -> 0 | F54: =IF(F53 = 0, 0, IF(F51 = (E$7+F$7),1,0)) -> 0 | G54: =IF(G53 = 0, 0, IF(G51 = (G$7+H$7),1,0)) -> 0 | H54: =IF(H53 = 0, 0, IF(H51 = (G$7+H$7),1,0)) -> 0 | I54: =IF(I53 = 0, 0, IF(I51 = (I$7+J$7),1,0)) -> 0 | J54: =IF(J53 = 0, 0, IF(J51 = (I$7+J$7),1,0)) -> 0 | K54: =IF(K53 = 0, 0, IF(K51 = (K$7+L$7),1,0)) -> 0 | L54: =IF(L53 = 0, 0, IF(L51 = (K$7+L$7),1,0)) -> 0 | M54: =IF(M53 = 0, 0, IF(M51 = (M$7+N$7),1,0)) -> 0 | N54: =IF(N53 = 0, 0, IF(N51 = (M$7+N$7),1,0)) -> 1 | O54: =IF(O53 = 0, 0, IF(O51 = (O$7+P$7),1,0)) -> 0 | P54: =IF(P53 = 0, 0, IF(P51 = (O$7+P$7),1,0)) -> 0 | Q54: =IF(Q53 = 0, 0, IF(Q51 = (Q$7+R$7),1,0)) -> 0 | R54: =IF(R53 = 0, 0, IF(R51 = (Q$7+R$7),1,0)) -> 0 | T54: =IF(T53 = 0, 0, IF(T51 = (T$7+U$7),1,0)) -> 0 | U54: =IF(U53 = 0, 0, IF(U51 = (T$7+U$7),1,0)) -> 0 | V54: =IF(V53 = 0, 0, IF(V51 = (V$7+W$7),1,0)) -> 0 | W54: =IF(W53 = 0, 0, IF(W51 = (V$7+W$7),1,0)) -> 0 | X54: =IF(X53 = 0, 0, IF(X51 = (X$7+Y$7),1,0)) -> 0 | Y54: =IF(Y53 = 0, 0, IF(Y51 = (X$7+Y$7),1,0)) -> 0 | Z54: =IF(Z53 = 0, 0, IF(Z51 = (Z$7+AA$7),1,0)) -> 0 | AA54: =IF(AA53 = 0, 0, IF(AA51 = (Z$7+AA$7),1,0)) -> 0 | AC54: =IF(AC53 = 0, 0, IF(AC51 = (AC$7+AD$7),1,0)) -> 0 | AD54: =IF(AD53 = 0, 0, IF(AD51 = (AC$7+AD$7),1,0)) -> 0 | AE54: =IF(AE53 = 0, 0, IF(AE51 = (AE$7+AF$7),1,0)) -> 0 | AF54: =IF(AF53 = 0, 0, IF(AF51 = (AE$7+AF$7),1,0)) -> 0 | AH54: =IF(AH53 = 0, 0, IF(AH51 = (AH$7+AI$7),1,0)) -> 0 | AI54: =IF(AI53 = 0, 0, IF(AI51 = (AH$7+AI$7),1,0)) -> 0 | AK54: =SUM(C54:AI54) -> 1
A55: =RANK(AL55,$AL$11:$AL$98,) -> 12 | B55: Raymond Tiefengraber | C55: 5 | E55: 6 | G55: 6 | J55: 6 | K55: 6 | M55: 7 | O55: 6 | R55: 7 | S55: =SUM(C56:R56) -> 20 | T55: 7 | V55: 7 | X55: 7 | Z55: 7 | AB55: =SUM(T56:AA56) -> 50 | AC55: 5 | AE55: 7 | AG55: =SUM(AC56:AF56) -> 21 | AH55: 5 | AJ55: =AH56 -> 3 | AK55: =MAX($AL$11:$AL$98) - AL55 -> 43 | AL55: =$S55+$AB55+$AG55+$AJ55 -> 94
A56: =RANK(AL56,$AL$11:$AL$98,) -> #N/A | C56: =(IF($C55<>"",($C$7*$O$105)+IF($C$7=4,($O$103)+IF($C55=$C$7+$D$7,$O$104,0),0),0)+IF($D55<>"",($D$7*$O$105)+IF($D$7=4,($O$103)+IF($D55=$C$7+$D$7,$O$104,0),0),0)) -> 0 | E56: =(IF($E55<>"",($E$7*$O$105)+IF($E$7=4,($O$103)+IF($E55=$E$7+$F$7,$O$104,0),0),0)+IF($F55<>"",($F$7*$O$105)+IF($F$7=4,($O$103)+IF($F55=$E$7+$F$7,$O$104,0),0),0)) -> 9 | G56: =(IF($G55<>"",($G$7*$O$105)+IF($G$7=4,($O$103)+IF($G55=$G$7+$H$7,$O$104,0),0),0)+IF($H55<>"",($H$7*$O$105)+IF($H$7=4,($O$103)+IF($H55=$G$7+$H$7,$O$104,0),0),0)) -> 3 | I56: =(IF($I55<>"",($I$7*$O$105)+IF($I$7=4,($O$103)+IF($I55=$I$7+$J$7,$O$104,0),0),0)+IF($J55<>"",($J$7*$O$105)+IF($J$7=4,($O$103)+IF($J55=$I$7+$J$7,$O$104,0),0),0)) -> 0 | K56: =(IF($K55<>"",($K$7*$O$105)+IF($K$7=4,($O$103)+IF($K55=$K$7+$L$7,$O$104,0),0),0)+IF($L55<>"",($L$7*$O$105)+IF($L$7=4,($O$103)+IF($L55=$K$7+$L$7,$O$104,0),0),0)) -> 1 | M56: =(IF($M55<>"",($M$7*$O$105)+IF($M$7=4,($O$103)+IF($M55=$M$7+$N$7,$O$104,0),0),0)+IF($N55<>"",($N$7*$O$105)+IF($N$7=4,($O$103)+IF($N55=$M$7+$N$7,$O$104,0),0),0)) -> 2 | O56: =(IF($O55<>"",($O$7*$O$105)+IF($O$7=4,($O$103)+IF($O55=$O$7+$P$7,$O$104,0),0),0)+IF($P55<>"",($P$7*$O$105)+IF($P$7=4,($O$103)+IF($P55=$O$7+$P$7,$O$104,0),0),0)) -> 2 | Q56: =(IF($Q55<>"",($Q$7*$O$105)+IF($Q$7=4,($O$103)+IF($Q55=$Q$7+$R$7,$O$104,0),0),0)+IF($R55<>"",($R$7*$O$105)+IF($R$7=4,($O$103)+IF($R55=$Q$7+$R$7,$O$104,0),0),0)) -> 3 | T56: =(IF($T55<>"",($T$7*$P$105)+IF($T$7=4,($P$103)+IF($T55=$T$7+$U$7,$P$104,0),0),0)+IF($U55<>"",($U$7*$P$105)+IF($U$7=4,($P$103)+IF($U55=$T$7+$U$7,$P$104,0),0),0)) -> 14 | V56: =(IF($V55<>"",($V$7*$P$105)+IF($V$7=4,($P$103)+IF($V55=$V$7+$W$7,$P$104,0),0),0)+IF($W55<>"",($W$7*$P$105)+IF($W$7=4,($P$103)+IF($W55=$V$7+$W$7,$P$104,0),0),0)) -> 0 | X56: =(IF($X55<>"",($X$7*$P$105)+IF($X$7=4,($P$103)+IF($X55=$X$7+$Y$7,$P$104,0),0),0)+IF($Y55<>"",($Y$7*$P$105)+IF($Y$7=4,($P$103)+IF($Y55=$X$7+$Y$7,$P$104,0),0),0)) -> 18 | Z56: =(IF($Z55<>"",($Z$7*$P$105)+IF($Z$7=4,($P$103)+IF($Z55=$Z$7+$AA$7,$P$104,0),0),0)+IF($AA55<>"",($AA$7*$P$105)+IF($AA$7=4,($P$103)+IF($AA55=$Z$7+$AA$7,$P$104,0),0),0)) -> 18 | AC56: =(IF($AC55<>"",($AC$7*$Q$105)+IF($AC$7=4,($Q$103)+IF($AC55=$AC$7+$AD$7,$Q$104,0),0),0)+IF($AD55<>"",($AD$7*$Q$105)+IF($AD$7=4,($Q$103)+IF($AD55=$AC$7+$AD$7,$Q$104,0),0),0)) -> 19 | AE56: =(IF($AE55<>"",($AE$7*$Q$105)+IF($AE$7=4,($Q$103)+IF($AE55=$AE$7+$AF$7,$Q$104,0),0),0)+IF($AF55<>"",($AF$7*$Q$105)+IF($AF$7=4,($Q$103)+IF($AF55=$AE$7+$AF$7,$Q$104,0),0),0)) -> 2 | AH56: =(IF($AH55<>"",($AH$7*$Q$105)+IF($AH$7=4,($R$103)+IF($AH55=$AH$7+$AI$7,$R$104,0),0),0)+IF($AI55<>"",($AI$7*$R$105)+IF($AI$7=4,($R$103)+IF($AI55=$AH$7+$AI$7,$R$104,0),0),0)) -> 3
B57: Prédiction équipe | C57: =IF(ISBLANK(C55), 0, IF(C$7= 4, 1, 0)) -> 0 | D57: =IF(ISBLANK(D55), 0, IF(D$7 = 4, 1, 0)) -> 0 | E57: =IF(ISBLANK(E55), 0, IF(E$7= 4, 1, 0)) -> 1 | F57: =IF(ISBLANK(F55), 0, IF(F$7 = 4, 1, 0)) -> 0 | G57: =IF(ISBLANK(G55), 0, IF(G$7= 4, 1, 0)) -> 0 | H57: =IF(ISBLANK(H55), 0, IF(H$7 = 4, 1, 0)) -> 0 | I57: =IF(ISBLANK(I55), 0, IF(I$7= 4, 1, 0)) -> 0 | J57: =IF(ISBLANK(J55), 0, IF(J$7 = 4, 1, 0)) -> 0 | K57: =IF(ISBLANK(K55), 0, IF(K$7= 4, 1, 0)) -> 0 | L57: =IF(ISBLANK(L55), 0, IF(L$7 = 4, 1, 0)) -> 0 | M57: =IF(ISBLANK(M55), 0, IF(M$7= 4, 1, 0)) -> 0 | N57: =IF(ISBLANK(N55), 0, IF(N$7 = 4, 1, 0)) -> 0 | O57: =IF(ISBLANK(O55), 0, IF(O$7= 4, 1, 0)) -> 0 | P57: =IF(ISBLANK(P55), 0, IF(P$7 = 4, 1, 0)) -> 0 | Q57: =IF(ISBLANK(Q55), 0, IF(Q$7= 4, 1, 0)) -> 0 | R57: =IF(ISBLANK(R55), 0, IF(R$7 = 4, 1, 0)) -> 0 | T57: =IF(ISBLANK(T55), 0, IF(T$7= 4, 1, 0)) -> 1 | U57: =IF(ISBLANK(U55), 0, IF(U$7 = 4, 1, 0)) -> 0 | V57: =IF(ISBLANK(V55), 0, IF(V$7= 4, 1, 0)) -> 0 | W57: =IF(ISBLANK(W55), 0, IF(W$7 = 4, 1, 0)) -> 0 | X57: =IF(ISBLANK(X55), 0, IF(X$7= 4, 1, 0)) -> 1 | Y57: =IF(ISBLANK(Y55), 0, IF(Y$7 = 4, 1, 0)) -> 0 | Z57: =IF(ISBLANK(Z55), 0, IF(Z$7= 4, 1, 0)) -> 1 | AA57: =IF(ISBLANK(AA55), 0, IF(AA$7 = 4, 1, 0)) -> 0 | AC57: =IF(ISBLANK(AC55), 0, IF(AC$7= 4, 1, 0)) -> 1 | AD57: =IF(ISBLANK(AD55), 0, IF(AD$7 = 4, 1, 0)) -> 0 | AE57: =IF(ISBLANK(AE55), 0, IF(AE$7= 4, 1, 0)) -> 0 | AF57: =IF(ISBLANK(AF55), 0, IF(AF$7 = 4, 1, 0)) -> 0 | AH57: =IF(ISBLANK(AH55), 0, IF(AH$7= 4, 1, 0)) -> 0 | AI57: =IF(ISBLANK(AI55), 0, IF(AI$7 = 4, 1, 0)) -> 0 | AK57: =SUM(C57:AI57) -> 5
B58: Prédiciton nb matchs | C58: =IF(C57 = 0, 0, IF(C55 = (C$7+D$7),1,0)) -> 0 | D58: =IF(D57 = 0, 0, IF(D55 = (C$7+D$7),1,0)) -> 0 | E58: =IF(E57 = 0, 0, IF(E55 = (E$7+F$7),1,0)) -> 0 | F58: =IF(F57 = 0, 0, IF(F55 = (E$7+F$7),1,0)) -> 0 | G58: =IF(G57 = 0, 0, IF(G55 = (G$7+H$7),1,0)) -> 0 | H58: =IF(H57 = 0, 0, IF(H55 = (G$7+H$7),1,0)) -> 0 | I58: =IF(I57 = 0, 0, IF(I55 = (I$7+J$7),1,0)) -> 0 | J58: =IF(J57 = 0, 0, IF(J55 = (I$7+J$7),1,0)) -> 0 | K58: =IF(K57 = 0, 0, IF(K55 = (K$7+L$7),1,0)) -> 0 | L58: =IF(L57 = 0, 0, IF(L55 = (K$7+L$7),1,0)) -> 0 | M58: =IF(M57 = 0, 0, IF(M55 = (M$7+N$7),1,0)) -> 0 | N58: =IF(N57 = 0, 0, IF(N55 = (M$7+N$7),1,0)) -> 0 | O58: =IF(O57 = 0, 0, IF(O55 = (O$7+P$7),1,0)) -> 0 | P58: =IF(P57 = 0, 0, IF(P55 = (O$7+P$7),1,0)) -> 0 | Q58: =IF(Q57 = 0, 0, IF(Q55 = (Q$7+R$7),1,0)) -> 0 | R58: =IF(R57 = 0, 0, IF(R55 = (Q$7+R$7),1,0)) -> 0 | T58: =IF(T57 = 0, 0, IF(T55 = (T$7+U$7),1,0)) -> 0 | U58: =IF(U57 = 0, 0, IF(U55 = (T$7+U$7),1,0)) -> 0 | V58: =IF(V57 = 0, 0, IF(V55 = (V$7+W$7),1,0)) -> 0 | W58: =IF(W57 = 0, 0, IF(W55 = (V$7+W$7),1,0)) -> 0 | X58: =IF(X57 = 0, 0, IF(X55 = (X$7+Y$7),1,0)) -> 1 | Y58: =IF(Y57 = 0, 0, IF(Y55 = (X$7+Y$7),1,0)) -> 0 | Z58: =IF(Z57 = 0, 0, IF(Z55 = (Z$7+AA$7),1,0)) -> 1 | AA58: =IF(AA57 = 0, 0, IF(AA55 = (Z$7+AA$7),1,0)) -> 0 | AC58: =IF(AC57 = 0, 0, IF(AC55 = (AC$7+AD$7),1,0)) -> 0 | AD58: =IF(AD57 = 0, 0, IF(AD55 = (AC$7+AD$7),1,0)) -> 0 | AE58: =IF(AE57 = 0, 0, IF(AE55 = (AE$7+AF$7),1,0)) -> 0 | AF58: =IF(AF57 = 0, 0, IF(AF55 = (AE$7+AF$7),1,0)) -> 0 | AH58: =IF(AH57 = 0, 0, IF(AH55 = (AH$7+AI$7),1,0)) -> 0 | AI58: =IF(AI57 = 0, 0, IF(AI55 = (AH$7+AI$7),1,0)) -> 0 | AK58: =SUM(C58:AI58) -> 2
A59: =RANK(AL59,$AL$11:$AL$98,) -> 13 | B59: Olivier Paris | C59: 4 | E59: 5 | G59: 6 | I59: 7 | K59: 5 | N59: 7 | O59: 6 | Q59: 7 | S59: =SUM(C60:R60) -> 44 | U59: 6 | V59: 6 | Y59: 6 | Z59: 6 | AB59: =SUM(T60:AA60) -> 19 | AD59: 7 | AE59: 6 | AG59: =SUM(AC60:AF60) -> 2 | AI59: 6 | AJ59: =AH60 -> 24 | AK59: =MAX($AL$11:$AL$98) - AL59 -> 48 | AL59: =$S59+$AB59+$AG59+$AJ59 -> 89
A60: =RANK(AL60,$AL$11:$AL$98,) -> #N/A | C60: =(IF($C59<>"",($C$7*$O$105)+IF($C$7=4,($O$103)+IF($C59=$C$7+$D$7,$O$104,0),0),0)+IF($D59<>"",($D$7*$O$105)+IF($D$7=4,($O$103)+IF($D59=$C$7+$D$7,$O$104,0),0),0)) -> 0 | E60: =(IF($E59<>"",($E$7*$O$105)+IF($E$7=4,($O$103)+IF($E59=$E$7+$F$7,$O$104,0),0),0)+IF($F59<>"",($F$7*$O$105)+IF($F$7=4,($O$103)+IF($F59=$E$7+$F$7,$O$104,0),0),0)) -> 9 | G60: =(IF($G59<>"",($G$7*$O$105)+IF($G$7=4,($O$103)+IF($G59=$G$7+$H$7,$O$104,0),0),0)+IF($H59<>"",($H$7*$O$105)+IF($H$7=4,($O$103)+IF($H59=$G$7+$H$7,$O$104,0),0),0)) -> 3 | I60: =(IF($I59<>"",($I$7*$O$105)+IF($I$7=4,($O$103)+IF($I59=$I$7+$J$7,$O$104,0),0),0)+IF($J59<>"",($J$7*$O$105)+IF($J$7=4,($O$103)+IF($J59=$I$7+$J$7,$O$104,0),0),0)) -> 9 | K60: =(IF($K59<>"",($K$7*$O$105)+IF($K$7=4,($O$103)+IF($K59=$K$7+$L$7,$O$104,0),0),0)+IF($L59<>"",($L$7*$O$105)+IF($L$7=4,($O$103)+IF($L59=$K$7+$L$7,$O$104,0),0),0)) -> 1 | M60: =(IF($M59<>"",($M$7*$O$105)+IF($M$7=4,($O$103)+IF($M59=$M$7+$N$7,$O$104,0),0),0)+IF($N59<>"",($N$7*$O$105)+IF($N$7=4,($O$103)+IF($N59=$M$7+$N$7,$O$104,0),0),0)) -> 9 | O60: =(IF($O59<>"",($O$7*$O$105)+IF($O$7=4,($O$103)+IF($O59=$O$7+$P$7,$O$104,0),0),0)+IF($P59<>"",($P$7*$O$105)+IF($P$7=4,($O$103)+IF($P59=$O$7+$P$7,$O$104,0),0),0)) -> 2 | Q60: =(IF($Q59<>"",($Q$7*$O$105)+IF($Q$7=4,($O$103)+IF($Q59=$Q$7+$R$7,$O$104,0),0),0)+IF($R59<>"",($R$7*$O$105)+IF($R$7=4,($O$103)+IF($R59=$Q$7+$R$7,$O$104,0),0),0)) -> 11 | T60: =(IF($T59<>"",($T$7*$P$105)+IF($T$7=4,($P$103)+IF($T59=$T$7+$U$7,$P$104,0),0),0)+IF($U59<>"",($U$7*$P$105)+IF($U$7=4,($P$103)+IF($U59=$T$7+$U$7,$P$104,0),0),0)) -> 2 | V60: =(IF($V59<>"",($V$7*$P$105)+IF($V$7=4,($P$103)+IF($V59=$V$7+$W$7,$P$104,0),0),0)+IF($W59<>"",($W$7*$P$105)+IF($W$7=4,($P$103)+IF($W59=$V$7+$W$7,$P$104,0),0),0)) -> 0 | X60: =(IF($X59<>"",($X$7*$P$105)+IF($X$7=4,($P$103)+IF($X59=$X$7+$Y$7,$P$104,0),0),0)+IF($Y59<>"",($Y$7*$P$105)+IF($Y$7=4,($P$103)+IF($Y59=$X$7+$Y$7,$P$104,0),0),0)) -> 3 | Z60: =(IF($Z59<>"",($Z$7*$P$105)+IF($Z$7=4,($P$103)+IF($Z59=$Z$7+$AA$7,$P$104,0),0),0)+IF($AA59<>"",($AA$7*$P$105)+IF($AA$7=4,($P$103)+IF($AA59=$Z$7+$AA$7,$P$104,0),0),0)) -> 14 | AC60: =(IF($AC59<>"",($AC$7*$Q$105)+IF($AC$7=4,($Q$103)+IF($AC59=$AC$7+$AD$7,$Q$104,0),0),0)+IF($AD59<>"",($AD$7*$Q$105)+IF($AD$7=4,($Q$103)+IF($AD59=$AC$7+$AD$7,$Q$104,0),0),0)) -> 0 | AE60: =(IF($AE59<>"",($AE$7*$Q$105)+IF($AE$7=4,($Q$103)+IF($AE59=$AE$7+$AF$7,$Q$104,0),0),0)+IF($AF59<>"",($AF$7*$Q$105)+IF($AF$7=4,($Q$103)+IF($AF59=$AE$7+$AF$7,$Q$104,0),0),0)) -> 2 | AH60: =(IF($AH59<>"",($AH$7*$Q$105)+IF($AH$7=4,($R$103)+IF($AH59=$AH$7+$AI$7,$R$104,0),0),0)+IF($AI59<>"",($AI$7*$R$105)+IF($AI$7=4,($R$103)+IF($AI59=$AH$7+$AI$7,$R$104,0),0),0)) -> 24
B61: Prédiction équipe | C61: =IF(ISBLANK(C59), 0, IF(C$7= 4, 1, 0)) -> 0 | D61: =IF(ISBLANK(D59), 0, IF(D$7 = 4, 1, 0)) -> 0 | E61: =IF(ISBLANK(E59), 0, IF(E$7= 4, 1, 0)) -> 1 | F61: =IF(ISBLANK(F59), 0, IF(F$7 = 4, 1, 0)) -> 0 | G61: =IF(ISBLANK(G59), 0, IF(G$7= 4, 1, 0)) -> 0 | H61: =IF(ISBLANK(H59), 0, IF(H$7 = 4, 1, 0)) -> 0 | I61: =IF(ISBLANK(I59), 0, IF(I$7= 4, 1, 0)) -> 1 | J61: =IF(ISBLANK(J59), 0, IF(J$7 = 4, 1, 0)) -> 0 | K61: =IF(ISBLANK(K59), 0, IF(K$7= 4, 1, 0)) -> 0 | L61: =IF(ISBLANK(L59), 0, IF(L$7 = 4, 1, 0)) -> 0 | M61: =IF(ISBLANK(M59), 0, IF(M$7= 4, 1, 0)) -> 0 | N61: =IF(ISBLANK(N59), 0, IF(N$7 = 4, 1, 0)) -> 1 | O61: =IF(ISBLANK(O59), 0, IF(O$7= 4, 1, 0)) -> 0 | P61: =IF(ISBLANK(P59), 0, IF(P$7 = 4, 1, 0)) -> 0 | Q61: =IF(ISBLANK(Q59), 0, IF(Q$7= 4, 1, 0)) -> 1 | R61: =IF(ISBLANK(R59), 0, IF(R$7 = 4, 1, 0)) -> 0 | T61: =IF(ISBLANK(T59), 0, IF(T$7= 4, 1, 0)) -> 0 | U61: =IF(ISBLANK(U59), 0, IF(U$7 = 4, 1, 0)) -> 0 | V61: =IF(ISBLANK(V59), 0, IF(V$7= 4, 1, 0)) -> 0 | W61: =IF(ISBLANK(W59), 0, IF(W$7 = 4, 1, 0)) -> 0 | X61: =IF(ISBLANK(X59), 0, IF(X$7= 4, 1, 0)) -> 0 | Y61: =IF(ISBLANK(Y59), 0, IF(Y$7 = 4, 1, 0)) -> 0 | Z61: =IF(ISBLANK(Z59), 0, IF(Z$7= 4, 1, 0)) -> 1 | AA61: =IF(ISBLANK(AA59), 0, IF(AA$7 = 4, 1, 0)) -> 0 | AC61: =IF(ISBLANK(AC59), 0, IF(AC$7= 4, 1, 0)) -> 0 | AD61: =IF(ISBLANK(AD59), 0, IF(AD$7 = 4, 1, 0)) -> 0 | AE61: =IF(ISBLANK(AE59), 0, IF(AE$7= 4, 1, 0)) -> 0 | AF61: =IF(ISBLANK(AF59), 0, IF(AF$7 = 4, 1, 0)) -> 0 | AH61: =IF(ISBLANK(AH59), 0, IF(AH$7= 4, 1, 0)) -> 0 | AI61: =IF(ISBLANK(AI59), 0, IF(AI$7 = 4, 1, 0)) -> 1 | AK61: =SUM(C61:AI61) -> 6
B62: Prédiciton nb matchs | C62: =IF(C61 = 0, 0, IF(C59 = (C$7+D$7),1,0)) -> 0 | D62: =IF(D61 = 0, 0, IF(D59 = (C$7+D$7),1,0)) -> 0 | E62: =IF(E61 = 0, 0, IF(E59 = (E$7+F$7),1,0)) -> 0 | F62: =IF(F61 = 0, 0, IF(F59 = (E$7+F$7),1,0)) -> 0 | G62: =IF(G61 = 0, 0, IF(G59 = (G$7+H$7),1,0)) -> 0 | H62: =IF(H61 = 0, 0, IF(H59 = (G$7+H$7),1,0)) -> 0 | I62: =IF(I61 = 0, 0, IF(I59 = (I$7+J$7),1,0)) -> 0 | J62: =IF(J61 = 0, 0, IF(J59 = (I$7+J$7),1,0)) -> 0 | K62: =IF(K61 = 0, 0, IF(K59 = (K$7+L$7),1,0)) -> 0 | L62: =IF(L61 = 0, 0, IF(L59 = (K$7+L$7),1,0)) -> 0 | M62: =IF(M61 = 0, 0, IF(M59 = (M$7+N$7),1,0)) -> 0 | N62: =IF(N61 = 0, 0, IF(N59 = (M$7+N$7),1,0)) -> 0 | O62: =IF(O61 = 0, 0, IF(O59 = (O$7+P$7),1,0)) -> 0 | P62: =IF(P61 = 0, 0, IF(P59 = (O$7+P$7),1,0)) -> 0 | Q62: =IF(Q61 = 0, 0, IF(Q59 = (Q$7+R$7),1,0)) -> 1 | R62: =IF(R61 = 0, 0, IF(R59 = (Q$7+R$7),1,0)) -> 0 | T62: =IF(T61 = 0, 0, IF(T59 = (T$7+U$7),1,0)) -> 0 | U62: =IF(U61 = 0, 0, IF(U59 = (T$7+U$7),1,0)) -> 0 | V62: =IF(V61 = 0, 0, IF(V59 = (V$7+W$7),1,0)) -> 0 | W62: =IF(W61 = 0, 0, IF(W59 = (V$7+W$7),1,0)) -> 0 | X62: =IF(X61 = 0, 0, IF(X59 = (X$7+Y$7),1,0)) -> 0 | Y62: =IF(Y61 = 0, 0, IF(Y59 = (X$7+Y$7),1,0)) -> 0 | Z62: =IF(Z61 = 0, 0, IF(Z59 = (Z$7+AA$7),1,0)) -> 0 | AA62: =IF(AA61 = 0, 0, IF(AA59 = (Z$7+AA$7),1,0)) -> 0 | AC62: =IF(AC61 = 0, 0, IF(AC59 = (AC$7+AD$7),1,0)) -> 0 | AD62: =IF(AD61 = 0, 0, IF(AD59 = (AC$7+AD$7),1,0)) -> 0 | AE62: =IF(AE61 = 0, 0, IF(AE59 = (AE$7+AF$7),1,0)) -> 0 | AF62: =IF(AF61 = 0, 0, IF(AF59 = (AE$7+AF$7),1,0)) -> 0 | AH62: =IF(AH61 = 0, 0, IF(AH59 = (AH$7+AI$7),1,0)) -> 0 | AI62: =IF(AI61 = 0, 0, IF(AI59 = (AH$7+AI$7),1,0)) -> 0 | AK62: =SUM(C62:AI62) -> 1
A63: =RANK(AL63,$AL$11:$AL$98,) -> 14 | B63: Michel Cusson | C63: 5 | E63: 7 | G63: 6 | I63: 6 | K63: 4 | M63: 5 | P63: 7 | R63: 7 | S63: =SUM(C64:R64) -> 38 | U63: 6 | V63: 5 | Y63: 5 | Z63: 7 | AB63: =SUM(T64:AA64) -> 23 | AD63: 5 | AE63: 5 | AG63: =SUM(AC64:AF64) -> 2 | AI63: 6 | AJ63: =AH64 -> 24 | AK63: =MAX($AL$11:$AL$98) - AL63 -> 50 | AL63: =$S63+$AB63+$AG63+$AJ63 -> 87
A64: =RANK(AL64,$AL$11:$AL$98,) -> #N/A | C64: =(IF($C63<>"",($C$7*$O$105)+IF($C$7=4,($O$103)+IF($C63=$C$7+$D$7,$O$104,0),0),0)+IF($D63<>"",($D$7*$O$105)+IF($D$7=4,($O$103)+IF($D63=$C$7+$D$7,$O$104,0),0),0)) -> 0 | E64: =(IF($E63<>"",($E$7*$O$105)+IF($E$7=4,($O$103)+IF($E63=$E$7+$F$7,$O$104,0),0),0)+IF($F63<>"",($F$7*$O$105)+IF($F$7=4,($O$103)+IF($F63=$E$7+$F$7,$O$104,0),0),0)) -> 11 | G64: =(IF($G63<>"",($G$7*$O$105)+IF($G$7=4,($O$103)+IF($G63=$G$7+$H$7,$O$104,0),0),0)+IF($H63<>"",($H$7*$O$105)+IF($H$7=4,($O$103)+IF($H63=$G$7+$H$7,$O$104,0),0),0)) -> 3 | I64: =(IF($I63<>"",($I$7*$O$105)+IF($I$7=4,($O$103)+IF($I63=$I$7+$J$7,$O$104,0),0),0)+IF($J63<>"",($J$7*$O$105)+IF($J$7=4,($O$103)+IF($J63=$I$7+$J$7,$O$104,0),0),0)) -> 9 | K64: =(IF($K63<>"",($K$7*$O$105)+IF($K$7=4,($O$103)+IF($K63=$K$7+$L$7,$O$104,0),0),0)+IF($L63<>"",($L$7*$O$105)+IF($L$7=4,($O$103)+IF($L63=$K$7+$L$7,$O$104,0),0),0)) -> 1 | M64: =(IF($M63<>"",($M$7*$O$105)+IF($M$7=4,($O$103)+IF($M63=$M$7+$N$7,$O$104,0),0),0)+IF($N63<>"",($N$7*$O$105)+IF($N$7=4,($O$103)+IF($N63=$M$7+$N$7,$O$104,0),0),0)) -> 2 | O64: =(IF($O63<>"",($O$7*$O$105)+IF($O$7=4,($O$103)+IF($O63=$O$7+$P$7,$O$104,0),0),0)+IF($P63<>"",($P$7*$O$105)+IF($P$7=4,($O$103)+IF($P63=$O$7+$P$7,$O$104,0),0),0)) -> 9 | Q64: =(IF($Q63<>"",($Q$7*$O$105)+IF($Q$7=4,($O$103)+IF($Q63=$Q$7+$R$7,$O$104,0),0),0)+IF($R63<>"",($R$7*$O$105)+IF($R$7=4,($O$103)+IF($R63=$Q$7+$R$7,$O$104,0),0),0)) -> 3 | T64: =(IF($T63<>"",($T$7*$P$105)+IF($T$7=4,($P$103)+IF($T63=$T$7+$U$7,$P$104,0),0),0)+IF($U63<>"",($U$7*$P$105)+IF($U$7=4,($P$103)+IF($U63=$T$7+$U$7,$P$104,0),0),0)) -> 2 | V64: =(IF($V63<>"",($V$7*$P$105)+IF($V$7=4,($P$103)+IF($V63=$V$7+$W$7,$P$104,0),0),0)+IF($W63<>"",($W$7*$P$105)+IF($W$7=4,($P$103)+IF($W63=$V$7+$W$7,$P$104,0),0),0)) -> 0 | X64: =(IF($X63<>"",($X$7*$P$105)+IF($X$7=4,($P$103)+IF($X63=$X$7+$Y$7,$P$104,0),0),0)+IF($Y63<>"",($Y$7*$P$105)+IF($Y$7=4,($P$103)+IF($Y63=$X$7+$Y$7,$P$104,0),0),0)) -> 3 | Z64: =(IF($Z63<>"",($Z$7*$P$105)+IF($Z$7=4,($P$103)+IF($Z63=$Z$7+$AA$7,$P$104,0),0),0)+IF($AA63<>"",($AA$7*$P$105)+IF($AA$7=4,($P$103)+IF($AA63=$Z$7+$AA$7,$P$104,0),0),0)) -> 18 | AC64: =(IF($AC63<>"",($AC$7*$Q$105)+IF($AC$7=4,($Q$103)+IF($AC63=$AC$7+$AD$7,$Q$104,0),0),0)+IF($AD63<>"",($AD$7*$Q$105)+IF($AD$7=4,($Q$103)+IF($AD63=$AC$7+$AD$7,$Q$104,0),0),0)) -> 0 | AE64: =(IF($AE63<>"",($AE$7*$Q$105)+IF($AE$7=4,($Q$103)+IF($AE63=$AE$7+$AF$7,$Q$104,0),0),0)+IF($AF63<>"",($AF$7*$Q$105)+IF($AF$7=4,($Q$103)+IF($AF63=$AE$7+$AF$7,$Q$104,0),0),0)) -> 2 | AH64: =(IF($AH63<>"",($AH$7*$Q$105)+IF($AH$7=4,($R$103)+IF($AH63=$AH$7+$AI$7,$R$104,0),0),0)+IF($AI63<>"",($AI$7*$R$105)+IF($AI$7=4,($R$103)+IF($AI63=$AH$7+$AI$7,$R$104,0),0),0)) -> 24
B65: Prédiction équipe | C65: =IF(ISBLANK(C63), 0, IF(C$7= 4, 1, 0)) -> 0 | D65: =IF(ISBLANK(D63), 0, IF(D$7 = 4, 1, 0)) -> 0 | E65: =IF(ISBLANK(E63), 0, IF(E$7= 4, 1, 0)) -> 1 | F65: =IF(ISBLANK(F63), 0, IF(F$7 = 4, 1, 0)) -> 0 | G65: =IF(ISBLANK(G63), 0, IF(G$7= 4, 1, 0)) -> 0 | H65: =IF(ISBLANK(H63), 0, IF(H$7 = 4, 1, 0)) -> 0 | I65: =IF(ISBLANK(I63), 0, IF(I$7= 4, 1, 0)) -> 1 | J65: =IF(ISBLANK(J63), 0, IF(J$7 = 4, 1, 0)) -> 0 | K65: =IF(ISBLANK(K63), 0, IF(K$7= 4, 1, 0)) -> 0 | L65: =IF(ISBLANK(L63), 0, IF(L$7 = 4, 1, 0)) -> 0 | M65: =IF(ISBLANK(M63), 0, IF(M$7= 4, 1, 0)) -> 0 | N65: =IF(ISBLANK(N63), 0, IF(N$7 = 4, 1, 0)) -> 0 | O65: =IF(ISBLANK(O63), 0, IF(O$7= 4, 1, 0)) -> 0 | P65: =IF(ISBLANK(P63), 0, IF(P$7 = 4, 1, 0)) -> 1 | Q65: =IF(ISBLANK(Q63), 0, IF(Q$7= 4, 1, 0)) -> 0 | R65: =IF(ISBLANK(R63), 0, IF(R$7 = 4, 1, 0)) -> 0 | T65: =IF(ISBLANK(T63), 0, IF(T$7= 4, 1, 0)) -> 0 | U65: =IF(ISBLANK(U63), 0, IF(U$7 = 4, 1, 0)) -> 0 | V65: =IF(ISBLANK(V63), 0, IF(V$7= 4, 1, 0)) -> 0 | W65: =IF(ISBLANK(W63), 0, IF(W$7 = 4, 1, 0)) -> 0 | X65: =IF(ISBLANK(X63), 0, IF(X$7= 4, 1, 0)) -> 0 | Y65: =IF(ISBLANK(Y63), 0, IF(Y$7 = 4, 1, 0)) -> 0 | Z65: =IF(ISBLANK(Z63), 0, IF(Z$7= 4, 1, 0)) -> 1 | AA65: =IF(ISBLANK(AA63), 0, IF(AA$7 = 4, 1, 0)) -> 0 | AC65: =IF(ISBLANK(AC63), 0, IF(AC$7= 4, 1, 0)) -> 0 | AD65: =IF(ISBLANK(AD63), 0, IF(AD$7 = 4, 1, 0)) -> 0 | AE65: =IF(ISBLANK(AE63), 0, IF(AE$7= 4, 1, 0)) -> 0 | AF65: =IF(ISBLANK(AF63), 0, IF(AF$7 = 4, 1, 0)) -> 0 | AH65: =IF(ISBLANK(AH63), 0, IF(AH$7= 4, 1, 0)) -> 0 | AI65: =IF(ISBLANK(AI63), 0, IF(AI$7 = 4, 1, 0)) -> 1 | AK65: =SUM(C65:AI65) -> 5
B66: Prédiciton nb matchs | C66: =IF(C65 = 0, 0, IF(C63 = (C$7+D$7),1,0)) -> 0 | D66: =IF(D65 = 0, 0, IF(D63 = (C$7+D$7),1,0)) -> 0 | E66: =IF(E65 = 0, 0, IF(E63 = (E$7+F$7),1,0)) -> 1 | F66: =IF(F65 = 0, 0, IF(F63 = (E$7+F$7),1,0)) -> 0 | G66: =IF(G65 = 0, 0, IF(G63 = (G$7+H$7),1,0)) -> 0 | H66: =IF(H65 = 0, 0, IF(H63 = (G$7+H$7),1,0)) -> 0 | I66: =IF(I65 = 0, 0, IF(I63 = (I$7+J$7),1,0)) -> 0 | J66: =IF(J65 = 0, 0, IF(J63 = (I$7+J$7),1,0)) -> 0 | K66: =IF(K65 = 0, 0, IF(K63 = (K$7+L$7),1,0)) -> 0 | L66: =IF(L65 = 0, 0, IF(L63 = (K$7+L$7),1,0)) -> 0 | M66: =IF(M65 = 0, 0, IF(M63 = (M$7+N$7),1,0)) -> 0 | N66: =IF(N65 = 0, 0, IF(N63 = (M$7+N$7),1,0)) -> 0 | O66: =IF(O65 = 0, 0, IF(O63 = (O$7+P$7),1,0)) -> 0 | P66: =IF(P65 = 0, 0, IF(P63 = (O$7+P$7),1,0)) -> 0 | Q66: =IF(Q65 = 0, 0, IF(Q63 = (Q$7+R$7),1,0)) -> 0 | R66: =IF(R65 = 0, 0, IF(R63 = (Q$7+R$7),1,0)) -> 0 | T66: =IF(T65 = 0, 0, IF(T63 = (T$7+U$7),1,0)) -> 0 | U66: =IF(U65 = 0, 0, IF(U63 = (T$7+U$7),1,0)) -> 0 | V66: =IF(V65 = 0, 0, IF(V63 = (V$7+W$7),1,0)) -> 0 | W66: =IF(W65 = 0, 0, IF(W63 = (V$7+W$7),1,0)) -> 0 | X66: =IF(X65 = 0, 0, IF(X63 = (X$7+Y$7),1,0)) -> 0 | Y66: =IF(Y65 = 0, 0, IF(Y63 = (X$7+Y$7),1,0)) -> 0 | Z66: =IF(Z65 = 0, 0, IF(Z63 = (Z$7+AA$7),1,0)) -> 1 | AA66: =IF(AA65 = 0, 0, IF(AA63 = (Z$7+AA$7),1,0)) -> 0 | AC66: =IF(AC65 = 0, 0, IF(AC63 = (AC$7+AD$7),1,0)) -> 0 | AD66: =IF(AD65 = 0, 0, IF(AD63 = (AC$7+AD$7),1,0)) -> 0 | AE66: =IF(AE65 = 0, 0, IF(AE63 = (AE$7+AF$7),1,0)) -> 0 | AF66: =IF(AF65 = 0, 0, IF(AF63 = (AE$7+AF$7),1,0)) -> 0 | AH66: =IF(AH65 = 0, 0, IF(AH63 = (AH$7+AI$7),1,0)) -> 0 | AI66: =IF(AI65 = 0, 0, IF(AI63 = (AH$7+AI$7),1,0)) -> 0 | AK66: =SUM(C66:AI66) -> 2
A67: =RANK(AL67,$AL$11:$AL$98,) -> 15 | B67: Guylaine Fortin | C67: 5 | E67: 7 | G67: 5 | I67: 6 | K67: 5 | M67: 6 | O67: 5 | Q67: 7 | S67: =SUM(C68:R68) -> 39 | U67: 6 | V67: 6 | Y67: 6 | Z67: 7 | AB67: =SUM(T68:AA68) -> 23 | AC67: 5 | AE67: 6 | AG67: =SUM(AC68:AF68) -> 21 | AH67: 6 | AJ67: =AH68 -> 3 | AK67: =MAX($AL$11:$AL$98) - AL67 -> 51 | AL67: =$S67+$AB67+$AG67+$AJ67 -> 86
A68: =RANK(AL68,$AL$11:$AL$98,) -> #N/A | C68: =(IF($C67<>"",($C$7*$O$105)+IF($C$7=4,($O$103)+IF($C67=$C$7+$D$7,$O$104,0),0),0)+IF($D67<>"",($D$7*$O$105)+IF($D$7=4,($O$103)+IF($D67=$C$7+$D$7,$O$104,0),0),0)) -> 0 | E68: =(IF($E67<>"",($E$7*$O$105)+IF($E$7=4,($O$103)+IF($E67=$E$7+$F$7,$O$104,0),0),0)+IF($F67<>"",($F$7*$O$105)+IF($F$7=4,($O$103)+IF($F67=$E$7+$F$7,$O$104,0),0),0)) -> 11 | G68: =(IF($G67<>"",($G$7*$O$105)+IF($G$7=4,($O$103)+IF($G67=$G$7+$H$7,$O$104,0),0),0)+IF($H67<>"",($H$7*$O$105)+IF($H$7=4,($O$103)+IF($H67=$G$7+$H$7,$O$104,0),0),0)) -> 3 | I68: =(IF($I67<>"",($I$7*$O$105)+IF($I$7=4,($O$103)+IF($I67=$I$7+$J$7,$O$104,0),0),0)+IF($J67<>"",($J$7*$O$105)+IF($J$7=4,($O$103)+IF($J67=$I$7+$J$7,$O$104,0),0),0)) -> 9 | K68: =(IF($K67<>"",($K$7*$O$105)+IF($K$7=4,($O$103)+IF($K67=$K$7+$L$7,$O$104,0),0),0)+IF($L67<>"",($L$7*$O$105)+IF($L$7=4,($O$103)+IF($L67=$K$7+$L$7,$O$104,0),0),0)) -> 1 | M68: =(IF($M67<>"",($M$7*$O$105)+IF($M$7=4,($O$103)+IF($M67=$M$7+$N$7,$O$104,0),0),0)+IF($N67<>"",($N$7*$O$105)+IF($N$7=4,($O$103)+IF($N67=$M$7+$N$7,$O$104,0),0),0)) -> 2 | O68: =(IF($O67<>"",($O$7*$O$105)+IF($O$7=4,($O$103)+IF($O67=$O$7+$P$7,$O$104,0),0),0)+IF($P67<>"",($P$7*$O$105)+IF($P$7=4,($O$103)+IF($P67=$O$7+$P$7,$O$104,0),0),0)) -> 2 | Q68: =(IF($Q67<>"",($Q$7*$O$105)+IF($Q$7=4,($O$103)+IF($Q67=$Q$7+$R$7,$O$104,0),0),0)+IF($R67<>"",($R$7*$O$105)+IF($R$7=4,($O$103)+IF($R67=$Q$7+$R$7,$O$104,0),0),0)) -> 11 | T68: =(IF($T67<>"",($T$7*$P$105)+IF($T$7=4,($P$103)+IF($T67=$T$7+$U$7,$P$104,0),0),0)+IF($U67<>"",($U$7*$P$105)+IF($U$7=4,($P$103)+IF($U67=$T$7+$U$7,$P$104,0),0),0)) -> 2 | V68: =(IF($V67<>"",($V$7*$P$105)+IF($V$7=4,($P$103)+IF($V67=$V$7+$W$7,$P$104,0),0),0)+IF($W67<>"",($W$7*$P$105)+IF($W$7=4,($P$103)+IF($W67=$V$7+$W$7,$P$104,0),0),0)) -> 0 | X68: =(IF($X67<>"",($X$7*$P$105)+IF($X$7=4,($P$103)+IF($X67=$X$7+$Y$7,$P$104,0),0),0)+IF($Y67<>"",($Y$7*$P$105)+IF($Y$7=4,($P$103)+IF($Y67=$X$7+$Y$7,$P$104,0),0),0)) -> 3 | Z68: =(IF($Z67<>"",($Z$7*$P$105)+IF($Z$7=4,($P$103)+IF($Z67=$Z$7+$AA$7,$P$104,0),0),0)+IF($AA67<>"",($AA$7*$P$105)+IF($AA$7=4,($P$103)+IF($AA67=$Z$7+$AA$7,$P$104,0),0),0)) -> 18 | AC68: =(IF($AC67<>"",($AC$7*$Q$105)+IF($AC$7=4,($Q$103)+IF($AC67=$AC$7+$AD$7,$Q$104,0),0),0)+IF($AD67<>"",($AD$7*$Q$105)+IF($AD$7=4,($Q$103)+IF($AD67=$AC$7+$AD$7,$Q$104,0),0),0)) -> 19 | AE68: =(IF($AE67<>"",($AE$7*$Q$105)+IF($AE$7=4,($Q$103)+IF($AE67=$AE$7+$AF$7,$Q$104,0),0),0)+IF($AF67<>"",($AF$7*$Q$105)+IF($AF$7=4,($Q$103)+IF($AF67=$AE$7+$AF$7,$Q$104,0),0),0)) -> 2 | AH68: =(IF($AH67<>"",($AH$7*$Q$105)+IF($AH$7=4,($R$103)+IF($AH67=$AH$7+$AI$7,$R$104,0),0),0)+IF($AI67<>"",($AI$7*$R$105)+IF($AI$7=4,($R$103)+IF($AI67=$AH$7+$AI$7,$R$104,0),0),0)) -> 3
B69: Prédiction équipe | C69: =IF(ISBLANK(C67), 0, IF(C$7= 4, 1, 0)) -> 0 | D69: =IF(ISBLANK(D67), 0, IF(D$7 = 4, 1, 0)) -> 0 | E69: =IF(ISBLANK(E67), 0, IF(E$7= 4, 1, 0)) -> 1 | F69: =IF(ISBLANK(F67), 0, IF(F$7 = 4, 1, 0)) -> 0 | G69: =IF(ISBLANK(G67), 0, IF(G$7= 4, 1, 0)) -> 0 | H69: =IF(ISBLANK(H67), 0, IF(H$7 = 4, 1, 0)) -> 0 | I69: =IF(ISBLANK(I67), 0, IF(I$7= 4, 1, 0)) -> 1 | J69: =IF(ISBLANK(J67), 0, IF(J$7 = 4, 1, 0)) -> 0 | K69: =IF(ISBLANK(K67), 0, IF(K$7= 4, 1, 0)) -> 0 | L69: =IF(ISBLANK(L67), 0, IF(L$7 = 4, 1, 0)) -> 0 | M69: =IF(ISBLANK(M67), 0, IF(M$7= 4, 1, 0)) -> 0 | N69: =IF(ISBLANK(N67), 0, IF(N$7 = 4, 1, 0)) -> 0 | O69: =IF(ISBLANK(O67), 0, IF(O$7= 4, 1, 0)) -> 0 | P69: =IF(ISBLANK(P67), 0, IF(P$7 = 4, 1, 0)) -> 0 | Q69: =IF(ISBLANK(Q67), 0, IF(Q$7= 4, 1, 0)) -> 1 | R69: =IF(ISBLANK(R67), 0, IF(R$7 = 4, 1, 0)) -> 0 | T69: =IF(ISBLANK(T67), 0, IF(T$7= 4, 1, 0)) -> 0 | U69: =IF(ISBLANK(U67), 0, IF(U$7 = 4, 1, 0)) -> 0 | V69: =IF(ISBLANK(V67), 0, IF(V$7= 4, 1, 0)) -> 0 | W69: =IF(ISBLANK(W67), 0, IF(W$7 = 4, 1, 0)) -> 0 | X69: =IF(ISBLANK(X67), 0, IF(X$7= 4, 1, 0)) -> 0 | Y69: =IF(ISBLANK(Y67), 0, IF(Y$7 = 4, 1, 0)) -> 0 | Z69: =IF(ISBLANK(Z67), 0, IF(Z$7= 4, 1, 0)) -> 1 | AA69: =IF(ISBLANK(AA67), 0, IF(AA$7 = 4, 1, 0)) -> 0 | AC69: =IF(ISBLANK(AC67), 0, IF(AC$7= 4, 1, 0)) -> 1 | AD69: =IF(ISBLANK(AD67), 0, IF(AD$7 = 4, 1, 0)) -> 0 | AE69: =IF(ISBLANK(AE67), 0, IF(AE$7= 4, 1, 0)) -> 0 | AF69: =IF(ISBLANK(AF67), 0, IF(AF$7 = 4, 1, 0)) -> 0 | AH69: =IF(ISBLANK(AH67), 0, IF(AH$7= 4, 1, 0)) -> 0 | AI69: =IF(ISBLANK(AI67), 0, IF(AI$7 = 4, 1, 0)) -> 0 | AK69: =SUM(C69:AI69) -> 5
B70: Prédiciton nb matchs | C70: =IF(C69 = 0, 0, IF(C67 = (C$7+D$7),1,0)) -> 0 | D70: =IF(D69 = 0, 0, IF(D67 = (C$7+D$7),1,0)) -> 0 | E70: =IF(E69 = 0, 0, IF(E67 = (E$7+F$7),1,0)) -> 1 | F70: =IF(F69 = 0, 0, IF(F67 = (E$7+F$7),1,0)) -> 0 | G70: =IF(G69 = 0, 0, IF(G67 = (G$7+H$7),1,0)) -> 0 | H70: =IF(H69 = 0, 0, IF(H67 = (G$7+H$7),1,0)) -> 0 | I70: =IF(I69 = 0, 0, IF(I67 = (I$7+J$7),1,0)) -> 0 | J70: =IF(J69 = 0, 0, IF(J67 = (I$7+J$7),1,0)) -> 0 | K70: =IF(K69 = 0, 0, IF(K67 = (K$7+L$7),1,0)) -> 0 | L70: =IF(L69 = 0, 0, IF(L67 = (K$7+L$7),1,0)) -> 0 | M70: =IF(M69 = 0, 0, IF(M67 = (M$7+N$7),1,0)) -> 0 | N70: =IF(N69 = 0, 0, IF(N67 = (M$7+N$7),1,0)) -> 0 | O70: =IF(O69 = 0, 0, IF(O67 = (O$7+P$7),1,0)) -> 0 | P70: =IF(P69 = 0, 0, IF(P67 = (O$7+P$7),1,0)) -> 0 | Q70: =IF(Q69 = 0, 0, IF(Q67 = (Q$7+R$7),1,0)) -> 1 | R70: =IF(R69 = 0, 0, IF(R67 = (Q$7+R$7),1,0)) -> 0 | T70: =IF(T69 = 0, 0, IF(T67 = (T$7+U$7),1,0)) -> 0 | U70: =IF(U69 = 0, 0, IF(U67 = (T$7+U$7),1,0)) -> 0 | V70: =IF(V69 = 0, 0, IF(V67 = (V$7+W$7),1,0)) -> 0 | W70: =IF(W69 = 0, 0, IF(W67 = (V$7+W$7),1,0)) -> 0 | X70: =IF(X69 = 0, 0, IF(X67 = (X$7+Y$7),1,0)) -> 0 | Y70: =IF(Y69 = 0, 0, IF(Y67 = (X$7+Y$7),1,0)) -> 0 | Z70: =IF(Z69 = 0, 0, IF(Z67 = (Z$7+AA$7),1,0)) -> 1 | AA70: =IF(AA69 = 0, 0, IF(AA67 = (Z$7+AA$7),1,0)) -> 0 | AC70: =IF(AC69 = 0, 0, IF(AC67 = (AC$7+AD$7),1,0)) -> 0 | AD70: =IF(AD69 = 0, 0, IF(AD67 = (AC$7+AD$7),1,0)) -> 0 | AE70: =IF(AE69 = 0, 0, IF(AE67 = (AE$7+AF$7),1,0)) -> 0 | AF70: =IF(AF69 = 0, 0, IF(AF67 = (AE$7+AF$7),1,0)) -> 0 | AH70: =IF(AH69 = 0, 0, IF(AH67 = (AH$7+AI$7),1,0)) -> 0 | AI70: =IF(AI69 = 0, 0, IF(AI67 = (AH$7+AI$7),1,0)) -> 0 | AK70: =SUM(C70:AI70) -> 3
A71: =RANK(AL71,$AL$11:$AL$98,) -> 15 | B71: Simon Corbeil | C71: 6 | E71: 7 | G71: 5 | J71: 5 | K71: 7 | M71: 6 | O71: 7 | Q71: 5 | S71: =SUM(C72:R72) -> 28 | U71: 6 | V71: 5 | X71: 4 | Z71: 7 | AB71: =SUM(T72:AA72) -> 34 | AC71: 5 | AE71: 6 | AG71: =SUM(AC72:AF72) -> 21 | AH71: 5 | AJ71: =AH72 -> 3 | AK71: =MAX($AL$11:$AL$98) - AL71 -> 51 | AL71: =$S71+$AB71+$AG71+$AJ71 -> 86
A72: =RANK(AL72,$AL$11:$AL$98,) -> #N/A | C72: =(IF($C71<>"",($C$7*$O$105)+IF($C$7=4,($O$103)+IF($C71=$C$7+$D$7,$O$104,0),0),0)+IF($D71<>"",($D$7*$O$105)+IF($D$7=4,($O$103)+IF($D71=$C$7+$D$7,$O$104,0),0),0)) -> 0 | E72: =(IF($E71<>"",($E$7*$O$105)+IF($E$7=4,($O$103)+IF($E71=$E$7+$F$7,$O$104,0),0),0)+IF($F71<>"",($F$7*$O$105)+IF($F$7=4,($O$103)+IF($F71=$E$7+$F$7,$O$104,0),0),0)) -> 11 | G72: =(IF($G71<>"",($G$7*$O$105)+IF($G$7=4,($O$103)+IF($G71=$G$7+$H$7,$O$104,0),0),0)+IF($H71<>"",($H$7*$O$105)+IF($H$7=4,($O$103)+IF($H71=$G$7+$H$7,$O$104,0),0),0)) -> 3 | I72: =(IF($I71<>"",($I$7*$O$105)+IF($I$7=4,($O$103)+IF($I71=$I$7+$J$7,$O$104,0),0),0)+IF($J71<>"",($J$7*$O$105)+IF($J$7=4,($O$103)+IF($J71=$I$7+$J$7,$O$104,0),0),0)) -> 0 | K72: =(IF($K71<>"",($K$7*$O$105)+IF($K$7=4,($O$103)+IF($K71=$K$7+$L$7,$O$104,0),0),0)+IF($L71<>"",($L$7*$O$105)+IF($L$7=4,($O$103)+IF($L71=$K$7+$L$7,$O$104,0),0),0)) -> 1 | M72: =(IF($M71<>"",($M$7*$O$105)+IF($M$7=4,($O$103)+IF($M71=$M$7+$N$7,$O$104,0),0),0)+IF($N71<>"",($N$7*$O$105)+IF($N$7=4,($O$103)+IF($N71=$M$7+$N$7,$O$104,0),0),0)) -> 2 | O72: =(IF($O71<>"",($O$7*$O$105)+IF($O$7=4,($O$103)+IF($O71=$O$7+$P$7,$O$104,0),0),0)+IF($P71<>"",($P$7*$O$105)+IF($P$7=4,($O$103)+IF($P71=$O$7+$P$7,$O$104,0),0),0)) -> 2 | Q72: =(IF($Q71<>"",($Q$7*$O$105)+IF($Q$7=4,($O$103)+IF($Q71=$Q$7+$R$7,$O$104,0),0),0)+IF($R71<>"",($R$7*$O$105)+IF($R$7=4,($O$103)+IF($R71=$Q$7+$R$7,$O$104,0),0),0)) -> 9 | T72: =(IF($T71<>"",($T$7*$P$105)+IF($T$7=4,($P$103)+IF($T71=$T$7+$U$7,$P$104,0),0),0)+IF($U71<>"",($U$7*$P$105)+IF($U$7=4,($P$103)+IF($U71=$T$7+$U$7,$P$104,0),0),0)) -> 2 | V72: =(IF($V71<>"",($V$7*$P$105)+IF($V$7=4,($P$103)+IF($V71=$V$7+$W$7,$P$104,0),0),0)+IF($W71<>"",($W$7*$P$105)+IF($W$7=4,($P$103)+IF($W71=$V$7+$W$7,$P$104,0),0),0)) -> 0 | X72: =(IF($X71<>"",($X$7*$P$105)+IF($X$7=4,($P$103)+IF($X71=$X$7+$Y$7,$P$104,0),0),0)+IF($Y71<>"",($Y$7*$P$105)+IF($Y$7=4,($P$103)+IF($Y71=$X$7+$Y$7,$P$104,0),0),0)) -> 14 | Z72: =(IF($Z71<>"",($Z$7*$P$105)+IF($Z$7=4,($P$103)+IF($Z71=$Z$7+$AA$7,$P$104,0),0),0)+IF($AA71<>"",($AA$7*$P$105)+IF($AA$7=4,($P$103)+IF($AA71=$Z$7+$AA$7,$P$104,0),0),0)) -> 18 | AC72: =(IF($AC71<>"",($AC$7*$Q$105)+IF($AC$7=4,($Q$103)+IF($AC71=$AC$7+$AD$7,$Q$104,0),0),0)+IF($AD71<>"",($AD$7*$Q$105)+IF($AD$7=4,($Q$103)+IF($AD71=$AC$7+$AD$7,$Q$104,0),0),0)) -> 19 | AE72: =(IF($AE71<>"",($AE$7*$Q$105)+IF($AE$7=4,($Q$103)+IF($AE71=$AE$7+$AF$7,$Q$104,0),0),0)+IF($AF71<>"",($AF$7*$Q$105)+IF($AF$7=4,($Q$103)+IF($AF71=$AE$7+$AF$7,$Q$104,0),0),0)) -> 2 | AH72: =(IF($AH71<>"",($AH$7*$Q$105)+IF($AH$7=4,($R$103)+IF($AH71=$AH$7+$AI$7,$R$104,0),0),0)+IF($AI71<>"",($AI$7*$R$105)+IF($AI$7=4,($R$103)+IF($AI71=$AH$7+$AI$7,$R$104,0),0),0)) -> 3
B73: Prédiction équipe | C73: =IF(ISBLANK(C71), 0, IF(C$7= 4, 1, 0)) -> 0 | D73: =IF(ISBLANK(D71), 0, IF(D$7 = 4, 1, 0)) -> 0 | E73: =IF(ISBLANK(E71), 0, IF(E$7= 4, 1, 0)) -> 1 | F73: =IF(ISBLANK(F71), 0, IF(F$7 = 4, 1, 0)) -> 0 | G73: =IF(ISBLANK(G71), 0, IF(G$7= 4, 1, 0)) -> 0 | H73: =IF(ISBLANK(H71), 0, IF(H$7 = 4, 1, 0)) -> 0 | I73: =IF(ISBLANK(I71), 0, IF(I$7= 4, 1, 0)) -> 0 | J73: =IF(ISBLANK(J71), 0, IF(J$7 = 4, 1, 0)) -> 0 | K73: =IF(ISBLANK(K71), 0, IF(K$7= 4, 1, 0)) -> 0 | L73: =IF(ISBLANK(L71), 0, IF(L$7 = 4, 1, 0)) -> 0 | M73: =IF(ISBLANK(M71), 0, IF(M$7= 4, 1, 0)) -> 0 | N73: =IF(ISBLANK(N71), 0, IF(N$7 = 4, 1, 0)) -> 0 | O73: =IF(ISBLANK(O71), 0, IF(O$7= 4, 1, 0)) -> 0 | P73: =IF(ISBLANK(P71), 0, IF(P$7 = 4, 1, 0)) -> 0 | Q73: =IF(ISBLANK(Q71), 0, IF(Q$7= 4, 1, 0)) -> 1 | R73: =IF(ISBLANK(R71), 0, IF(R$7 = 4, 1, 0)) -> 0 | T73: =IF(ISBLANK(T71), 0, IF(T$7= 4, 1, 0)) -> 0 | U73: =IF(ISBLANK(U71), 0, IF(U$7 = 4, 1, 0)) -> 0 | V73: =IF(ISBLANK(V71), 0, IF(V$7= 4, 1, 0)) -> 0 | W73: =IF(ISBLANK(W71), 0, IF(W$7 = 4, 1, 0)) -> 0 | X73: =IF(ISBLANK(X71), 0, IF(X$7= 4, 1, 0)) -> 1 | Y73: =IF(ISBLANK(Y71), 0, IF(Y$7 = 4, 1, 0)) -> 0 | Z73: =IF(ISBLANK(Z71), 0, IF(Z$7= 4, 1, 0)) -> 1 | AA73: =IF(ISBLANK(AA71), 0, IF(AA$7 = 4, 1, 0)) -> 0 | AC73: =IF(ISBLANK(AC71), 0, IF(AC$7= 4, 1, 0)) -> 1 | AD73: =IF(ISBLANK(AD71), 0, IF(AD$7 = 4, 1, 0)) -> 0 | AE73: =IF(ISBLANK(AE71), 0, IF(AE$7= 4, 1, 0)) -> 0 | AF73: =IF(ISBLANK(AF71), 0, IF(AF$7 = 4, 1, 0)) -> 0 | AH73: =IF(ISBLANK(AH71), 0, IF(AH$7= 4, 1, 0)) -> 0 | AI73: =IF(ISBLANK(AI71), 0, IF(AI$7 = 4, 1, 0)) -> 0 | AK73: =SUM(C73:AI73) -> 5
B74: Prédiciton nb matchs | C74: =IF(C73 = 0, 0, IF(C71 = (C$7+D$7),1,0)) -> 0 | D74: =IF(D73 = 0, 0, IF(D71 = (C$7+D$7),1,0)) -> 0 | E74: =IF(E73 = 0, 0, IF(E71 = (E$7+F$7),1,0)) -> 1 | F74: =IF(F73 = 0, 0, IF(F71 = (E$7+F$7),1,0)) -> 0 | G74: =IF(G73 = 0, 0, IF(G71 = (G$7+H$7),1,0)) -> 0 | H74: =IF(H73 = 0, 0, IF(H71 = (G$7+H$7),1,0)) -> 0 | I74: =IF(I73 = 0, 0, IF(I71 = (I$7+J$7),1,0)) -> 0 | J74: =IF(J73 = 0, 0, IF(J71 = (I$7+J$7),1,0)) -> 0 | K74: =IF(K73 = 0, 0, IF(K71 = (K$7+L$7),1,0)) -> 0 | L74: =IF(L73 = 0, 0, IF(L71 = (K$7+L$7),1,0)) -> 0 | M74: =IF(M73 = 0, 0, IF(M71 = (M$7+N$7),1,0)) -> 0 | N74: =IF(N73 = 0, 0, IF(N71 = (M$7+N$7),1,0)) -> 0 | O74: =IF(O73 = 0, 0, IF(O71 = (O$7+P$7),1,0)) -> 0 | P74: =IF(P73 = 0, 0, IF(P71 = (O$7+P$7),1,0)) -> 0 | Q74: =IF(Q73 = 0, 0, IF(Q71 = (Q$7+R$7),1,0)) -> 0 | R74: =IF(R73 = 0, 0, IF(R71 = (Q$7+R$7),1,0)) -> 0 | T74: =IF(T73 = 0, 0, IF(T71 = (T$7+U$7),1,0)) -> 0 | U74: =IF(U73 = 0, 0, IF(U71 = (T$7+U$7),1,0)) -> 0 | V74: =IF(V73 = 0, 0, IF(V71 = (V$7+W$7),1,0)) -> 0 | W74: =IF(W73 = 0, 0, IF(W71 = (V$7+W$7),1,0)) -> 0 | X74: =IF(X73 = 0, 0, IF(X71 = (X$7+Y$7),1,0)) -> 0 | Y74: =IF(Y73 = 0, 0, IF(Y71 = (X$7+Y$7),1,0)) -> 0 | Z74: =IF(Z73 = 0, 0, IF(Z71 = (Z$7+AA$7),1,0)) -> 1 | AA74: =IF(AA73 = 0, 0, IF(AA71 = (Z$7+AA$7),1,0)) -> 0 | AC74: =IF(AC73 = 0, 0, IF(AC71 = (AC$7+AD$7),1,0)) -> 0 | AD74: =IF(AD73 = 0, 0, IF(AD71 = (AC$7+AD$7),1,0)) -> 0 | AE74: =IF(AE73 = 0, 0, IF(AE71 = (AE$7+AF$7),1,0)) -> 0 | AF74: =IF(AF73 = 0, 0, IF(AF71 = (AE$7+AF$7),1,0)) -> 0 | AH74: =IF(AH73 = 0, 0, IF(AH71 = (AH$7+AI$7),1,0)) -> 0 | AI74: =IF(AI73 = 0, 0, IF(AI71 = (AH$7+AI$7),1,0)) -> 0 | AK74: =SUM(C74:AI74) -> 2
A75: =RANK(AL75,$AL$11:$AL$98,) -> 17 | B75: Frédéric Lacerte | C75: 5 | F75: 7 | G75: 6 | J75: 7 | K75: 5 | M75: 6 | O75: 7 | R75: 7 | S75: =SUM(C76:R76) -> 14 | U75: 7 | V75: 7 | X75: 6 | Z75: 6 | AB75: =SUM(T76:AA76) -> 30 | AC75: 7 | AF75: 7 | AG75: =SUM(AC76:AF76) -> 38 | AH75: 6 | AJ75: =AH76 -> 3 | AK75: =MAX($AL$11:$AL$98) - AL75 -> 52 | AL75: =$S75+$AB75+$AG75+$AJ75 -> 85
A76: =RANK(AL76,$AL$11:$AL$98,) -> #N/A | C76: =(IF($C75<>"",($C$7*$O$105)+IF($C$7=4,($O$103)+IF($C75=$C$7+$D$7,$O$104,0),0),0)+IF($D75<>"",($D$7*$O$105)+IF($D$7=4,($O$103)+IF($D75=$C$7+$D$7,$O$104,0),0),0)) -> 0 | E76: =(IF($E75<>"",($E$7*$O$105)+IF($E$7=4,($O$103)+IF($E75=$E$7+$F$7,$O$104,0),0),0)+IF($F75<>"",($F$7*$O$105)+IF($F$7=4,($O$103)+IF($F75=$E$7+$F$7,$O$104,0),0),0)) -> 3 | G76: =(IF($G75<>"",($G$7*$O$105)+IF($G$7=4,($O$103)+IF($G75=$G$7+$H$7,$O$104,0),0),0)+IF($H75<>"",($H$7*$O$105)+IF($H$7=4,($O$103)+IF($H75=$G$7+$H$7,$O$104,0),0),0)) -> 3 | I76: =(IF($I75<>"",($I$7*$O$105)+IF($I$7=4,($O$103)+IF($I75=$I$7+$J$7,$O$104,0),0),0)+IF($J75<>"",($J$7*$O$105)+IF($J$7=4,($O$103)+IF($J75=$I$7+$J$7,$O$104,0),0),0)) -> 0 | K76: =(IF($K75<>"",($K$7*$O$105)+IF($K$7=4,($O$103)+IF($K75=$K$7+$L$7,$O$104,0),0),0)+IF($L75<>"",($L$7*$O$105)+IF($L$7=4,($O$103)+IF($L75=$K$7+$L$7,$O$104,0),0),0)) -> 1 | M76: =(IF($M75<>"",($M$7*$O$105)+IF($M$7=4,($O$103)+IF($M75=$M$7+$N$7,$O$104,0),0),0)+IF($N75<>"",($N$7*$O$105)+IF($N$7=4,($O$103)+IF($N75=$M$7+$N$7,$O$104,0),0),0)) -> 2 | O76: =(IF($O75<>"",($O$7*$O$105)+IF($O$7=4,($O$103)+IF($O75=$O$7+$P$7,$O$104,0),0),0)+IF($P75<>"",($P$7*$O$105)+IF($P$7=4,($O$103)+IF($P75=$O$7+$P$7,$O$104,0),0),0)) -> 2 | Q76: =(IF($Q75<>"",($Q$7*$O$105)+IF($Q$7=4,($O$103)+IF($Q75=$Q$7+$R$7,$O$104,0),0),0)+IF($R75<>"",($R$7*$O$105)+IF($R$7=4,($O$103)+IF($R75=$Q$7+$R$7,$O$104,0),0),0)) -> 3 | T76: =(IF($T75<>"",($T$7*$P$105)+IF($T$7=4,($P$103)+IF($T75=$T$7+$U$7,$P$104,0),0),0)+IF($U75<>"",($U$7*$P$105)+IF($U$7=4,($P$103)+IF($U75=$T$7+$U$7,$P$104,0),0),0)) -> 2 | V76: =(IF($V75<>"",($V$7*$P$105)+IF($V$7=4,($P$103)+IF($V75=$V$7+$W$7,$P$104,0),0),0)+IF($W75<>"",($W$7*$P$105)+IF($W$7=4,($P$103)+IF($W75=$V$7+$W$7,$P$104,0),0),0)) -> 0 | X76: =(IF($X75<>"",($X$7*$P$105)+IF($X$7=4,($P$103)+IF($X75=$X$7+$Y$7,$P$104,0),0),0)+IF($Y75<>"",($Y$7*$P$105)+IF($Y$7=4,($P$103)+IF($Y75=$X$7+$Y$7,$P$104,0),0),0)) -> 14 | Z76: =(IF($Z75<>"",($Z$7*$P$105)+IF($Z$7=4,($P$103)+IF($Z75=$Z$7+$AA$7,$P$104,0),0),0)+IF($AA75<>"",($AA$7*$P$105)+IF($AA$7=4,($P$103)+IF($AA75=$Z$7+$AA$7,$P$104,0),0),0)) -> 14 | AC76: =(IF($AC75<>"",($AC$7*$Q$105)+IF($AC$7=4,($Q$103)+IF($AC75=$AC$7+$AD$7,$Q$104,0),0),0)+IF($AD75<>"",($AD$7*$Q$105)+IF($AD$7=4,($Q$103)+IF($AD75=$AC$7+$AD$7,$Q$104,0),0),0)) -> 19 | AE76: =(IF($AE75<>"",($AE$7*$Q$105)+IF($AE$7=4,($Q$103)+IF($AE75=$AE$7+$AF$7,$Q$104,0),0),0)+IF($AF75<>"",($AF$7*$Q$105)+IF($AF$7=4,($Q$103)+IF($AF75=$AE$7+$AF$7,$Q$104,0),0),0)) -> 19 | AH76: =(IF($AH75<>"",($AH$7*$Q$105)+IF($AH$7=4,($R$103)+IF($AH75=$AH$7+$AI$7,$R$104,0),0),0)+IF($AI75<>"",($AI$7*$R$105)+IF($AI$7=4,($R$103)+IF($AI75=$AH$7+$AI$7,$R$104,0),0),0)) -> 3
B77: Prédiction équipe | C77: =IF(ISBLANK(C75), 0, IF(C$7= 4, 1, 0)) -> 0 | D77: =IF(ISBLANK(D75), 0, IF(D$7 = 4, 1, 0)) -> 0 | E77: =IF(ISBLANK(E75), 0, IF(E$7= 4, 1, 0)) -> 0 | F77: =IF(ISBLANK(F75), 0, IF(F$7 = 4, 1, 0)) -> 0 | G77: =IF(ISBLANK(G75), 0, IF(G$7= 4, 1, 0)) -> 0 | H77: =IF(ISBLANK(H75), 0, IF(H$7 = 4, 1, 0)) -> 0 | I77: =IF(ISBLANK(I75), 0, IF(I$7= 4, 1, 0)) -> 0 | J77: =IF(ISBLANK(J75), 0, IF(J$7 = 4, 1, 0)) -> 0 | K77: =IF(ISBLANK(K75), 0, IF(K$7= 4, 1, 0)) -> 0 | L77: =IF(ISBLANK(L75), 0, IF(L$7 = 4, 1, 0)) -> 0 | M77: =IF(ISBLANK(M75), 0, IF(M$7= 4, 1, 0)) -> 0 | N77: =IF(ISBLANK(N75), 0, IF(N$7 = 4, 1, 0)) -> 0 | O77: =IF(ISBLANK(O75), 0, IF(O$7= 4, 1, 0)) -> 0 | P77: =IF(ISBLANK(P75), 0, IF(P$7 = 4, 1, 0)) -> 0 | Q77: =IF(ISBLANK(Q75), 0, IF(Q$7= 4, 1, 0)) -> 0 | R77: =IF(ISBLANK(R75), 0, IF(R$7 = 4, 1, 0)) -> 0 | T77: =IF(ISBLANK(T75), 0, IF(T$7= 4, 1, 0)) -> 0 | U77: =IF(ISBLANK(U75), 0, IF(U$7 = 4, 1, 0)) -> 0 | V77: =IF(ISBLANK(V75), 0, IF(V$7= 4, 1, 0)) -> 0 | W77: =IF(ISBLANK(W75), 0, IF(W$7 = 4, 1, 0)) -> 0 | X77: =IF(ISBLANK(X75), 0, IF(X$7= 4, 1, 0)) -> 1 | Y77: =IF(ISBLANK(Y75), 0, IF(Y$7 = 4, 1, 0)) -> 0 | Z77: =IF(ISBLANK(Z75), 0, IF(Z$7= 4, 1, 0)) -> 1 | AA77: =IF(ISBLANK(AA75), 0, IF(AA$7 = 4, 1, 0)) -> 0 | AC77: =IF(ISBLANK(AC75), 0, IF(AC$7= 4, 1, 0)) -> 1 | AD77: =IF(ISBLANK(AD75), 0, IF(AD$7 = 4, 1, 0)) -> 0 | AE77: =IF(ISBLANK(AE75), 0, IF(AE$7= 4, 1, 0)) -> 0 | AF77: =IF(ISBLANK(AF75), 0, IF(AF$7 = 4, 1, 0)) -> 1 | AH77: =IF(ISBLANK(AH75), 0, IF(AH$7= 4, 1, 0)) -> 0 | AI77: =IF(ISBLANK(AI75), 0, IF(AI$7 = 4, 1, 0)) -> 0 | AK77: =SUM(C77:AI77) -> 4
B78: Prédiciton nb matchs | C78: =IF(C77 = 0, 0, IF(C75 = (C$7+D$7),1,0)) -> 0 | D78: =IF(D77 = 0, 0, IF(D75 = (C$7+D$7),1,0)) -> 0 | E78: =IF(E77 = 0, 0, IF(E75 = (E$7+F$7),1,0)) -> 0 | F78: =IF(F77 = 0, 0, IF(F75 = (E$7+F$7),1,0)) -> 0 | G78: =IF(G77 = 0, 0, IF(G75 = (G$7+H$7),1,0)) -> 0 | H78: =IF(H77 = 0, 0, IF(H75 = (G$7+H$7),1,0)) -> 0 | I78: =IF(I77 = 0, 0, IF(I75 = (I$7+J$7),1,0)) -> 0 | J78: =IF(J77 = 0, 0, IF(J75 = (I$7+J$7),1,0)) -> 0 | K78: =IF(K77 = 0, 0, IF(K75 = (K$7+L$7),1,0)) -> 0 | L78: =IF(L77 = 0, 0, IF(L75 = (K$7+L$7),1,0)) -> 0 | M78: =IF(M77 = 0, 0, IF(M75 = (M$7+N$7),1,0)) -> 0 | N78: =IF(N77 = 0, 0, IF(N75 = (M$7+N$7),1,0)) -> 0 | O78: =IF(O77 = 0, 0, IF(O75 = (O$7+P$7),1,0)) -> 0 | P78: =IF(P77 = 0, 0, IF(P75 = (O$7+P$7),1,0)) -> 0 | Q78: =IF(Q77 = 0, 0, IF(Q75 = (Q$7+R$7),1,0)) -> 0 | R78: =IF(R77 = 0, 0, IF(R75 = (Q$7+R$7),1,0)) -> 0 | T78: =IF(T77 = 0, 0, IF(T75 = (T$7+U$7),1,0)) -> 0 | U78: =IF(U77 = 0, 0, IF(U75 = (T$7+U$7),1,0)) -> 0 | V78: =IF(V77 = 0, 0, IF(V75 = (V$7+W$7),1,0)) -> 0 | W78: =IF(W77 = 0, 0, IF(W75 = (V$7+W$7),1,0)) -> 0 | X78: =IF(X77 = 0, 0, IF(X75 = (X$7+Y$7),1,0)) -> 0 | Y78: =IF(Y77 = 0, 0, IF(Y75 = (X$7+Y$7),1,0)) -> 0 | Z78: =IF(Z77 = 0, 0, IF(Z75 = (Z$7+AA$7),1,0)) -> 0 | AA78: =IF(AA77 = 0, 0, IF(AA75 = (Z$7+AA$7),1,0)) -> 0 | AC78: =IF(AC77 = 0, 0, IF(AC75 = (AC$7+AD$7),1,0)) -> 0 | AD78: =IF(AD77 = 0, 0, IF(AD75 = (AC$7+AD$7),1,0)) -> 0 | AE78: =IF(AE77 = 0, 0, IF(AE75 = (AE$7+AF$7),1,0)) -> 0 | AF78: =IF(AF77 = 0, 0, IF(AF75 = (AE$7+AF$7),1,0)) -> 0 | AH78: =IF(AH77 = 0, 0, IF(AH75 = (AH$7+AI$7),1,0)) -> 0 | AI78: =IF(AI77 = 0, 0, IF(AI75 = (AH$7+AI$7),1,0)) -> 0 | AK78: =SUM(C78:AI78) -> 0
A79: =RANK(AL79,$AL$11:$AL$98,) -> 18 | B79: Denis Desjardins | C79: 6 | F79: 7 | G79: 7 | J79: 6 | K79: 6 | M79: 7 | O79: 5 | R79: 6 | S79: =SUM(C80:R80) -> 14 | U79: 7 | V79: 6 | Y79: 6 | Z79: 6 | AB79: =SUM(T80:AA80) -> 19 | AD79: 7 | AF79: 7 | AG79: =SUM(AC80:AF80) -> 19 | AI79: 7 | AJ79: =AH80 -> 32 | AK79: =MAX($AL$11:$AL$98) - AL79 -> 53 | AL79: =$S79+$AB79+$AG79+$AJ79 -> 84
A80: =RANK(AL80,$AL$11:$AL$98,) -> #N/A | C80: =(IF($C79<>"",($C$7*$O$105)+IF($C$7=4,($O$103)+IF($C79=$C$7+$D$7,$O$104,0),0),0)+IF($D79<>"",($D$7*$O$105)+IF($D$7=4,($O$103)+IF($D79=$C$7+$D$7,$O$104,0),0),0)) -> 0 | E80: =(IF($E79<>"",($E$7*$O$105)+IF($E$7=4,($O$103)+IF($E79=$E$7+$F$7,$O$104,0),0),0)+IF($F79<>"",($F$7*$O$105)+IF($F$7=4,($O$103)+IF($F79=$E$7+$F$7,$O$104,0),0),0)) -> 3 | G80: =(IF($G79<>"",($G$7*$O$105)+IF($G$7=4,($O$103)+IF($G79=$G$7+$H$7,$O$104,0),0),0)+IF($H79<>"",($H$7*$O$105)+IF($H$7=4,($O$103)+IF($H79=$G$7+$H$7,$O$104,0),0),0)) -> 3 | I80: =(IF($I79<>"",($I$7*$O$105)+IF($I$7=4,($O$103)+IF($I79=$I$7+$J$7,$O$104,0),0),0)+IF($J79<>"",($J$7*$O$105)+IF($J$7=4,($O$103)+IF($J79=$I$7+$J$7,$O$104,0),0),0)) -> 0 | K80: =(IF($K79<>"",($K$7*$O$105)+IF($K$7=4,($O$103)+IF($K79=$K$7+$L$7,$O$104,0),0),0)+IF($L79<>"",($L$7*$O$105)+IF($L$7=4,($O$103)+IF($L79=$K$7+$L$7,$O$104,0),0),0)) -> 1 | M80: =(IF($M79<>"",($M$7*$O$105)+IF($M$7=4,($O$103)+IF($M79=$M$7+$N$7,$O$104,0),0),0)+IF($N79<>"",($N$7*$O$105)+IF($N$7=4,($O$103)+IF($N79=$M$7+$N$7,$O$104,0),0),0)) -> 2 | O80: =(IF($O79<>"",($O$7*$O$105)+IF($O$7=4,($O$103)+IF($O79=$O$7+$P$7,$O$104,0),0),0)+IF($P79<>"",($P$7*$O$105)+IF($P$7=4,($O$103)+IF($P79=$O$7+$P$7,$O$104,0),0),0)) -> 2 | Q80: =(IF($Q79<>"",($Q$7*$O$105)+IF($Q$7=4,($O$103)+IF($Q79=$Q$7+$R$7,$O$104,0),0),0)+IF($R79<>"",($R$7*$O$105)+IF($R$7=4,($O$103)+IF($R79=$Q$7+$R$7,$O$104,0),0),0)) -> 3 | T80: =(IF($T79<>"",($T$7*$P$105)+IF($T$7=4,($P$103)+IF($T79=$T$7+$U$7,$P$104,0),0),0)+IF($U79<>"",($U$7*$P$105)+IF($U$7=4,($P$103)+IF($U79=$T$7+$U$7,$P$104,0),0),0)) -> 2 | V80: =(IF($V79<>"",($V$7*$P$105)+IF($V$7=4,($P$103)+IF($V79=$V$7+$W$7,$P$104,0),0),0)+IF($W79<>"",($W$7*$P$105)+IF($W$7=4,($P$103)+IF($W79=$V$7+$W$7,$P$104,0),0),0)) -> 0 | X80: =(IF($X79<>"",($X$7*$P$105)+IF($X$7=4,($P$103)+IF($X79=$X$7+$Y$7,$P$104,0),0),0)+IF($Y79<>"",($Y$7*$P$105)+IF($Y$7=4,($P$103)+IF($Y79=$X$7+$Y$7,$P$104,0),0),0)) -> 3 | Z80: =(IF($Z79<>"",($Z$7*$P$105)+IF($Z$7=4,($P$103)+IF($Z79=$Z$7+$AA$7,$P$104,0),0),0)+IF($AA79<>"",($AA$7*$P$105)+IF($AA$7=4,($P$103)+IF($AA79=$Z$7+$AA$7,$P$104,0),0),0)) -> 14 | AC80: =(IF($AC79<>"",($AC$7*$Q$105)+IF($AC$7=4,($Q$103)+IF($AC79=$AC$7+$AD$7,$Q$104,0),0),0)+IF($AD79<>"",($AD$7*$Q$105)+IF($AD$7=4,($Q$103)+IF($AD79=$AC$7+$AD$7,$Q$104,0),0),0)) -> 0 | AE80: =(IF($AE79<>"",($AE$7*$Q$105)+IF($AE$7=4,($Q$103)+IF($AE79=$AE$7+$AF$7,$Q$104,0),0),0)+IF($AF79<>"",($AF$7*$Q$105)+IF($AF$7=4,($Q$103)+IF($AF79=$AE$7+$AF$7,$Q$104,0),0),0)) -> 19 | AH80: =(IF($AH79<>"",($AH$7*$Q$105)+IF($AH$7=4,($R$103)+IF($AH79=$AH$7+$AI$7,$R$104,0),0),0)+IF($AI79<>"",($AI$7*$R$105)+IF($AI$7=4,($R$103)+IF($AI79=$AH$7+$AI$7,$R$104,0),0),0)) -> 32
B81: Prédiction équipe | C81: =IF(ISBLANK(C79), 0, IF(C$7= 4, 1, 0)) -> 0 | D81: =IF(ISBLANK(D79), 0, IF(D$7 = 4, 1, 0)) -> 0 | E81: =IF(ISBLANK(E79), 0, IF(E$7= 4, 1, 0)) -> 0 | F81: =IF(ISBLANK(F79), 0, IF(F$7 = 4, 1, 0)) -> 0 | G81: =IF(ISBLANK(G79), 0, IF(G$7= 4, 1, 0)) -> 0 | H81: =IF(ISBLANK(H79), 0, IF(H$7 = 4, 1, 0)) -> 0 | I81: =IF(ISBLANK(I79), 0, IF(I$7= 4, 1, 0)) -> 0 | J81: =IF(ISBLANK(J79), 0, IF(J$7 = 4, 1, 0)) -> 0 | K81: =IF(ISBLANK(K79), 0, IF(K$7= 4, 1, 0)) -> 0 | L81: =IF(ISBLANK(L79), 0, IF(L$7 = 4, 1, 0)) -> 0 | M81: =IF(ISBLANK(M79), 0, IF(M$7= 4, 1, 0)) -> 0 | N81: =IF(ISBLANK(N79), 0, IF(N$7 = 4, 1, 0)) -> 0 | O81: =IF(ISBLANK(O79), 0, IF(O$7= 4, 1, 0)) -> 0 | P81: =IF(ISBLANK(P79), 0, IF(P$7 = 4, 1, 0)) -> 0 | Q81: =IF(ISBLANK(Q79), 0, IF(Q$7= 4, 1, 0)) -> 0 | R81: =IF(ISBLANK(R79), 0, IF(R$7 = 4, 1, 0)) -> 0 | T81: =IF(ISBLANK(T79), 0, IF(T$7= 4, 1, 0)) -> 0 | U81: =IF(ISBLANK(U79), 0, IF(U$7 = 4, 1, 0)) -> 0 | V81: =IF(ISBLANK(V79), 0, IF(V$7= 4, 1, 0)) -> 0 | W81: =IF(ISBLANK(W79), 0, IF(W$7 = 4, 1, 0)) -> 0 | X81: =IF(ISBLANK(X79), 0, IF(X$7= 4, 1, 0)) -> 0 | Y81: =IF(ISBLANK(Y79), 0, IF(Y$7 = 4, 1, 0)) -> 0 | Z81: =IF(ISBLANK(Z79), 0, IF(Z$7= 4, 1, 0)) -> 1 | AA81: =IF(ISBLANK(AA79), 0, IF(AA$7 = 4, 1, 0)) -> 0 | AC81: =IF(ISBLANK(AC79), 0, IF(AC$7= 4, 1, 0)) -> 0 | AD81: =IF(ISBLANK(AD79), 0, IF(AD$7 = 4, 1, 0)) -> 0 | AE81: =IF(ISBLANK(AE79), 0, IF(AE$7= 4, 1, 0)) -> 0 | AF81: =IF(ISBLANK(AF79), 0, IF(AF$7 = 4, 1, 0)) -> 1 | AH81: =IF(ISBLANK(AH79), 0, IF(AH$7= 4, 1, 0)) -> 0 | AI81: =IF(ISBLANK(AI79), 0, IF(AI$7 = 4, 1, 0)) -> 1 | AK81: =SUM(C81:AI81) -> 3
B82: Prédiciton nb matchs | C82: =IF(C81 = 0, 0, IF(C79 = (C$7+D$7),1,0)) -> 0 | D82: =IF(D81 = 0, 0, IF(D79 = (C$7+D$7),1,0)) -> 0 | E82: =IF(E81 = 0, 0, IF(E79 = (E$7+F$7),1,0)) -> 0 | F82: =IF(F81 = 0, 0, IF(F79 = (E$7+F$7),1,0)) -> 0 | G82: =IF(G81 = 0, 0, IF(G79 = (G$7+H$7),1,0)) -> 0 | H82: =IF(H81 = 0, 0, IF(H79 = (G$7+H$7),1,0)) -> 0 | I82: =IF(I81 = 0, 0, IF(I79 = (I$7+J$7),1,0)) -> 0 | J82: =IF(J81 = 0, 0, IF(J79 = (I$7+J$7),1,0)) -> 0 | K82: =IF(K81 = 0, 0, IF(K79 = (K$7+L$7),1,0)) -> 0 | L82: =IF(L81 = 0, 0, IF(L79 = (K$7+L$7),1,0)) -> 0 | M82: =IF(M81 = 0, 0, IF(M79 = (M$7+N$7),1,0)) -> 0 | N82: =IF(N81 = 0, 0, IF(N79 = (M$7+N$7),1,0)) -> 0 | O82: =IF(O81 = 0, 0, IF(O79 = (O$7+P$7),1,0)) -> 0 | P82: =IF(P81 = 0, 0, IF(P79 = (O$7+P$7),1,0)) -> 0 | Q82: =IF(Q81 = 0, 0, IF(Q79 = (Q$7+R$7),1,0)) -> 0 | R82: =IF(R81 = 0, 0, IF(R79 = (Q$7+R$7),1,0)) -> 0 | T82: =IF(T81 = 0, 0, IF(T79 = (T$7+U$7),1,0)) -> 0 | U82: =IF(U81 = 0, 0, IF(U79 = (T$7+U$7),1,0)) -> 0 | V82: =IF(V81 = 0, 0, IF(V79 = (V$7+W$7),1,0)) -> 0 | W82: =IF(W81 = 0, 0, IF(W79 = (V$7+W$7),1,0)) -> 0 | X82: =IF(X81 = 0, 0, IF(X79 = (X$7+Y$7),1,0)) -> 0 | Y82: =IF(Y81 = 0, 0, IF(Y79 = (X$7+Y$7),1,0)) -> 0 | Z82: =IF(Z81 = 0, 0, IF(Z79 = (Z$7+AA$7),1,0)) -> 0 | AA82: =IF(AA81 = 0, 0, IF(AA79 = (Z$7+AA$7),1,0)) -> 0 | AC82: =IF(AC81 = 0, 0, IF(AC79 = (AC$7+AD$7),1,0)) -> 0 | AD82: =IF(AD81 = 0, 0, IF(AD79 = (AC$7+AD$7),1,0)) -> 0 | AE82: =IF(AE81 = 0, 0, IF(AE79 = (AE$7+AF$7),1,0)) -> 0 | AF82: =IF(AF81 = 0, 0, IF(AF79 = (AE$7+AF$7),1,0)) -> 0 | AH82: =IF(AH81 = 0, 0, IF(AH79 = (AH$7+AI$7),1,0)) -> 0 | AI82: =IF(AI81 = 0, 0, IF(AI79 = (AH$7+AI$7),1,0)) -> 1 | AK82: =SUM(C82:AI82) -> 1
A83: =RANK(AL83,$AL$11:$AL$98,) -> 19 | B83: France Boileau | C83: 5 | E83: 6 | G83: 5 | J83: 6 | K83: 6 | M83: 7 | O83: 6 | R83: 6 | S83: =SUM(C84:R84) -> 20 | U83: 6 | V83: 7 | X83: 6 | Z83: 7 | AB83: =SUM(T84:AA84) -> 34 | AC83: 5 | AE83: 7 | AG83: =SUM(AC84:AF84) -> 21 | AH83: 7 | AJ83: =AH84 -> 3 | AK83: =MAX($AL$11:$AL$98) - AL83 -> 59 | AL83: =$S83+$AB83+$AG83+$AJ83 -> 78
A84: =RANK(AL84,$AL$11:$AL$98,) -> #N/A | C84: =(IF($C83<>"",($C$7*$O$105)+IF($C$7=4,($O$103)+IF($C83=$C$7+$D$7,$O$104,0),0),0)+IF($D83<>"",($D$7*$O$105)+IF($D$7=4,($O$103)+IF($D83=$C$7+$D$7,$O$104,0),0),0)) -> 0 | E84: =(IF($E83<>"",($E$7*$O$105)+IF($E$7=4,($O$103)+IF($E83=$E$7+$F$7,$O$104,0),0),0)+IF($F83<>"",($F$7*$O$105)+IF($F$7=4,($O$103)+IF($F83=$E$7+$F$7,$O$104,0),0),0)) -> 9 | G84: =(IF($G83<>"",($G$7*$O$105)+IF($G$7=4,($O$103)+IF($G83=$G$7+$H$7,$O$104,0),0),0)+IF($H83<>"",($H$7*$O$105)+IF($H$7=4,($O$103)+IF($H83=$G$7+$H$7,$O$104,0),0),0)) -> 3 | I84: =(IF($I83<>"",($I$7*$O$105)+IF($I$7=4,($O$103)+IF($I83=$I$7+$J$7,$O$104,0),0),0)+IF($J83<>"",($J$7*$O$105)+IF($J$7=4,($O$103)+IF($J83=$I$7+$J$7,$O$104,0),0),0)) -> 0 | K84: =(IF($K83<>"",($K$7*$O$105)+IF($K$7=4,($O$103)+IF($K83=$K$7+$L$7,$O$104,0),0),0)+IF($L83<>"",($L$7*$O$105)+IF($L$7=4,($O$103)+IF($L83=$K$7+$L$7,$O$104,0),0),0)) -> 1 | M84: =(IF($M83<>"",($M$7*$O$105)+IF($M$7=4,($O$103)+IF($M83=$M$7+$N$7,$O$104,0),0),0)+IF($N83<>"",($N$7*$O$105)+IF($N$7=4,($O$103)+IF($N83=$M$7+$N$7,$O$104,0),0),0)) -> 2 | O84: =(IF($O83<>"",($O$7*$O$105)+IF($O$7=4,($O$103)+IF($O83=$O$7+$P$7,$O$104,0),0),0)+IF($P83<>"",($P$7*$O$105)+IF($P$7=4,($O$103)+IF($P83=$O$7+$P$7,$O$104,0),0),0)) -> 2 | Q84: =(IF($Q83<>"",($Q$7*$O$105)+IF($Q$7=4,($O$103)+IF($Q83=$Q$7+$R$7,$O$104,0),0),0)+IF($R83<>"",($R$7*$O$105)+IF($R$7=4,($O$103)+IF($R83=$Q$7+$R$7,$O$104,0),0),0)) -> 3 | T84: =(IF($T83<>"",($T$7*$P$105)+IF($T$7=4,($P$103)+IF($T83=$T$7+$U$7,$P$104,0),0),0)+IF($U83<>"",($U$7*$P$105)+IF($U$7=4,($P$103)+IF($U83=$T$7+$U$7,$P$104,0),0),0)) -> 2 | V84: =(IF($V83<>"",($V$7*$P$105)+IF($V$7=4,($P$103)+IF($V83=$V$7+$W$7,$P$104,0),0),0)+IF($W83<>"",($W$7*$P$105)+IF($W$7=4,($P$103)+IF($W83=$V$7+$W$7,$P$104,0),0),0)) -> 0 | X84: =(IF($X83<>"",($X$7*$P$105)+IF($X$7=4,($P$103)+IF($X83=$X$7+$Y$7,$P$104,0),0),0)+IF($Y83<>"",($Y$7*$P$105)+IF($Y$7=4,($P$103)+IF($Y83=$X$7+$Y$7,$P$104,0),0),0)) -> 14 | Z84: =(IF($Z83<>"",($Z$7*$P$105)+IF($Z$7=4,($P$103)+IF($Z83=$Z$7+$AA$7,$P$104,0),0),0)+IF($AA83<>"",($AA$7*$P$105)+IF($AA$7=4,($P$103)+IF($AA83=$Z$7+$AA$7,$P$104,0),0),0)) -> 18 | AC84: =(IF($AC83<>"",($AC$7*$Q$105)+IF($AC$7=4,($Q$103)+IF($AC83=$AC$7+$AD$7,$Q$104,0),0),0)+IF($AD83<>"",($AD$7*$Q$105)+IF($AD$7=4,($Q$103)+IF($AD83=$AC$7+$AD$7,$Q$104,0),0),0)) -> 19 | AE84: =(IF($AE83<>"",($AE$7*$Q$105)+IF($AE$7=4,($Q$103)+IF($AE83=$AE$7+$AF$7,$Q$104,0),0),0)+IF($AF83<>"",($AF$7*$Q$105)+IF($AF$7=4,($Q$103)+IF($AF83=$AE$7+$AF$7,$Q$104,0),0),0)) -> 2 | AH84: =(IF($AH83<>"",($AH$7*$Q$105)+IF($AH$7=4,($R$103)+IF($AH83=$AH$7+$AI$7,$R$104,0),0),0)+IF($AI83<>"",($AI$7*$R$105)+IF($AI$7=4,($R$103)+IF($AI83=$AH$7+$AI$7,$R$104,0),0),0)) -> 3
B85: Prédiction équipe | C85: =IF(ISBLANK(C83), 0, IF(C$7= 4, 1, 0)) -> 0 | D85: =IF(ISBLANK(D83), 0, IF(D$7 = 4, 1, 0)) -> 0 | E85: =IF(ISBLANK(E83), 0, IF(E$7= 4, 1, 0)) -> 1 | F85: =IF(ISBLANK(F83), 0, IF(F$7 = 4, 1, 0)) -> 0 | G85: =IF(ISBLANK(G83), 0, IF(G$7= 4, 1, 0)) -> 0 | H85: =IF(ISBLANK(H83), 0, IF(H$7 = 4, 1, 0)) -> 0 | I85: =IF(ISBLANK(I83), 0, IF(I$7= 4, 1, 0)) -> 0 | J85: =IF(ISBLANK(J83), 0, IF(J$7 = 4, 1, 0)) -> 0 | K85: =IF(ISBLANK(K83), 0, IF(K$7= 4, 1, 0)) -> 0 | L85: =IF(ISBLANK(L83), 0, IF(L$7 = 4, 1, 0)) -> 0 | M85: =IF(ISBLANK(M83), 0, IF(M$7= 4, 1, 0)) -> 0 | N85: =IF(ISBLANK(N83), 0, IF(N$7 = 4, 1, 0)) -> 0 | O85: =IF(ISBLANK(O83), 0, IF(O$7= 4, 1, 0)) -> 0 | P85: =IF(ISBLANK(P83), 0, IF(P$7 = 4, 1, 0)) -> 0 | Q85: =IF(ISBLANK(Q83), 0, IF(Q$7= 4, 1, 0)) -> 0 | R85: =IF(ISBLANK(R83), 0, IF(R$7 = 4, 1, 0)) -> 0 | T85: =IF(ISBLANK(T83), 0, IF(T$7= 4, 1, 0)) -> 0 | U85: =IF(ISBLANK(U83), 0, IF(U$7 = 4, 1, 0)) -> 0 | V85: =IF(ISBLANK(V83), 0, IF(V$7= 4, 1, 0)) -> 0 | W85: =IF(ISBLANK(W83), 0, IF(W$7 = 4, 1, 0)) -> 0 | X85: =IF(ISBLANK(X83), 0, IF(X$7= 4, 1, 0)) -> 1 | Y85: =IF(ISBLANK(Y83), 0, IF(Y$7 = 4, 1, 0)) -> 0 | Z85: =IF(ISBLANK(Z83), 0, IF(Z$7= 4, 1, 0)) -> 1 | AA85: =IF(ISBLANK(AA83), 0, IF(AA$7 = 4, 1, 0)) -> 0 | AC85: =IF(ISBLANK(AC83), 0, IF(AC$7= 4, 1, 0)) -> 1 | AD85: =IF(ISBLANK(AD83), 0, IF(AD$7 = 4, 1, 0)) -> 0 | AE85: =IF(ISBLANK(AE83), 0, IF(AE$7= 4, 1, 0)) -> 0 | AF85: =IF(ISBLANK(AF83), 0, IF(AF$7 = 4, 1, 0)) -> 0 | AH85: =IF(ISBLANK(AH83), 0, IF(AH$7= 4, 1, 0)) -> 0 | AI85: =IF(ISBLANK(AI83), 0, IF(AI$7 = 4, 1, 0)) -> 0 | AK85: =SUM(C85:AI85) -> 4
B86: Prédiciton nb matchs | C86: =IF(C85 = 0, 0, IF(C83 = (C$7+D$7),1,0)) -> 0 | D86: =IF(D85 = 0, 0, IF(D83 = (C$7+D$7),1,0)) -> 0 | E86: =IF(E85 = 0, 0, IF(E83 = (E$7+F$7),1,0)) -> 0 | F86: =IF(F85 = 0, 0, IF(F83 = (E$7+F$7),1,0)) -> 0 | G86: =IF(G85 = 0, 0, IF(G83 = (G$7+H$7),1,0)) -> 0 | H86: =IF(H85 = 0, 0, IF(H83 = (G$7+H$7),1,0)) -> 0 | I86: =IF(I85 = 0, 0, IF(I83 = (I$7+J$7),1,0)) -> 0 | J86: =IF(J85 = 0, 0, IF(J83 = (I$7+J$7),1,0)) -> 0 | K86: =IF(K85 = 0, 0, IF(K83 = (K$7+L$7),1,0)) -> 0 | L86: =IF(L85 = 0, 0, IF(L83 = (K$7+L$7),1,0)) -> 0 | M86: =IF(M85 = 0, 0, IF(M83 = (M$7+N$7),1,0)) -> 0 | N86: =IF(N85 = 0, 0, IF(N83 = (M$7+N$7),1,0)) -> 0 | O86: =IF(O85 = 0, 0, IF(O83 = (O$7+P$7),1,0)) -> 0 | P86: =IF(P85 = 0, 0, IF(P83 = (O$7+P$7),1,0)) -> 0 | Q86: =IF(Q85 = 0, 0, IF(Q83 = (Q$7+R$7),1,0)) -> 0 | R86: =IF(R85 = 0, 0, IF(R83 = (Q$7+R$7),1,0)) -> 0 | T86: =IF(T85 = 0, 0, IF(T83 = (T$7+U$7),1,0)) -> 0 | U86: =IF(U85 = 0, 0, IF(U83 = (T$7+U$7),1,0)) -> 0 | V86: =IF(V85 = 0, 0, IF(V83 = (V$7+W$7),1,0)) -> 0 | W86: =IF(W85 = 0, 0, IF(W83 = (V$7+W$7),1,0)) -> 0 | X86: =IF(X85 = 0, 0, IF(X83 = (X$7+Y$7),1,0)) -> 0 | Y86: =IF(Y85 = 0, 0, IF(Y83 = (X$7+Y$7),1,0)) -> 0 | Z86: =IF(Z85 = 0, 0, IF(Z83 = (Z$7+AA$7),1,0)) -> 1 | AA86: =IF(AA85 = 0, 0, IF(AA83 = (Z$7+AA$7),1,0)) -> 0 | AC86: =IF(AC85 = 0, 0, IF(AC83 = (AC$7+AD$7),1,0)) -> 0 | AD86: =IF(AD85 = 0, 0, IF(AD83 = (AC$7+AD$7),1,0)) -> 0 | AE86: =IF(AE85 = 0, 0, IF(AE83 = (AE$7+AF$7),1,0)) -> 0 | AF86: =IF(AF85 = 0, 0, IF(AF83 = (AE$7+AF$7),1,0)) -> 0 | AH86: =IF(AH85 = 0, 0, IF(AH83 = (AH$7+AI$7),1,0)) -> 0 | AI86: =IF(AI85 = 0, 0, IF(AI83 = (AH$7+AI$7),1,0)) -> 0 | AK86: =SUM(C86:AI86) -> 1
A87: =RANK(AL87,$AL$11:$AL$98,) -> 20 | B87: Michel Boulianne | C87: 5 | E87: 6 | G87: 6 | J87: 6 | K87: 7 | M87: 6 | O87: 5 | R87: 6 | S87: =SUM(C88:R88) -> 20 | U87: 6 | V87: 6 | Y87: 5 | AA87: 6 | AB87: =SUM(T88:AA88) -> 8 | AD87: 5 | AF87: 5 | AG87: =SUM(AC88:AF88) -> 19 | AI87: 6 | AJ87: =AH88 -> 24 | AK87: =MAX($AL$11:$AL$98) - AL87 -> 66 | AL87: =$S87+$AB87+$AG87+$AJ87 -> 71
A88: =RANK(AL88,$AL$11:$AL$98,) -> #N/A | C88: =(IF($C87<>"",($C$7*$O$105)+IF($C$7=4,($O$103)+IF($C87=$C$7+$D$7,$O$104,0),0),0)+IF($D87<>"",($D$7*$O$105)+IF($D$7=4,($O$103)+IF($D87=$C$7+$D$7,$O$104,0),0),0)) -> 0 | E88: =(IF($E87<>"",($E$7*$O$105)+IF($E$7=4,($O$103)+IF($E87=$E$7+$F$7,$O$104,0),0),0)+IF($F87<>"",($F$7*$O$105)+IF($F$7=4,($O$103)+IF($F87=$E$7+$F$7,$O$104,0),0),0)) -> 9 | G88: =(IF($G87<>"",($G$7*$O$105)+IF($G$7=4,($O$103)+IF($G87=$G$7+$H$7,$O$104,0),0),0)+IF($H87<>"",($H$7*$O$105)+IF($H$7=4,($O$103)+IF($H87=$G$7+$H$7,$O$104,0),0),0)) -> 3 | I88: =(IF($I87<>"",($I$7*$O$105)+IF($I$7=4,($O$103)+IF($I87=$I$7+$J$7,$O$104,0),0),0)+IF($J87<>"",($J$7*$O$105)+IF($J$7=4,($O$103)+IF($J87=$I$7+$J$7,$O$104,0),0),0)) -> 0 | K88: =(IF($K87<>"",($K$7*$O$105)+IF($K$7=4,($O$103)+IF($K87=$K$7+$L$7,$O$104,0),0),0)+IF($L87<>"",($L$7*$O$105)+IF($L$7=4,($O$103)+IF($L87=$K$7+$L$7,$O$104,0),0),0)) -> 1 | M88: =(IF($M87<>"",($M$7*$O$105)+IF($M$7=4,($O$103)+IF($M87=$M$7+$N$7,$O$104,0),0),0)+IF($N87<>"",($N$7*$O$105)+IF($N$7=4,($O$103)+IF($N87=$M$7+$N$7,$O$104,0),0),0)) -> 2 | O88: =(IF($O87<>"",($O$7*$O$105)+IF($O$7=4,($O$103)+IF($O87=$O$7+$P$7,$O$104,0),0),0)+IF($P87<>"",($P$7*$O$105)+IF($P$7=4,($O$103)+IF($P87=$O$7+$P$7,$O$104,0),0),0)) -> 2 | Q88: =(IF($Q87<>"",($Q$7*$O$105)+IF($Q$7=4,($O$103)+IF($Q87=$Q$7+$R$7,$O$104,0),0),0)+IF($R87<>"",($R$7*$O$105)+IF($R$7=4,($O$103)+IF($R87=$Q$7+$R$7,$O$104,0),0),0)) -> 3 | T88: =(IF($T87<>"",($T$7*$P$105)+IF($T$7=4,($P$103)+IF($T87=$T$7+$U$7,$P$104,0),0),0)+IF($U87<>"",($U$7*$P$105)+IF($U$7=4,($P$103)+IF($U87=$T$7+$U$7,$P$104,0),0),0)) -> 2 | V88: =(IF($V87<>"",($V$7*$P$105)+IF($V$7=4,($P$103)+IF($V87=$V$7+$W$7,$P$104,0),0),0)+IF($W87<>"",($W$7*$P$105)+IF($W$7=4,($P$103)+IF($W87=$V$7+$W$7,$P$104,0),0),0)) -> 0 | X88: =(IF($X87<>"",($X$7*$P$105)+IF($X$7=4,($P$103)+IF($X87=$X$7+$Y$7,$P$104,0),0),0)+IF($Y87<>"",($Y$7*$P$105)+IF($Y$7=4,($P$103)+IF($Y87=$X$7+$Y$7,$P$104,0),0),0)) -> 3 | Z88: =(IF($Z87<>"",($Z$7*$P$105)+IF($Z$7=4,($P$103)+IF($Z87=$Z$7+$AA$7,$P$104,0),0),0)+IF($AA87<>"",($AA$7*$P$105)+IF($AA$7=4,($P$103)+IF($AA87=$Z$7+$AA$7,$P$104,0),0),0)) -> 3 | AC88: =(IF($AC87<>"",($AC$7*$Q$105)+IF($AC$7=4,($Q$103)+IF($AC87=$AC$7+$AD$7,$Q$104,0),0),0)+IF($AD87<>"",($AD$7*$Q$105)+IF($AD$7=4,($Q$103)+IF($AD87=$AC$7+$AD$7,$Q$104,0),0),0)) -> 0 | AE88: =(IF($AE87<>"",($AE$7*$Q$105)+IF($AE$7=4,($Q$103)+IF($AE87=$AE$7+$AF$7,$Q$104,0),0),0)+IF($AF87<>"",($AF$7*$Q$105)+IF($AF$7=4,($Q$103)+IF($AF87=$AE$7+$AF$7,$Q$104,0),0),0)) -> 19 | AH88: =(IF($AH87<>"",($AH$7*$Q$105)+IF($AH$7=4,($R$103)+IF($AH87=$AH$7+$AI$7,$R$104,0),0),0)+IF($AI87<>"",($AI$7*$R$105)+IF($AI$7=4,($R$103)+IF($AI87=$AH$7+$AI$7,$R$104,0),0),0)) -> 24
B89: Prédiction équipe | C89: =IF(ISBLANK(C87), 0, IF(C$7= 4, 1, 0)) -> 0 | D89: =IF(ISBLANK(D87), 0, IF(D$7 = 4, 1, 0)) -> 0 | E89: =IF(ISBLANK(E87), 0, IF(E$7= 4, 1, 0)) -> 1 | F89: =IF(ISBLANK(F87), 0, IF(F$7 = 4, 1, 0)) -> 0 | G89: =IF(ISBLANK(G87), 0, IF(G$7= 4, 1, 0)) -> 0 | H89: =IF(ISBLANK(H87), 0, IF(H$7 = 4, 1, 0)) -> 0 | I89: =IF(ISBLANK(I87), 0, IF(I$7= 4, 1, 0)) -> 0 | J89: =IF(ISBLANK(J87), 0, IF(J$7 = 4, 1, 0)) -> 0 | K89: =IF(ISBLANK(K87), 0, IF(K$7= 4, 1, 0)) -> 0 | L89: =IF(ISBLANK(L87), 0, IF(L$7 = 4, 1, 0)) -> 0 | M89: =IF(ISBLANK(M87), 0, IF(M$7= 4, 1, 0)) -> 0 | N89: =IF(ISBLANK(N87), 0, IF(N$7 = 4, 1, 0)) -> 0 | O89: =IF(ISBLANK(O87), 0, IF(O$7= 4, 1, 0)) -> 0 | P89: =IF(ISBLANK(P87), 0, IF(P$7 = 4, 1, 0)) -> 0 | Q89: =IF(ISBLANK(Q87), 0, IF(Q$7= 4, 1, 0)) -> 0 | R89: =IF(ISBLANK(R87), 0, IF(R$7 = 4, 1, 0)) -> 0 | T89: =IF(ISBLANK(T87), 0, IF(T$7= 4, 1, 0)) -> 0 | U89: =IF(ISBLANK(U87), 0, IF(U$7 = 4, 1, 0)) -> 0 | V89: =IF(ISBLANK(V87), 0, IF(V$7= 4, 1, 0)) -> 0 | W89: =IF(ISBLANK(W87), 0, IF(W$7 = 4, 1, 0)) -> 0 | X89: =IF(ISBLANK(X87), 0, IF(X$7= 4, 1, 0)) -> 0 | Y89: =IF(ISBLANK(Y87), 0, IF(Y$7 = 4, 1, 0)) -> 0 | Z89: =IF(ISBLANK(Z87), 0, IF(Z$7= 4, 1, 0)) -> 0 | AA89: =IF(ISBLANK(AA87), 0, IF(AA$7 = 4, 1, 0)) -> 0 | AC89: =IF(ISBLANK(AC87), 0, IF(AC$7= 4, 1, 0)) -> 0 | AD89: =IF(ISBLANK(AD87), 0, IF(AD$7 = 4, 1, 0)) -> 0 | AE89: =IF(ISBLANK(AE87), 0, IF(AE$7= 4, 1, 0)) -> 0 | AF89: =IF(ISBLANK(AF87), 0, IF(AF$7 = 4, 1, 0)) -> 1 | AH89: =IF(ISBLANK(AH87), 0, IF(AH$7= 4, 1, 0)) -> 0 | AI89: =IF(ISBLANK(AI87), 0, IF(AI$7 = 4, 1, 0)) -> 1 | AK89: =SUM(C89:AI89) -> 3
B90: Prédiciton nb matchs | C90: =IF(C89 = 0, 0, IF(C87 = (C$7+D$7),1,0)) -> 0 | D90: =IF(D89 = 0, 0, IF(D87 = (C$7+D$7),1,0)) -> 0 | E90: =IF(E89 = 0, 0, IF(E87 = (E$7+F$7),1,0)) -> 0 | F90: =IF(F89 = 0, 0, IF(F87 = (E$7+F$7),1,0)) -> 0 | G90: =IF(G89 = 0, 0, IF(G87 = (G$7+H$7),1,0)) -> 0 | H90: =IF(H89 = 0, 0, IF(H87 = (G$7+H$7),1,0)) -> 0 | I90: =IF(I89 = 0, 0, IF(I87 = (I$7+J$7),1,0)) -> 0 | J90: =IF(J89 = 0, 0, IF(J87 = (I$7+J$7),1,0)) -> 0 | K90: =IF(K89 = 0, 0, IF(K87 = (K$7+L$7),1,0)) -> 0 | L90: =IF(L89 = 0, 0, IF(L87 = (K$7+L$7),1,0)) -> 0 | M90: =IF(M89 = 0, 0, IF(M87 = (M$7+N$7),1,0)) -> 0 | N90: =IF(N89 = 0, 0, IF(N87 = (M$7+N$7),1,0)) -> 0 | O90: =IF(O89 = 0, 0, IF(O87 = (O$7+P$7),1,0)) -> 0 | P90: =IF(P89 = 0, 0, IF(P87 = (O$7+P$7),1,0)) -> 0 | Q90: =IF(Q89 = 0, 0, IF(Q87 = (Q$7+R$7),1,0)) -> 0 | R90: =IF(R89 = 0, 0, IF(R87 = (Q$7+R$7),1,0)) -> 0 | T90: =IF(T89 = 0, 0, IF(T87 = (T$7+U$7),1,0)) -> 0 | U90: =IF(U89 = 0, 0, IF(U87 = (T$7+U$7),1,0)) -> 0 | V90: =IF(V89 = 0, 0, IF(V87 = (V$7+W$7),1,0)) -> 0 | W90: =IF(W89 = 0, 0, IF(W87 = (V$7+W$7),1,0)) -> 0 | X90: =IF(X89 = 0, 0, IF(X87 = (X$7+Y$7),1,0)) -> 0 | Y90: =IF(Y89 = 0, 0, IF(Y87 = (X$7+Y$7),1,0)) -> 0 | Z90: =IF(Z89 = 0, 0, IF(Z87 = (Z$7+AA$7),1,0)) -> 0 | AA90: =IF(AA89 = 0, 0, IF(AA87 = (Z$7+AA$7),1,0)) -> 0 | AC90: =IF(AC89 = 0, 0, IF(AC87 = (AC$7+AD$7),1,0)) -> 0 | AD90: =IF(AD89 = 0, 0, IF(AD87 = (AC$7+AD$7),1,0)) -> 0 | AE90: =IF(AE89 = 0, 0, IF(AE87 = (AE$7+AF$7),1,0)) -> 0 | AF90: =IF(AF89 = 0, 0, IF(AF87 = (AE$7+AF$7),1,0)) -> 0 | AH90: =IF(AH89 = 0, 0, IF(AH87 = (AH$7+AI$7),1,0)) -> 0 | AI90: =IF(AI89 = 0, 0, IF(AI87 = (AH$7+AI$7),1,0)) -> 0 | AK90: =SUM(C90:AI90) -> 0
A91: =RANK(AL91,$AL$11:$AL$98,) -> 21 | B91: Daniel Boucher | C91: 5 | F91: 7 | G91: 4 | J91: 7 | K91: 6 | M91: 6 | O91: 7 | R91: 6 | S91: =SUM(C92:R92) -> 14 | U91: 7 | V91: 5 | X91: 6 | Z91: 6 | AB91: =SUM(T92:AA92) -> 30 | AD91: 7 | AE91: 7 | AG91: =SUM(AC92:AF92) -> 2 | AI91: 6 | AJ91: =AH92 -> 24 | AK91: =MAX($AL$11:$AL$98) - AL91 -> 67 | AL91: =$S91+$AB91+$AG91+$AJ91 -> 70
A92: =RANK(AL92,$AL$11:$AL$98,) -> #N/A | C92: =(IF($C91<>"",($C$7*$O$105)+IF($C$7=4,($O$103)+IF($C91=$C$7+$D$7,$O$104,0),0),0)+IF($D91<>"",($D$7*$O$105)+IF($D$7=4,($O$103)+IF($D91=$C$7+$D$7,$O$104,0),0),0)) -> 0 | E92: =(IF($E91<>"",($E$7*$O$105)+IF($E$7=4,($O$103)+IF($E91=$E$7+$F$7,$O$104,0),0),0)+IF($F91<>"",($F$7*$O$105)+IF($F$7=4,($O$103)+IF($F91=$E$7+$F$7,$O$104,0),0),0)) -> 3 | G92: =(IF($G91<>"",($G$7*$O$105)+IF($G$7=4,($O$103)+IF($G91=$G$7+$H$7,$O$104,0),0),0)+IF($H91<>"",($H$7*$O$105)+IF($H$7=4,($O$103)+IF($H91=$G$7+$H$7,$O$104,0),0),0)) -> 3 | I92: =(IF($I91<>"",($I$7*$O$105)+IF($I$7=4,($O$103)+IF($I91=$I$7+$J$7,$O$104,0),0),0)+IF($J91<>"",($J$7*$O$105)+IF($J$7=4,($O$103)+IF($J91=$I$7+$J$7,$O$104,0),0),0)) -> 0 | K92: =(IF($K91<>"",($K$7*$O$105)+IF($K$7=4,($O$103)+IF($K91=$K$7+$L$7,$O$104,0),0),0)+IF($L91<>"",($L$7*$O$105)+IF($L$7=4,($O$103)+IF($L91=$K$7+$L$7,$O$104,0),0),0)) -> 1 | M92: =(IF($M91<>"",($M$7*$O$105)+IF($M$7=4,($O$103)+IF($M91=$M$7+$N$7,$O$104,0),0),0)+IF($N91<>"",($N$7*$O$105)+IF($N$7=4,($O$103)+IF($N91=$M$7+$N$7,$O$104,0),0),0)) -> 2 | O92: =(IF($O91<>"",($O$7*$O$105)+IF($O$7=4,($O$103)+IF($O91=$O$7+$P$7,$O$104,0),0),0)+IF($P91<>"",($P$7*$O$105)+IF($P$7=4,($O$103)+IF($P91=$O$7+$P$7,$O$104,0),0),0)) -> 2 | Q92: =(IF($Q91<>"",($Q$7*$O$105)+IF($Q$7=4,($O$103)+IF($Q91=$Q$7+$R$7,$O$104,0),0),0)+IF($R91<>"",($R$7*$O$105)+IF($R$7=4,($O$103)+IF($R91=$Q$7+$R$7,$O$104,0),0),0)) -> 3 | T92: =(IF($T91<>"",($T$7*$P$105)+IF($T$7=4,($P$103)+IF($T91=$T$7+$U$7,$P$104,0),0),0)+IF($U91<>"",($U$7*$P$105)+IF($U$7=4,($P$103)+IF($U91=$T$7+$U$7,$P$104,0),0),0)) -> 2 | V92: =(IF($V91<>"",($V$7*$P$105)+IF($V$7=4,($P$103)+IF($V91=$V$7+$W$7,$P$104,0),0),0)+IF($W91<>"",($W$7*$P$105)+IF($W$7=4,($P$103)+IF($W91=$V$7+$W$7,$P$104,0),0),0)) -> 0 | X92: =(IF($X91<>"",($X$7*$P$105)+IF($X$7=4,($P$103)+IF($X91=$X$7+$Y$7,$P$104,0),0),0)+IF($Y91<>"",($Y$7*$P$105)+IF($Y$7=4,($P$103)+IF($Y91=$X$7+$Y$7,$P$104,0),0),0)) -> 14 | Z92: =(IF($Z91<>"",($Z$7*$P$105)+IF($Z$7=4,($P$103)+IF($Z91=$Z$7+$AA$7,$P$104,0),0),0)+IF($AA91<>"",($AA$7*$P$105)+IF($AA$7=4,($P$103)+IF($AA91=$Z$7+$AA$7,$P$104,0),0),0)) -> 14 | AC92: =(IF($AC91<>"",($AC$7*$Q$105)+IF($AC$7=4,($Q$103)+IF($AC91=$AC$7+$AD$7,$Q$104,0),0),0)+IF($AD91<>"",($AD$7*$Q$105)+IF($AD$7=4,($Q$103)+IF($AD91=$AC$7+$AD$7,$Q$104,0),0),0)) -> 0 | AE92: =(IF($AE91<>"",($AE$7*$Q$105)+IF($AE$7=4,($Q$103)+IF($AE91=$AE$7+$AF$7,$Q$104,0),0),0)+IF($AF91<>"",($AF$7*$Q$105)+IF($AF$7=4,($Q$103)+IF($AF91=$AE$7+$AF$7,$Q$104,0),0),0)) -> 2 | AH92: =(IF($AH91<>"",($AH$7*$Q$105)+IF($AH$7=4,($R$103)+IF($AH91=$AH$7+$AI$7,$R$104,0),0),0)+IF($AI91<>"",($AI$7*$R$105)+IF($AI$7=4,($R$103)+IF($AI91=$AH$7+$AI$7,$R$104,0),0),0)) -> 24
B93: Prédiction équipe | C93: =IF(ISBLANK(C91), 0, IF(C$7= 4, 1, 0)) -> 0 | D93: =IF(ISBLANK(D91), 0, IF(D$7 = 4, 1, 0)) -> 0 | E93: =IF(ISBLANK(E91), 0, IF(E$7= 4, 1, 0)) -> 0 | F93: =IF(ISBLANK(F91), 0, IF(F$7 = 4, 1, 0)) -> 0 | G93: =IF(ISBLANK(G91), 0, IF(G$7= 4, 1, 0)) -> 0 | H93: =IF(ISBLANK(H91), 0, IF(H$7 = 4, 1, 0)) -> 0 | I93: =IF(ISBLANK(I91), 0, IF(I$7= 4, 1, 0)) -> 0 | J93: =IF(ISBLANK(J91), 0, IF(J$7 = 4, 1, 0)) -> 0 | K93: =IF(ISBLANK(K91), 0, IF(K$7= 4, 1, 0)) -> 0 | L93: =IF(ISBLANK(L91), 0, IF(L$7 = 4, 1, 0)) -> 0 | M93: =IF(ISBLANK(M91), 0, IF(M$7= 4, 1, 0)) -> 0 | N93: =IF(ISBLANK(N91), 0, IF(N$7 = 4, 1, 0)) -> 0 | O93: =IF(ISBLANK(O91), 0, IF(O$7= 4, 1, 0)) -> 0 | P93: =IF(ISBLANK(P91), 0, IF(P$7 = 4, 1, 0)) -> 0 | Q93: =IF(ISBLANK(Q91), 0, IF(Q$7= 4, 1, 0)) -> 0 | R93: =IF(ISBLANK(R91), 0, IF(R$7 = 4, 1, 0)) -> 0 | T93: =IF(ISBLANK(T91), 0, IF(T$7= 4, 1, 0)) -> 0 | U93: =IF(ISBLANK(U91), 0, IF(U$7 = 4, 1, 0)) -> 0 | V93: =IF(ISBLANK(V91), 0, IF(V$7= 4, 1, 0)) -> 0 | W93: =IF(ISBLANK(W91), 0, IF(W$7 = 4, 1, 0)) -> 0 | X93: =IF(ISBLANK(X91), 0, IF(X$7= 4, 1, 0)) -> 1 | Y93: =IF(ISBLANK(Y91), 0, IF(Y$7 = 4, 1, 0)) -> 0 | Z93: =IF(ISBLANK(Z91), 0, IF(Z$7= 4, 1, 0)) -> 1 | AA93: =IF(ISBLANK(AA91), 0, IF(AA$7 = 4, 1, 0)) -> 0 | AC93: =IF(ISBLANK(AC91), 0, IF(AC$7= 4, 1, 0)) -> 0 | AD93: =IF(ISBLANK(AD91), 0, IF(AD$7 = 4, 1, 0)) -> 0 | AE93: =IF(ISBLANK(AE91), 0, IF(AE$7= 4, 1, 0)) -> 0 | AF93: =IF(ISBLANK(AF91), 0, IF(AF$7 = 4, 1, 0)) -> 0 | AH93: =IF(ISBLANK(AH91), 0, IF(AH$7= 4, 1, 0)) -> 0 | AI93: =IF(ISBLANK(AI91), 0, IF(AI$7 = 4, 1, 0)) -> 1 | AK93: =SUM(C93:AI93) -> 3
B94: Prédiciton nb matchs | C94: =IF(C93 = 0, 0, IF(C91 = (C$7+D$7),1,0)) -> 0 | D94: =IF(D93 = 0, 0, IF(D91 = (C$7+D$7),1,0)) -> 0 | E94: =IF(E93 = 0, 0, IF(E91 = (E$7+F$7),1,0)) -> 0 | F94: =IF(F93 = 0, 0, IF(F91 = (E$7+F$7),1,0)) -> 0 | G94: =IF(G93 = 0, 0, IF(G91 = (G$7+H$7),1,0)) -> 0 | H94: =IF(H93 = 0, 0, IF(H91 = (G$7+H$7),1,0)) -> 0 | I94: =IF(I93 = 0, 0, IF(I91 = (I$7+J$7),1,0)) -> 0 | J94: =IF(J93 = 0, 0, IF(J91 = (I$7+J$7),1,0)) -> 0 | K94: =IF(K93 = 0, 0, IF(K91 = (K$7+L$7),1,0)) -> 0 | L94: =IF(L93 = 0, 0, IF(L91 = (K$7+L$7),1,0)) -> 0 | M94: =IF(M93 = 0, 0, IF(M91 = (M$7+N$7),1,0)) -> 0 | N94: =IF(N93 = 0, 0, IF(N91 = (M$7+N$7),1,0)) -> 0 | O94: =IF(O93 = 0, 0, IF(O91 = (O$7+P$7),1,0)) -> 0 | P94: =IF(P93 = 0, 0, IF(P91 = (O$7+P$7),1,0)) -> 0 | Q94: =IF(Q93 = 0, 0, IF(Q91 = (Q$7+R$7),1,0)) -> 0 | R94: =IF(R93 = 0, 0, IF(R91 = (Q$7+R$7),1,0)) -> 0 | T94: =IF(T93 = 0, 0, IF(T91 = (T$7+U$7),1,0)) -> 0 | U94: =IF(U93 = 0, 0, IF(U91 = (T$7+U$7),1,0)) -> 0 | V94: =IF(V93 = 0, 0, IF(V91 = (V$7+W$7),1,0)) -> 0 | W94: =IF(W93 = 0, 0, IF(W91 = (V$7+W$7),1,0)) -> 0 | X94: =IF(X93 = 0, 0, IF(X91 = (X$7+Y$7),1,0)) -> 0 | Y94: =IF(Y93 = 0, 0, IF(Y91 = (X$7+Y$7),1,0)) -> 0 | Z94: =IF(Z93 = 0, 0, IF(Z91 = (Z$7+AA$7),1,0)) -> 0 | AA94: =IF(AA93 = 0, 0, IF(AA91 = (Z$7+AA$7),1,0)) -> 0 | AC94: =IF(AC93 = 0, 0, IF(AC91 = (AC$7+AD$7),1,0)) -> 0 | AD94: =IF(AD93 = 0, 0, IF(AD91 = (AC$7+AD$7),1,0)) -> 0 | AE94: =IF(AE93 = 0, 0, IF(AE91 = (AE$7+AF$7),1,0)) -> 0 | AF94: =IF(AF93 = 0, 0, IF(AF91 = (AE$7+AF$7),1,0)) -> 0 | AH94: =IF(AH93 = 0, 0, IF(AH91 = (AH$7+AI$7),1,0)) -> 0 | AI94: =IF(AI93 = 0, 0, IF(AI91 = (AH$7+AI$7),1,0)) -> 0 | AK94: =SUM(C94:AI94) -> 0
A95: =RANK(AL95,$AL$11:$AL$98,) -> 22 | B95: Marc Longpré | C95: 6 | E95: 6 | G95: 6 | J95: 7 | K95: 5 | M95: 7 | O95: 6 | R95: 6 | S95: =SUM(C96:R96) -> 20 | U95: 6 | W95: 6 | Y95: 7 | AA95: 6 | AB95: =SUM(T96:AA96) -> 22 | AC95: 6 | AE95: 6 | AG95: =SUM(AC96:AF96) -> 21 | AH95: 7 | AJ95: =AH96 -> 3 | AK95: =MAX($AL$11:$AL$98) - AL95 -> 71 | AL95: =$S95+$AB95+$AG95+$AJ95 -> 66
A96: =RANK(AL96,$AL$11:$AL$98,) -> #N/A | C96: =(IF($C95<>"",($C$7*$O$105)+IF($C$7=4,($O$103)+IF($C95=$C$7+$D$7,$O$104,0),0),0)+IF($D95<>"",($D$7*$O$105)+IF($D$7=4,($O$103)+IF($D95=$C$7+$D$7,$O$104,0),0),0)) -> 0 | E96: =(IF($E95<>"",($E$7*$O$105)+IF($E$7=4,($O$103)+IF($E95=$E$7+$F$7,$O$104,0),0),0)+IF($F95<>"",($F$7*$O$105)+IF($F$7=4,($O$103)+IF($F95=$E$7+$F$7,$O$104,0),0),0)) -> 9 | G96: =(IF($G95<>"",($G$7*$O$105)+IF($G$7=4,($O$103)+IF($G95=$G$7+$H$7,$O$104,0),0),0)+IF($H95<>"",($H$7*$O$105)+IF($H$7=4,($O$103)+IF($H95=$G$7+$H$7,$O$104,0),0),0)) -> 3 | I96: =(IF($I95<>"",($I$7*$O$105)+IF($I$7=4,($O$103)+IF($I95=$I$7+$J$7,$O$104,0),0),0)+IF($J95<>"",($J$7*$O$105)+IF($J$7=4,($O$103)+IF($J95=$I$7+$J$7,$O$104,0),0),0)) -> 0 | K96: =(IF($K95<>"",($K$7*$O$105)+IF($K$7=4,($O$103)+IF($K95=$K$7+$L$7,$O$104,0),0),0)+IF($L95<>"",($L$7*$O$105)+IF($L$7=4,($O$103)+IF($L95=$K$7+$L$7,$O$104,0),0),0)) -> 1 | M96: =(IF($M95<>"",($M$7*$O$105)+IF($M$7=4,($O$103)+IF($M95=$M$7+$N$7,$O$104,0),0),0)+IF($N95<>"",($N$7*$O$105)+IF($N$7=4,($O$103)+IF($N95=$M$7+$N$7,$O$104,0),0),0)) -> 2 | O96: =(IF($O95<>"",($O$7*$O$105)+IF($O$7=4,($O$103)+IF($O95=$O$7+$P$7,$O$104,0),0),0)+IF($P95<>"",($P$7*$O$105)+IF($P$7=4,($O$103)+IF($P95=$O$7+$P$7,$O$104,0),0),0)) -> 2 | Q96: =(IF($Q95<>"",($Q$7*$O$105)+IF($Q$7=4,($O$103)+IF($Q95=$Q$7+$R$7,$O$104,0),0),0)+IF($R95<>"",($R$7*$O$105)+IF($R$7=4,($O$103)+IF($R95=$Q$7+$R$7,$O$104,0),0),0)) -> 3 | T96: =(IF($T95<>"",($T$7*$P$105)+IF($T$7=4,($P$103)+IF($T95=$T$7+$U$7,$P$104,0),0),0)+IF($U95<>"",($U$7*$P$105)+IF($U$7=4,($P$103)+IF($U95=$T$7+$U$7,$P$104,0),0),0)) -> 2 | V96: =(IF($V95<>"",($V$7*$P$105)+IF($V$7=4,($P$103)+IF($V95=$V$7+$W$7,$P$104,0),0),0)+IF($W95<>"",($W$7*$P$105)+IF($W$7=4,($P$103)+IF($W95=$V$7+$W$7,$P$104,0),0),0)) -> 14 | X96: =(IF($X95<>"",($X$7*$P$105)+IF($X$7=4,($P$103)+IF($X95=$X$7+$Y$7,$P$104,0),0),0)+IF($Y95<>"",($Y$7*$P$105)+IF($Y$7=4,($P$103)+IF($Y95=$X$7+$Y$7,$P$104,0),0),0)) -> 3 | Z96: =(IF($Z95<>"",($Z$7*$P$105)+IF($Z$7=4,($P$103)+IF($Z95=$Z$7+$AA$7,$P$104,0),0),0)+IF($AA95<>"",($AA$7*$P$105)+IF($AA$7=4,($P$103)+IF($AA95=$Z$7+$AA$7,$P$104,0),0),0)) -> 3 | AC96: =(IF($AC95<>"",($AC$7*$Q$105)+IF($AC$7=4,($Q$103)+IF($AC95=$AC$7+$AD$7,$Q$104,0),0),0)+IF($AD95<>"",($AD$7*$Q$105)+IF($AD$7=4,($Q$103)+IF($AD95=$AC$7+$AD$7,$Q$104,0),0),0)) -> 19 | AE96: =(IF($AE95<>"",($AE$7*$Q$105)+IF($AE$7=4,($Q$103)+IF($AE95=$AE$7+$AF$7,$Q$104,0),0),0)+IF($AF95<>"",($AF$7*$Q$105)+IF($AF$7=4,($Q$103)+IF($AF95=$AE$7+$AF$7,$Q$104,0),0),0)) -> 2 | AH96: =(IF($AH95<>"",($AH$7*$Q$105)+IF($AH$7=4,($R$103)+IF($AH95=$AH$7+$AI$7,$R$104,0),0),0)+IF($AI95<>"",($AI$7*$R$105)+IF($AI$7=4,($R$103)+IF($AI95=$AH$7+$AI$7,$R$104,0),0),0)) -> 3
B97: Prédiction équipe | C97: =IF(ISBLANK(C95), 0, IF(C$7= 4, 1, 0)) -> 0 | D97: =IF(ISBLANK(D95), 0, IF(D$7 = 4, 1, 0)) -> 0 | E97: =IF(ISBLANK(E95), 0, IF(E$7= 4, 1, 0)) -> 1 | F97: =IF(ISBLANK(F95), 0, IF(F$7 = 4, 1, 0)) -> 0 | G97: =IF(ISBLANK(G95), 0, IF(G$7= 4, 1, 0)) -> 0 | H97: =IF(ISBLANK(H95), 0, IF(H$7 = 4, 1, 0)) -> 0 | I97: =IF(ISBLANK(I95), 0, IF(I$7= 4, 1, 0)) -> 0 | J97: =IF(ISBLANK(J95), 0, IF(J$7 = 4, 1, 0)) -> 0 | K97: =IF(ISBLANK(K95), 0, IF(K$7= 4, 1, 0)) -> 0 | L97: =IF(ISBLANK(L95), 0, IF(L$7 = 4, 1, 0)) -> 0 | M97: =IF(ISBLANK(M95), 0, IF(M$7= 4, 1, 0)) -> 0 | N97: =IF(ISBLANK(N95), 0, IF(N$7 = 4, 1, 0)) -> 0 | O97: =IF(ISBLANK(O95), 0, IF(O$7= 4, 1, 0)) -> 0 | P97: =IF(ISBLANK(P95), 0, IF(P$7 = 4, 1, 0)) -> 0 | Q97: =IF(ISBLANK(Q95), 0, IF(Q$7= 4, 1, 0)) -> 0 | R97: =IF(ISBLANK(R95), 0, IF(R$7 = 4, 1, 0)) -> 0 | T97: =IF(ISBLANK(T95), 0, IF(T$7= 4, 1, 0)) -> 0 | U97: =IF(ISBLANK(U95), 0, IF(U$7 = 4, 1, 0)) -> 0 | V97: =IF(ISBLANK(V95), 0, IF(V$7= 4, 1, 0)) -> 0 | W97: =IF(ISBLANK(W95), 0, IF(W$7 = 4, 1, 0)) -> 1 | X97: =IF(ISBLANK(X95), 0, IF(X$7= 4, 1, 0)) -> 0 | Y97: =IF(ISBLANK(Y95), 0, IF(Y$7 = 4, 1, 0)) -> 0 | Z97: =IF(ISBLANK(Z95), 0, IF(Z$7= 4, 1, 0)) -> 0 | AA97: =IF(ISBLANK(AA95), 0, IF(AA$7 = 4, 1, 0)) -> 0 | AC97: =IF(ISBLANK(AC95), 0, IF(AC$7= 4, 1, 0)) -> 1 | AD97: =IF(ISBLANK(AD95), 0, IF(AD$7 = 4, 1, 0)) -> 0 | AE97: =IF(ISBLANK(AE95), 0, IF(AE$7= 4, 1, 0)) -> 0 | AF97: =IF(ISBLANK(AF95), 0, IF(AF$7 = 4, 1, 0)) -> 0 | AH97: =IF(ISBLANK(AH95), 0, IF(AH$7= 4, 1, 0)) -> 0 | AI97: =IF(ISBLANK(AI95), 0, IF(AI$7 = 4, 1, 0)) -> 0 | AK97: =SUM(C97:AI97) -> 3
B98: Prédiciton nb matchs | C98: =IF(C97 = 0, 0, IF(C95 = (C$7+D$7),1,0)) -> 0 | D98: =IF(D97 = 0, 0, IF(D95 = (C$7+D$7),1,0)) -> 0 | E98: =IF(E97 = 0, 0, IF(E95 = (E$7+F$7),1,0)) -> 0 | F98: =IF(F97 = 0, 0, IF(F95 = (E$7+F$7),1,0)) -> 0 | G98: =IF(G97 = 0, 0, IF(G95 = (G$7+H$7),1,0)) -> 0 | H98: =IF(H97 = 0, 0, IF(H95 = (G$7+H$7),1,0)) -> 0 | I98: =IF(I97 = 0, 0, IF(I95 = (I$7+J$7),1,0)) -> 0 | J98: =IF(J97 = 0, 0, IF(J95 = (I$7+J$7),1,0)) -> 0 | K98: =IF(K97 = 0, 0, IF(K95 = (K$7+L$7),1,0)) -> 0 | L98: =IF(L97 = 0, 0, IF(L95 = (K$7+L$7),1,0)) -> 0 | M98: =IF(M97 = 0, 0, IF(M95 = (M$7+N$7),1,0)) -> 0 | N98: =IF(N97 = 0, 0, IF(N95 = (M$7+N$7),1,0)) -> 0 | O98: =IF(O97 = 0, 0, IF(O95 = (O$7+P$7),1,0)) -> 0 | P98: =IF(P97 = 0, 0, IF(P95 = (O$7+P$7),1,0)) -> 0 | Q98: =IF(Q97 = 0, 0, IF(Q95 = (Q$7+R$7),1,0)) -> 0 | R98: =IF(R97 = 0, 0, IF(R95 = (Q$7+R$7),1,0)) -> 0 | T98: =IF(T97 = 0, 0, IF(T95 = (T$7+U$7),1,0)) -> 0 | U98: =IF(U97 = 0, 0, IF(U95 = (T$7+U$7),1,0)) -> 0 | V98: =IF(V97 = 0, 0, IF(V95 = (V$7+W$7),1,0)) -> 0 | W98: =IF(W97 = 0, 0, IF(W95 = (V$7+W$7),1,0)) -> 0 | X98: =IF(X97 = 0, 0, IF(X95 = (X$7+Y$7),1,0)) -> 0 | Y98: =IF(Y97 = 0, 0, IF(Y95 = (X$7+Y$7),1,0)) -> 0 | Z98: =IF(Z97 = 0, 0, IF(Z95 = (Z$7+AA$7),1,0)) -> 0 | AA98: =IF(AA97 = 0, 0, IF(AA95 = (Z$7+AA$7),1,0)) -> 0 | AC98: =IF(AC97 = 0, 0, IF(AC95 = (AC$7+AD$7),1,0)) -> 0 | AD98: =IF(AD97 = 0, 0, IF(AD95 = (AC$7+AD$7),1,0)) -> 0 | AE98: =IF(AE97 = 0, 0, IF(AE95 = (AE$7+AF$7),1,0)) -> 0 | AF98: =IF(AF97 = 0, 0, IF(AF95 = (AE$7+AF$7),1,0)) -> 0 | AH98: =IF(AH97 = 0, 0, IF(AH95 = (AH$7+AI$7),1,0)) -> 0 | AI98: =IF(AI97 = 0, 0, IF(AI95 = (AH$7+AI$7),1,0)) -> 0 | AK98: =SUM(C98:AI98) -> 0
C99: =COUNT(C11,C15,C19,C23,C27,C31,C35, C39, C43,C47,C51,C55,C59,C63,C67,C71,C75,C79,C83,C91,C95,C87) -> 22 | D99: =COUNT(D11,D15,D19,D23,D27,D31,D35, D39, D43,D47,D51,D55,D59,D63,D67,D71,D75,D79,D83,D91,D95,D87) -> 0 | E99: =COUNT(E11,E15,E19,E23,E27,E31,E35, E39, E43,E47,E51,E55,E59,E63,E67,E71,E75,E79,E83,E91,E95,E87) -> 18 | F99: =COUNT(F11,F15,F19,F23,F27,F31,F35, F39, F43,F47,F51,F55,F59,F63,F67,F71,F75,F79,F83,F91,F95,F87) -> 4 | G99: =COUNT(G11,G15,G19,G23,G27,G31,G35, G39, G43,G47,G51,G55,G59,G63,G67,G71,G75,G79,G83,G91,G95,G87) -> 19 | H99: =COUNT(H11,H15,H19,H23,H27,H31,H35, H39, H43,H47,H51,H55,H59,H63,H67,H71,H75,H79,H83,H91,H95,H87) -> 3 | I99: =COUNT(I11,I15,I19,I23,I27,I31,I35, I39, I43,I47,I51,I55,I59,I63,I67,I71,I75,I79,I83,I91,I95,I87) -> 4 | J99: =COUNT(J11,J15,J19,J23,J27,J31,J35, J39, J43,J47,J51,J55,J59,J63,J67,J71,J75,J79,J83,J91,J95,J87) -> 18 | ... R99: =COUNT(R11,R15,R19,R23,R27,R31,R35, R39, R43,R47,R51,R55,R59,R63,R67,R71,R75,R79,R83,R91,R95,R87) -> 15 | T99: =COUNT(T11,T15,T19,T23,T27,T31,T35, T39, T43,T47,T51,T55,T59,T63,T67,T71,T75,T79,T83,T91,T95,T87) -> 3 | U99: =COUNT(U11,U15,U19,U23,U27,U31,U35, U39, U43,U47,U51,U55,U59,U63,U67,U71,U75,U79,U83,U91,U95,U87) -> 19 | V99: =COUNT(V11,V15,V19,V23,V27,V31,V35, V39, V43,V47,V51,V55,V59,V63,V67,V71,V75,V79,V83,V91,V95,V87) -> 16 | W99: =COUNT(W11,W15,W19,W23,W27,W31,W35, W39, W43,W47,W51,W55,W59,W63,W67,W71,W75,W79,W83,W91,W95,W87) -> 6 | X99: =COUNT(X11,X15,X19,X23,X27,X31,X35, X39, X43,X47,X51,X55,X59,X63,X67,X71,X75,X79,X83,X91,X95,X87) -> 12 | Y99: =COUNT(Y11,Y15,Y19,Y23,Y27,Y31,Y35, Y39, Y43,Y47,Y51,Y55,Y59,Y63,Y67,Y71,Y75,Y79,Y83,Y91,Y95,Y87) -> 10 | Z99: =COUNT(Z11,Z15,Z19,Z23,Z27,Z31,Z35, Z39, Z43,Z47,Z51,Z55,Z59,Z63,Z67,Z71,Z75,Z79,Z83,Z91,Z95,Z87) -> 17 | AA99: =COUNT(AA11,AA15,AA19,AA23,AA27,AA31,AA35, AA39, AA43,AA47,AA51,AA55,AA59,AA63,AA67,AA71,AA75,AA79,AA83,AA91,AA95,AA87) -> 5 | AC99: =COUNT(AC11,AC15,AC19,AC23,AC27,AC31,AC35, AC39, AC43,AC47,AC51,AC55,AC59,AC63,AC67,AC71,AC75,AC79,AC83,AC87,AC91,AC95) -> 14 | AD99: =COUNT(AD11,AD15,AD19,AD23,AD27,AD31,AD35, AD39, AD43,AD47,AD51,AD55,AD59,AD63,AD67,AD71,AD75,AD79,AD83,AD87,AD91,AD95) -> 8 | AE99: =COUNT(AE11,AE15,AE19,AE23,AE27,AE31,AE35, AE39, AE43,AE47,AE51,AE55,AE59,AE63,AE67,AE71,AE75,AE79,AE83,AE87,AE91,AE95) -> 11 | AF99: =COUNT(AF11,AF15,AF19,AF23,AF27,AF31,AF35, AF39, AF43,AF47,AF51,AF55,AF59,AF63,AF67,AF71,AF75,AF79,AF83,AF87,AF91,AF95) -> 11 | AH99: =COUNT(AH11,AH15,AH19,AH23,AH27,AH31,AH35, AH39, AH43,AH47,AH51,AH55,AH59,AH63,AH67,AH71,AH75,AH79,AH83,AH87,AH91,AH95) -> 9 | AI99: =COUNT(AI11,AI15,AI19,AI23,AI27,AI31,AI35, AI39, AI43,AI47,AI51,AI55,AI59,AI63,AI67,AI71,AI75,AI79,AI83,AI87,AI91,AI95) -> 13
O101: RONDES
B102: SYSTÈME DE POINTAGE | O102: 1 | P102: 2 | Q102: 3 | R102: 4 | U102: INFORMATIONS | AG102: BOURSES
B103: Points pour les prédictions exactes des équipes | O103: 5 | P103: 10 | Q103: 15 | R103: 20 | U103: Nb. Participants | AB103: 22 | AG103: 1ère place | AK103: 230
...

Sheet Résultats
A3: A1 | B3: TAMPA BAY | C3: 3 | D3: 1 | E3: 1 | F3: 3 | J3: =IF(C3>C4,1,0)+IF(D3>D4,1,0)+IF(E3>E4,1,0)+IF(F3>F4,1,0)+IF(G3>G4,1,0)+IF(H3>H4,1,0)+IF(I3>I4,1,0) -> 0
A4: WC2 | B4: COLUMBUS | C4: 4 | D4: 5 | E4: 3 | F4: 7 | J4: =IF(C4>C3,1,0)+IF(D4>D3,1,0)+IF(E4>E3,1,0)+IF(F4>F3,1,0)+IF(G4>G3,1,0)+IF(H4>H3,1,0)+IF(I4>I3,1,0) -> 4
A6: A2 | B6: BOSTON | C6: 1 | D6: 4 | E6: 2 | F6: 6 | G6: 1 | H6: 4 | I6: 5 | J6: =IF(C6>C7,1,0)+IF(D6>D7,1,0)+IF(E6>E7,1,0)+IF(F6>F7,1,0)+IF(G6>G7,1,0)+IF(H6>H7,1,0)+IF(I6>I7,1,0) -> 4 | M6: A2 | N6: BOSTON | O6: 3 | P6: 2 | Q6: 1 | R6: 4 | S6: 4 | T6: 3 | V6: =IF(O6>O7,1,0)+IF(P6>P7,1,0)+IF(Q6>Q7,1,0)+IF(R6>R7,1,0)+IF(S6>S7,1,0)+IF(T6>T7,1,0)+IF(U6>U7,1,0) -> 4
A7: A3 | B7: TORONTO | C7: 4 | D7: 1 | E7: 3 | F7: 4 | G7: 2 | H7: 2 | I7: 1 | J7: =IF(C7>C6,1,0)+IF(D7>D6,1,0)+IF(E7>E6,1,0)+IF(F7>F6,1,0)+IF(G7>G6,1,0)+IF(H7>H6,1,0)+IF(I7>I6,1,0) -> 3 | M7: WC2 | N7: COLUMBUS | O7: 2 | P7: 3 | Q7: 2 | R7: 1 | S7: 3 | T7: 0 | V7: =IF(O7>O6,1,0)+IF(P7>P6,1,0)+IF(Q7>Q6,1,0)+IF(R7>R6,1,0)+IF(S7>S6,1,0)+IF(T7>T6,1,0)+IF(U7>U6,1,0) -> 2
Y8: A2 | Z8: BOSTON | AA8: 5 | AB8: 6 | AC8: 2 | AD8: 4 | AH8: =IF(AA8>AA9,1,0)+IF(AB8>AB9,1,0)+IF(AC8>AC9,1,0)+IF(AD8>AD9,1,0)+IF(AE8>AE9,1,0)+IF(AF8>AF9,1,0)+IF(AG8>AG9,1,0) -> 4
Y9: WC1 | Z9: CAROLINE | AA9: 2 | AB9: 2 | AC9: 1 | AD9: 0 | AH9: =IF(AA9>AA8,1,0)+IF(AB9>AB8,1,0)+IF(AC9>AC8,1,0)+IF(AD9>AD8,1,0)+IF(AE9>AE8,1,0)+IF(AF9>AF8,1,0)+IF(AG9>AG8,1,0) -> 0
A10: M1 | B10: WASHINGTON | C10: 4 | D10: 4 | F10: 1 | G10: 6 | H10: 2 | I10: 3 | J10: =IF(C10>C11,1,0)+IF(D10>D11,1,0)+IF(E10>E11,1,0)+IF(F10>F11,1,0)+IF(G10>G11,1,0)+IF(H10>H11,1,0)+IF(I10>I11,1,0) -> 3 | M10: M2 | N10: NEW YORK I. | O10: 0 | P10: 1 | Q10: 2 | R10: 2 | V10: =IF(O10>O11,1,0)+IF(P10>P11,1,0)+IF(Q10>Q11,1,0)+IF(R10>R11,1,0)+IF(S10>S11,1,0)+IF(T10>T11,1,0)+IF(U10>U11,1,0) -> 0
A11: WC1 | B11: CAROLINE | C11: 2 | D11: 3 | E11: 5 | F11: 2 | G11: 0 | H11: 5 | I11: 4 | J11: =IF(C11>C10,1,0)+IF(D11>D10,1,0)+IF(E11>E10,1,0)+IF(F11>F10,1,0)+IF(G11>G10,1,0)+IF(H11>H10,1,0)+IF(I11>I10,1,0) -> 4 | M11: WC1 | N11: CAROLINE | O11: 1 | P11: 2 | Q11: 5 | R11: 5 | V11: =IF(O11>O10,1,0)+IF(P11>P10,1,0)+IF(Q11>Q10,1,0)+IF(R11>R10,1,0)+IF(S11>S10,1,0)+IF(T11>T10,1,0)+IF(U11>U10,1,0) -> 4
E12: 0
A13: M2 | B13: NEW YORK I. | C13: 4 | D13: 3 | E13: 4 | F13: 3 | J13: =IF(C13>C14,1,0)+IF(D13>D14,1,0)+IF(E13>E14,1,0)+IF(F13>F14,1,0)+IF(G13>G14,1,0)+IF(H13>H14,1,0)+IF(I13>I14,1,0) -> 4
A14: M3 | B14: PITTSBURGH | C14: 3 | D14: 1 | E14: 1 | F14: 1 | J14: =IF(C14>C13,1,0)+IF(D14>D13,1,0)+IF(E14>E13,1,0)+IF(F14>F13,1,0)+IF(G14>G13,1,0)+IF(H14>H13,1,0)+IF(I14>I13,1,0) -> 0
Y15: A2 | Z15: BOSTON | AA15: 4 | AB15: 2 | AC15: 7 | AD15: 2 | AE15: 1 | AF15: 5 | AG15: 1 | AH15: =IF(AA15>AA16,1,0)+IF(AB15>AB16,1,0)+IF(AC15>AC16,1,0)+IF(AD15>AD16,1,0)+IF(AE15>AE16,1,0)+IF(AF15>AF16,1,0)+IF(AG15>AG16,1,0) -> 3
Y16: C3 | Z16: ST-LOUIS | AA16: 2 | AB16: 3 | AC16: 2 | AD16: 4 | AE16: 2 | AF16: 1 | AG16: 4 | AH16: =IF(AA16>AA15,1,0)+IF(AB16>AB15,1,0)+IF(AC16>AC15,1,0)+IF(AD16>AD15,1,0)+IF(AE16>AE15,1,0)+IF(AF16>AF15,1,0)+IF(AG16>AG15,1,0) -> 4
A17: C1 | B17: CALGARY | C17: 4 | D17: 2 | E17: 2 | F17: 2 | G17: 1 | J17: =IF(C17>C18,1,0)+IF(D17>D18,1,0)+IF(E17>E18,1,0)+IF(F17>F18,1,0)+IF(G17>G18,1,0)+IF(H17>H18,1,0)+IF(I17>I18,1,0) -> 1
A18: WC2 | B18: COLORADO | C18: 0 | D18: 3 | E18: 6 | F18: 3 | G18: 5 | J18: =IF(C18>C17,1,0)+IF(D18>D17,1,0)+IF(E18>E17,1,0)+IF(F18>F17,1,0)+IF(G18>G17,1,0)+IF(H18>H17,1,0)+IF(I18>I17,1,0) -> 4
A20: C2 | B20: WINNIPEG | C20: 1 | D20: 3 | E20: 6 | F20: 2 | G20: 2 | H20: 2 | J20: =IF(C20>C21,1,0)+IF(D20>D21,1,0)+IF(E20>E21,1,0)+IF(F20>F21,1,0)+IF(G20>G21,1,0)+IF(H20>H21,1,0)+IF(I20>I21,1,0) -> 2 | M20: P2 | N20: SAN JOSE | O20: 5 | P20: 3 | Q20: 4 | R20: 0 | S20: 2 | T20: 3 | U20: 3 | V20: =IF(O20>O21,1,0)+IF(P20>P21,1,0)+IF(Q20>Q21,1,0)+IF(R20>R21,1,0)+IF(S20>S21,1,0)+IF(T20>T21,1,0)+IF(U20>U21,1,0) -> 4
A21: C3 | B21: ST-LOUIS | C21: 2 | D21: 4 | E21: 3 | F21: 1 | G21: 3 | H21: 3 | J21: =IF(C21>C20,1,0)+IF(D21>D20,1,0)+IF(E21>E20,1,0)+IF(F21>F20,1,0)+IF(G21>G20,1,0)+IF(H21>H20,1,0)+IF(I21>I20,1,0) -> 4 | M21: WC2 | N21: COLORADO | O21: 2 | P21: 4 | Q21: 2 | R21: 3 | S21: 1 | T21: 4 | U21: 2 | V21: =IF(O21>O20,1,0)+IF(P21>P20,1,0)+IF(Q21>Q20,1,0)+IF(R21>R20,1,0)+IF(S21>S20,1,0)+IF(T21>T20,1,0)+IF(U21>U20,1,0) -> 3
Y22: P2 | Z22: SAN JOSE | AA22: 6 | AB22: 2 | AC22: 5 | AD22: 1 | AE22: 0 | AF22: 1 | AH22: =IF(AA22>AA23,1,0)+IF(AB22>AB23,1,0)+IF(AC22>AC23,1,0)+IF(AD22>AD23,1,0)+IF(AE22>AE23,1,0)+IF(AF22>AF23,1,0)+IF(AG22>AG23,1,0) -> 2
Y23: C3 | Z23: ST-LOUIS | AA23: 3 | AB23: 4 | AC23: 4 | AD23: 2 | AE23: 5 | AF23: 5 | AH23: =IF(AA23>AA22,1,0)+IF(AB23>AB22,1,0)+IF(AC23>AC22,1,0)+IF(AD23>AD22,1,0)+IF(AE23>AE22,1,0)+IF(AF23>AF22,1,0)+IF(AG23>AG22,1,0) -> 4
A24: P1 | B24: NASHVILLE | C24: 2 | D24: 2 | E24: 3 | F24: 1 | G24: 3 | H24: 2 | J24: =IF(C24>C25,1,0)+IF(D24>D25,1,0)+IF(E24>E25,1,0)+IF(F24>F25,1,0)+IF(G24>G25,1,0)+IF(H24>H25,1,0)+IF(I24>I25,1,0) -> 2 | M24: C3 | N24: ST-LOUIS | O24: 3 | P24: 2 | Q24: 4 | R24: 2 | S24: 1 | T24: 4 | U24: 2 | V24: =IF(O24>O25,1,0)+IF(P24>P25,1,0)+IF(Q24>Q25,1,0)+IF(R24>R25,1,0)+IF(S24>S25,1,0)+IF(T24>T25,1,0)+IF(U24>U25,1,0) -> 4
A25: WC1 | B25: DALLAS | C25: 3 | D25: 1 | E25: 2 | F25: 5 | G25: 5 | H25: 4 | J25: =IF(C25>C24,1,0)+IF(D25>D24,1,0)+IF(E25>E24,1,0)+IF(F25>F24,1,0)+IF(G25>G24,1,0)+IF(H25>H24,1,0)+IF(I25>I24,1,0) -> 4 | M25: WC1 | N25: DALLAS | O25: 2 | P25: 4 | Q25: 3 | R25: 4 | S25: 2 | T25: 1 | U25: 1 | V25: =IF(O25>O24,1,0)+IF(P25>P24,1,0)+IF(Q25>Q24,1,0)+IF(R25>R24,1,0)+IF(S25>S24,1,0)+IF(T25>T24,1,0)+IF(U25>U24,1,0) -> 3
A27: P2 | B27: SAN JOSE | C27: 5 | D27: 3 | E27: 3 | F27: 0 | G27: 5 | H27: 2 | I27: 5 | J27: =IF(C27>C28,1,0)+IF(D27>D28,1,0)+IF(E27>E28,1,0)+IF(F27>F28,1,0)+IF(G27>G28,1,0)+IF(H27>H28,1,0)+IF(I27>I28,1,0) -> 4
A28: P3 | B28: VEGAS | C28: 2 | D28: 5 | E28: 6 | F28: 5 | G28: 2 | H28: 1 | I28: 4 | J28: =IF(C28>C27,1,0)+IF(D28>D27,1,0)+IF(E28>E27,1,0)+IF(F28>F27,1,0)+IF(G28>G27,1,0)+IF(H28>H27,1,0)+IF(I28>I27,1,0) -> 3
